:020000040000fa
:020000041fc01b
:042ff400ffffffffdd
:020000040000fa
:020000041fc01b
:042ff800584becff47
:020000040000fa
:020000041fc01b
:042ffc00ffffff7f55
:020000040000fa
:020000041fc01b
:10000000089d1a3c90e65a270800400300000000b3
:020000040000fa
:020000041fc01b
:10038000029d1a3cc08c5a27080040030000000060
:020000040000fa
:020000041d07d6
:10f18000029d1a3c50805a270800400300000000ee
:020000040000fa
:020000041d07d6
:08f30000e514400b00000000c1
:020000040000fa
:020000041d07d6
:08f48000ba36400b0000000049
:020000040000fa
:020000041d07d6
:08f50000e21c400b00000000ba
:020000040000fa
:020000041d07d6
:08f60000981b400b0000000004
:020000040000fa
:020000041d07d6
:10e6900000601a40c0045a7f0500401300000000cb
:10e6a000029d1a3cd88c5a27080040030000000045
:10e6b00002a01d3c0000bd2701a01c3ce0819c275e
:10e6c0000260094020582001801e2a7d8449497d2e
:10e6d0000260894000e0dc4102608b40029d083c02
:10e6e000c88c082509f800010000000000a0083cc3
:10e6f0002802082501a0093cb4ac29250600001019
:10e7000000000000000000ad040000ad080000adf6
:10e710000c0000ad100008252b080901f9ff20149a
:10e7200000000000029d083cf46c082500a0093c94
:10e730000000292500a00a3c28024a2505000010f7
:10e740000000000000000b8d00002bad0400082528
:10e75000040029252b082a01faff201400000000dc
:10e760000000093c000029251d00201100000000c8
:10e77000029d083c1c6f082501a0093c00182925b2
:10e7800001a00a3c00184a2500000b8d00002badab
:10e7900004000825040029252b082a01faff20146b
:10e7a000000000000100093c0018292588bf0a3c30
:10e7b00010204a25000049ad0200093c000029252f
:10e7c00088bf0a3c20204a25000049ad0200093cd0
:10e7d0000000292588bf0a3c30204a25000049ada9
:10e7e00000488040ffff0a2400588a40089d093ce9
:10e7f00000f02925017889400000093c0100292505
:10e8000000000a2444492a7d01608a408000093cb6
:10e8100000688940008008408005097d404c09005f
:10e82000006008405800013c2440010125402801b7
:10e8300000608840029d083cd08c082509f8000142
:10e840000000000000600840bfff013cffff2134d2
:10e850002440010100608840000084300000a530a1
:10e86000009d083c00500825080000010000000041
:020000040000fa
:020000041d00dd
:105000002e50400f00000000ffff001000000000c5
:105010008c828487d0ffbd272c00bfaf2800b6af9d
:105020002400b5af2000b4af1c00b3af1800b2af7e
:105030001400b1af7f0080041000b0afc674400f01
:1050400000000000029d063c7424c58ccd73400f07
:105050002120400000a0043c282e95249c0da58e04
:105060003273400f21204000029d033c7824658c60
:105070003073400f21204000fc0fa38e21a0400080
:10508000bc8282af0100022432006250f00da48e77
:105090000200052474006510029d133cf00db68ecd
:1050a00021288002cd73400f2120c00221984000aa
:1050b00021208002212880023273400fbc8182af00
:1050c000212040003273400f2128c002b48182affa
:1050d000029d163c218840008024c48e3b74400f02
:1050e000d40da58e21a04000212060023b74400f0a
:1050f00021282002029d093c8824258dc16d400f86
:105100002120400021284000cd73400f2120800243
:10511000280ea48e1773400f2188400021284000dc
:10512000cd73400f212020022c00bf8f2800b68fa6
:105130002400b58f2000b48f1c00b38f1800b28fed
:105140001400b18f1000b08f3000bd270800e003bd
:10515000f48282af8c11b28e3073400f212840024e
:105160004c0ca48e218840003273400f212880000f
:10517000212840003b74400f21202002ca6a400fc2
:1051800021204000029d073c7c24e58c21884000c2
:1051900021208002cd73400fe88182af219840002a
:1051a000212880023273400f2120800221b040006c
:1051b000dd75400f2120200221284000cd73400fd3
:1051c0002120c00221804000212040023273400f84
:1051d00021284002212840003273400f2120000284
:1051e00021284000cd73400f21206002bc8182af96
:1051f000212020024776400f2198400021284000be
:105200003b74400f212080022120400021284000d3
:105210003273400fe88182af2128400021204002f4
:105220003273400f029d163c21884000aaff0010f7
:10523000b48191af029d0b3c8c246a8d2c00bf8ff2
:105240002800b68f2400b58f2000b48f1c00b38fc8
:105250001800b28f1400b18f1000b08f3000bd273e
:105260000800e003f4828aaff00da48e7c24658ee2
:10527000cd73400f029d163c212840002120800262
:105280003b74400f5c8182af8024c48e3073400f2a
:1052900021284000796c400f21204000029d083ced
:1052a0008424058d21a04000f00db08ee88182afee
:1052b000cd73400f2120000221204000cd73400f0c
:1052c0002128000221904000212880023273400fe3
:1052d000212080028c76400f212040007c24658ea6
:1052e000cd73400f21204000212840003073400f33
:1052f0002120800221284000cd73400f2120400250
:105300002198400021200002bc8182afcd73400f64
:1053100021288002218840006fff0010b48191afe6
:105320000001062488bf073c88bf083c7000192490
:1053300080bf183c80bf0f3c127a0e2480bf0d3c0a
:1053400000800c3480bf0b3c88bf0a3c1c00092441
:10535000140005240300042488bf023c88bf033cda
:10536000000819af1008e0ad2008aead08086cad1c
:10537000341046adb410e9acb81005adb410e4accf
:10538000b81000ad641046ac681066ac0800e003cd
:105390000000000000e85d4100701a4000601b4002
:1053a00078ffbd278400baaf8000bbaf44781b7c78
:1053b00000147b3700609b407400a2af7000a3af65
:1053c0006000bfaf5c00b9af5800b8af5400b0afd9
:1053d0005000afaf4c00aeaf4800adaf4400acaf33
:1053e0004000abaf3c00aaaf3800a9af3400a8af73
:1053f0003000a7af2c00a6af2800a5af2400a4afb3
:105400002000a1af12100000101800007c00a2af15
:105410007800a3af34828793000104240100e524bf
:105420002034057c88bf023c0300c32801001024ff
:10543000341044ac23006054348285a3d88288831e
:105440001600101100000000a4828d9300a00c3cf7
:105450000100a425205c047c65006a290c0040152d
:10546000282e8525029d193c580eaf8c9024388f2c
:10547000f6ff1f2402000e248c829fa7a48280a323
:105480000e00ee11f48298af0e000010348280a35b
:10549000a48284a30b000010348280a30414400f64
:1054a000348285a30010092488bf053cac61a9acf7
:1054b000a48280a3e4ff0010d88280a3580eb0ac71
:1054c000348280a36000bf8f5c00b98f5800b88f12
:1054d0005400b08f5000af8f4c00ae8f4800ad8f9e
:1054e0004400ac8f4000ab8f3c00aa8f3800a98fde
:1054f0003400a88f3000a78f2c00a68f2800a58f1e
:105500002400a48f2000a18f7c00a28f7800a38f9d
:1055100013004000110060007400a28f7000a38f80
:1055200000606041c00000008400ba8f8000bb8f23
:1055300000709a408800bd2700e8dd4100609b4074
:1055400018000042e8ffbd27060004241000bfaf8a
:105550003d7e400f001005241000bf8f060004247c
:10556000001005244d7e400b1800bd27e0ffbd272d
:10557000020019241800bfaf88bf183c88bf1f3c29
:10558000020004242128000010000624e460f9af82
:10559000c46019af807d400f000000002480868f1a
:1055a0002d8087932c808e932080858f28808f8fed
:1055b000020004241000afaf217e400f1400aeaff4
:1055c00080bf0d3c80bf0c3c0e800b3480bf0a3c7a
:1055d0003000092480bf083c80bf073c80090524b7
:1055e00080bf063c0080033480bf023c1800bf8fa0
:1055f000020004242000bd272032a0ad103280ad6f
:1056000000324bad000a09ad100ae0ac200ac5ac6f
:10561000080a43acf97d400b00000000f680859736
:1056200000a0073c0e01ab24ffff6a31c0480a000e
:1056300023402a01282ee224801808002118620045
:105640000400668c0100a2240900c014f88084a71d
:10565000040064acf68082a7f6808c970a00842d43
:1056600001008050f68080a70800e00300000000e1
:10567000f9ff0010f68082a7e8ffbd271000bfaf3a
:105680003e55400f000000000400401404000424b4
:105690001000bf8f0800e0031800bd271000bf8f67
:1056a0008715400b1800bd27029d033c9424648c91
:1056b000e8ffbd2701a0023c1400bfaf1000b0af4f
:1056c000a48184affc8280af608143242128000044
:1056d000000064ac040064ac0800a5240002a62805
:1056e000080064ac0c0064ac100064ac140064ac42
:1056f000180064ac1c0064acf5ffc01420006324e7
:10570000029d093c9824258d000208244080908f3a
:10571000fc8288afcd73400f21200002029d073c20
:105720009c24e48c212800023b74400f608382afec
:105730001400bf8f1000b08fc80005241800bd27cb
:1057400021200000f48182af288385af648280af7e
:10575000e08280af2c8280afac8180af508284af7a
:10576000b08284af208384afec8284aff88284afb0
:105770004c8384afc48284aff08184af148284af41
:10578000308284af0800e003408284afd0ffbd27a1
:1057900000a0023c2800beaf1c00b5af2400b7af8c
:1057a0002000b6af1800b4af1400b3af1000b2af12
:1057b0000c00b1af0800b0af282e5e2421a8000075
:1057c0000100b826ffff133301006826ffff1131e7
:1057d00001003726fffff03201001426ffff8e3252
:1057e0000100d625ffffcd320100a225ffff4b307f
:1057f00001006325ffff693001002525ffffa83068
:1058000001000425ffff9630c0301500c03813009a
:10581000c0501100c0601000c0780e00c0900d0094
:10582000c0c80b00c0c00900c0b80800c0a0160066
:105830002318f300232851012338ee0123504d0291
:10584000237809032390e8022310d5000100c42621
:105850002330900123a8960223602b0380c003000d
:105860008058150080c8020080b8050080b006008e
:105870008098070080880a0080800c0080700f00ec
:1058800080681200ffff953021483e0321181e0357
:105890002128fe022130de0221387e0221503e0204
:1058a00021601e022178de012190be0121a07e012f
:1058b0002c01a42e21400000020020a5180028add4
:1058c000000020a5040020ad080028ad100028ad80
:1058d000140028ad0c0028ad020060a4180068accc
:1058e000000060a4040060ac080068ac100068ac64
:1058f000140068ac0c0068ac0200a0a41800a8acae
:105900000000a0a40400a0ac0800a8ac1000a8ac43
:105910001400a8ac0c00a8ac0200c0a41800c8accd
:105920000000c0a40400c0ac0800c8ac1000c8aca3
:105930001400c8ac0c00c8ac0200e0a40000e0a455
:105940000400e0ac1800e8ac0800e8ac1000e8acdb
:105950001400e8ac0c00e8ac020040a5000040a533
:10596000040040ad180048ad080048ad100048ad37
:10597000140048ad0c0048ad020080a5000080a5d1
:10598000040080ad180088ad080088ad100088ad17
:10599000140088ad0c0088ad0200e0a50000e0a571
:1059a0000400e0ad1800e8ad0800e8ad1000e8ad77
:1059b0001400e8ad0c00e8ad020040a6000040a6cf
:1059c000040040ae080048ae180048ae100048aed3
:1059d000140048ae0c0048ae180088ae020080a645
:1059e000000080a6040080ae080088ae100088aedb
:1059f000140088ae72ff80140c0088ae029d133c28
:105a0000029d143c029d113c029d153ca424658e10
:105a1000ac242c8ea824868ea024b18e02000824eb
:105a200006000724029d153c029d0a3c029d183c7d
:105a3000029d163c219000004402d1af3802d2af43
:105a40003c02d2af4002d2af3002c7a73202c8a791
:105a50004802c5af5402d2af5802d2af5c02d2aff7
:105a60006002d1af4c02c7a74e02c8a76402c6affe
:105a70007002d2af7402d2af7802d2af7c02c5af4f
:105a80006802c7a76a02c8a78002ccaf8c02d2af57
:105a90009002d2af9402d2af9802c5af8402c7a7da
:105aa0008602c8a79c02ccafa802d2af029d193cc7
:105ab000ac02d2afbc24528db424a98eb0240f8f77
:105ac000b824c48e01000a24d0243827029d0b3c40
:105ad000029d033c029d173c029d023c2180000078
:105ae000b402cfafec02c4afd802c7a7b002d0afa8
:105af000a002c7a7a202c8a7b802c5afc402d0af10
:105b0000c802d0afcc02d0afd002c9afbc02c7a789
:105b1000be02c8a7d402c5afe002d0afe402d0af46
:105b2000e802d0afda02c8a7f002c5afec14d0afdc
:105b3000f414d0aff814c5afe414caa7e614c8a78c
:105b4000fc14d0af0815c5af1015c5af1415d2aff2
:105b50000015caa70215c0a7c424708dc824e48efe
:105b6000c0246b8ccc24478c00000f8f029d173c07
:105b7000d824e22605000e24029d163c21180000c0
:105b8000216800008c05cbaf1815cdaf8005cdafd7
:105b90008805cdaf7805cea79005cdaf9c05c5afe4
:105ba000a405cdafa805d0af9405caa7ac05cdaf6d
:105bb000b805c4afc005cdafc405c7afb005caa70f
:105bc000c805cdafd405d0afdc05cdafe005cfaf74
:105bd000cc05caa7e405c3aff005c3aff805c3af52
:105be000fc05c9af7a05c0a79605c0a7b205c0a736
:105bf000ce05c0a7e805caa7d424cf8e00004e8cde
:105c00002806c4af029d043c3406c7af0006c3afec
:105c10000c06c5af1406c3af1806c9af0406caa761
:105c20001c06c3af3006c3af2006caa73806c3aff1
:105c30004406c3af4c06c3af5006c9af3c06caa763
:105c40005406c3af140bc5af1c0bc3af200bd2afb0
:105c50000c0bcaa7240bc3af300bcfaf380bc5afab
:105c60003c0bceaf280bc8a7ea05c0a70606c0a705
:105c70002206c0a73e06c0a70e0bc0a72a0bc0a7ce
:105c8000400bd2afdc24838c029d073ce024f78cd0
:105c90004c0bc3af029d023c029d033ce424448ca8
:105ca000e824678c029d023c540bd7aff4244324b4
:105cb000029d0d3c029d193c029d183c029d163c24
:105cc000029d173cf024ae8d580bc4affc242d8fe1
:105cd000ec24e48ef824198f5c0bc7af0025d88e16
:105ce0000000678c029d023c680bc4af440bc8a740
:105cf000460bcaa7700bceaf740bc7af600bc8a71b
:105d0000780bc6afa00bccaf21b80000ac0bd9af5d
:105d1000a80bd7af980bcaa7b00bd7afbc0bcdafb2
:105d2000c40bd2afc80bd8afb40bc8a7b60bcaa769
:105d3000620bc0a79a0bc0a7cc0bc5af1025438c34
:105d4000029d073c480cc3af0c25e3240000678c80
:105d5000029d033c000cc7af380cc7af1425672465
:105d60000000e38c029d163c029d043c0825978ca4
:105d7000029d073c0425c48e500cc3af1825e324b4
:105d800021100000d80bc5afe00bceafe40bc4afc1
:105d9000d00bc8a7e80bccaff40bd7affc0bc2af4e
:105da000ec0bc8a7040cc5af2c0cc4af340cc4afab
:105db000240cc8a73c0cccaf540cccaf400cc8a7eb
:105dc000580cc6af640cc2af6c0cc2af700cc9af3c
:105dd0005c0ccaa7d20bc0a7ee0bc0a7260cc0a7ad
:105de000420cc0a75e0cc0a7740cc2af0000628c4e
:105df000029d033c800cc2afd40cc2af1c256224b0
:105e000021380000880cc7af900cc7afac0cc7afef
:105e1000c80cc7afe40cc7af0000478c029d023c22
:105e20008c0cd2af780ccaa79c0ccfafa40cc5af1a
:105e3000a80cccaf940ccaa7b80ccfafc00cc5afa0
:105e4000c40cccafb00ccaa7dc0cc5afe00cc6af1d
:105e5000cc0ccaa7f00ccdaff80cc5affc0cc7af8b
:105e6000e80ccaa77a0cc0a7960cc0a7b20cc0a7b2
:105e7000ce0cc0a7ea0cc0a721180000000dc3afcc
:105e80000c0dc5af2025478c029d033c029d023cb2
:105e9000280dc7af2425678c142543240000628c8d
:105ea000029d033c4c0dc2af029d023c440dc7afa6
:105eb000180dccaf21380000040dcaa7140dc7afd0
:105ec0001c0dc7af300dceaf340dd0af200dc8a71d
:105ed000380dc6af500dc5af3c0dc8a73e0dcaa7c3
:105ee000540dccaf600dc5af680dc7af6c0dc5af1d
:105ef000580dcaa75a0dcaa7700dc7af7c0dc5af04
:105f0000840dc7af880dc5af740dcaa7760dcaa79b
:105f10008c0dc7af980dd2af060dc0a7220dc0a73c
:105f2000a00dc7af3025678c2c25438c029d023c09
:105f3000d00dc3af3425438c029d023cec0dc3afa2
:105f4000282543240000628c029d033c140ed9af27
:105f500021c80000b40dd9afbc0dd9afc40dd9af65
:105f600014257924c00dc2af029d033c0000228f8e
:105f700038257924dc0dc2af029d033c0000228f3e
:105f80003c257924f40dc2af0000228f029d033c12
:105f9000029d193ca40dd2af900dc8a7a80dc6afa5
:105fa000ac0dcaa7d80dc7afc80dc8a7e00dc6afc6
:105fb000f80dc2afe40dc8a7fc0dc6af080ed2aff6
:105fc000100ec5af000ec8a7920dc0a7ae0dc0a79a
:105fd000ca0dc0a7e60dc0a7020ec0a74425228f98
:105fe000240ec7af4025678c029d033c4825798c61
:105ff000340ec2af029d033c029d023c400ed9af5d
:106000004c25598c14256224029d033c940ecdaf7f
:106010004c0ecdaf3c256d24840ed9af029d033cc0
:106020000000598c0000a28d18256d24180ec5aff4
:106030002c0ec7af300ed9af1c0ec8a721c8000068
:10604000380ecaa7480ed9af500ed9af5c0ed9afe3
:10605000640ed9af680ed2af540ecaa76c0ed9af7a
:10606000780eccaf800ec2af700ecaa7880ed9af23
:106070009c0ed9af1e0ec0a73a0ec0a7560ec0a7e1
:10608000720ec0a7a00eccaf0000a28db00ed9af8b
:10609000029d193c0c25232700006d8cbc0ec2af5d
:1060a000029d023c5025598ccc0ecdaf029d0d3c7b
:1060b000e80ed9af6025b98dd80ed8af029d183c37
:1060c0005c25038f0c0fd9af029d193c21100000f5
:1060d000029d183cb80ec2af58252227040fc3af4b
:1060e000542503270000588c00006d8cf40ed8afa7
:1060f000029d033c029d183c8c0ec8a78e0ecaa7b9
:10610000a40ec5afa80ec8a7c00ec6afd40ed2af9e
:10611000c40ec8a7c60ecaa7dc0ec5aff00ecdaf21
:10612000e00ec8a7e20ecaa7f80ec6af100fc5afa3
:10613000fc0ec8a7fe0ecaa764256d24aa0ec0a730
:106140003c250327140fccaf21100000280fc2af4d
:10615000029d023c0000b98d6825588c00006d8cb2
:10616000029d023c029d033c200fd9af2c0fcdaf06
:106170003c0fd8af14256d2454255824029d193c9a
:106180000000038f0000b9af0000b98d029d023cf2
:1061900021680000180fc8a7300fc5af440fceaf5d
:1061a000480fd9af340fc8a74c0fc6af900fcfaf71
:1061b000980fc4af9c0fccaf880fc8a78a0fcaa78f
:1061c000a00fc5afac0fcdafb40fcdafb80fc4affc
:1061d000a40fcaa7bc0fcdafc80fc3afd00fcdafb0
:1061e000d40fc5af1a0fc0a7360fc0a7a60fc0a700
:1061f000c00fc8a77025588c029d193c5410d8af09
:10620000029d033c029d183c0010cdaf0810cdaf9d
:10621000642502276c252d8f142579245c10c7afc7
:106220000000438c0000278f3810c3af6010c7af49
:10623000029d033c029d073c21c800007425f82400
:106240001010d9af1c10d9af2410d9af2c10d9af72
:106250004010d9af54257924d80fccafe40fcfaf7d
:10626000ec0fc5aff00fccafdc0fc8a7de0fcaa78d
:10627000f40fccaf0c10c9aff80fcaa72810c5afe8
:106280001410caa74410cdaf3010c8a74810c5af2e
:10629000c20fc0a7fa0fc0a71610c0a73210c0a720
:1062a0004c10c8a70000028f0000278f6410c2aff7
:1062b0007010c5af7810c7af7c10c9af6810c8a701
:1062c0008010ccafa810c5afb010ceafb410c4af23
:1062d0004011c4afa010c8a7b810ccafc410c5af50
:1062e000cc10ceafd010c4afbc10c8a7d410ccaf68
:1062f000e010c5afe810ceafec10c4afd810c8a7ff
:10630000f010ccaffc10c5af0411ceaf0811c4af74
:10631000f410c8a74e10c0a76a10c0a7a210c0a74b
:10632000be10c0a7da10c0a7029d193cf610c0a786
:106330002411c4af029d043c7825988c800fd7af00
:106340008025248f029d023c029d173c7c25438cb6
:106350007811cbaf5425eb266c11d8af740fc4afb6
:106360000000788d029d043c640fc3af3c25972448
:10637000029d033c213800000c11ccaf1811c5afb1
:106380002011ceaf1011c8a72811ccaf3411c5af62
:106390003c11ceaf2c11c8a74411ccaf5011c7afe0
:1063a0008811d8af5811c7af5c11d2af4811caa736
:1063b0006011c7af7411c5af6411c8a77c11c5af18
:1063c000580fc7af382562241211c0a72e11c0a7dd
:1063d0004a11c0a76611c0a7029d183c600fc7af45
:1063e0000000eb8e0000598c7c0fc7af029d173c5c
:1063f000282507270000e38c9411cbaf029d023cb7
:106400003825eb260000788d9011d9af029d073c0e
:106410001c255924029d173c0000248fa411c3aff2
:10642000f424eb265825e3240000628cc811d8af71
:10643000029d193c0000788de412c4af029d033c1c
:106440008425248fcc11c2afe811d8af1c2562245b
:10645000029d183c500fc8a7680fc6af6c0fc8a7a5
:10646000840fc6af8011c8a79811c6afac11c5afd5
:10647000dc11c4afb011ccaf9c11caa7a012c5af3c
:10648000a812ceaf520fc0a76e0fc0a78211c0a72f
:106490009e11c0a721380000029d043cb411c7af73
:1064a000ac12cdaf0000598cd812c6afd011c6af18
:1064b000ec11c6af3c2506270000c78c3825972471
:1064c000029d033c029d023c029d043c0000eb8eb9
:1064d000c812d9af9025978c8c25598cd413cfaf87
:1064e00088256f8cc413c7af029d073c9812c8a7bc
:1064f000b012ccafbc12ccafc412c5afb412c8a797
:10650000cc12c5afe012c5afd012c8a7e812c5af14
:10651000c011cbafb811c8a721580000e411ceaf0d
:10652000d411c8a7f013cfaf0c14d9af2814d7af2c
:106530009a12c0a7b612c0a7d212c0a7ba11c0a79c
:10654000d611c0a7dc13cbaf9825e38c029d183c75
:10655000029d0f3c9425068f9c25f98d6014c3afd6
:10656000029d033c74256f24e013ccafcc13c8a765
:10657000e413c5afb813cbafc013cbafb013c8a7ec
:10658000c813c5aff813c5affc13cdafe813caa746
:106590000014cbaf1414c5af1814cdaf0414caa7a0
:1065a0001c14cbaf3014c5af3414cdaf2014caa720
:1065b0003814cbaf4414c6af7c14d9afa014c9af04
:1065c0004c14c5af5014cdafce13c0a7b213c0a7a3
:1065d000ea13c0a70614c0a72214c0a7029d043c5a
:1065e0003c14caa70000e98d64259724029d043c51
:1065f0006815c9afd8248324029d063c029d093c3e
:106600000000eb8ea025c78c00006f8ca425248d84
:1066100021c000006814c5af5414d8af6c14cdafbe
:106620005814caa77014d8af8414c5af8814cdaf5e
:106630007414caa78c14d8af9814cbafa414ccafe1
:106640009014caa7a814d8afb414cbafbc14d8af59
:10665000c014cdafac14c8a7c414c5af5c15c7af88
:10666000c015ccaf7815cfaf9415c4af3e14c0a7fa
:106670005a14c0a77614c0a79214c0a7ae14c0a71e
:10668000029d033c9c15c5af8815c5afb815ceafac
:106690006415c5af029d0e3c029d053ca8256f8c7c
:1066a000ac25c98d6425a42400a0023c282e5924c1
:1066b0008415ccaf00008c8c1c00262738002727bf
:1066c00054003827b015cfafbc15c9af029d033cad
:1066d000029d0f3c029d093c401a2aa7a015cdaf90
:1066e0005615c0a7216800007215c0a76c15cdaf64
:1066f000a415cdaf8015cdaf581a2daf8e15c0a7fc
:10670000581acdacaa15c0a7581aedac5415caa793
:106710007015c8a78c15caa7a815c8a7421a28a71c
:10672000581a0daf421ac8a4481a2daf4c1a2daff3
:10673000501a2daf541a31af441a20af7c1b2caf26
:10674000b0256a8cb425ee8db8253e8d01000b2452
:1067500002001724029d083c029d033c481acdac60
:10676000501acdac541ad1ac401acba4481aedac97
:10677000501aedac541af1ac401aeba4481a0daf04
:106780004c1acdac421af7a4501a0daf541a11afdf
:10679000401a0ba7441ac0ac4c1aedac421a17a70a
:1067a000441ae0ac4c1a0daf441a00af601b2daf79
:1067b000681b2daf6c1b32af581b2ba75a1b37a77a
:1067c000701b2daf841b2daf881b31af741b2ba703
:1067d000981b2aafb41b2eafd01b3eafbc25058d36
:1067e000c0256a8c029d1e3c03000d242825c82765
:1067f0000500042421600000ec1b25afe41b24a746
:10680000081c30af761b2ba78c1b2cafa01b2caf0a
:10681000a41b31af901b2ba7921b2ba7a81b2caf3f
:10682000bc1b2cafc01b31afac1b2ba7ae1b37a7bb
:10683000c41b2cafd81b2cafdc1b31afc81b2ba744
:10684000ca1b37a7e01b2caff41b2caff81b31afd2
:10685000e61b2da7fc1b2caf101c2caf141c31af5a
:10686000001c2ba7241c2aaf1e1c2da7841c32af92
:10687000701c2ba7721c37a70000178d029d0f3cc0
:10688000029d0e3cc425f28dc825c98d781c37affa
:10689000029d033c0425d78e029d163ccc25c48e58
:1068a000d0256a8c2128000021700003c4003e27f7
:1068b00001000c24e0003827fc00282702001024e7
:1068c00005000f24941c32afb01c29af0300122422
:1068d00070002927021c2da7181c25af8c002d271e
:1068e0002c1c25af1c1c2ba7341c25afa8002b2764
:1068f000801c25af881c25af9c1c25afa41c25af90
:10690000b81c25afc01c25afcc1c25afd41c25afaf
:106910000100052421b00000301c31afa01c31afb4
:106920008c1c2ca78e1c30a7bc1c31afa81c2ca71c
:10693000aa1c30a7d81c31afc41c2ca7e81c24af5c
:10694000c61c20a7041d2aafdc1c36aff81c36afce
:10695000141d36af301d36af4c1d36af681d36af37
:10696000fc1c2fa7a01dd6ac501d32a7a01df6ac55
:10697000521d30a7a01dd6adf01c36aff41c31afb0
:10698000e01c2fa7e21c2ca70c1d36af101d31af49
:10699000fe1c30a7201d36af281d36af2c1d37af8b
:1069a000181d2ca71a1d30a73c1d36af441d36af4d
:1069b000481d31af341d32a7361d30a7581d36afe4
:1069c000601d36af641d31af8a1d2ca7901d36aff8
:1069d000941d36afa01d36af901dd6ac941dd6ac1d
:1069e000a01d36ad981d36af9c1d31af881d2ca75c
:1069f000981dd6ac9c1dd1ac901df6ac941df6ac88
:106a0000a01db6ad8c1d20af881dc5a48c1dc0accb
:106a10008a1dc5a4981df6ac9c1df1ac901dd6ad89
:106a2000941dd6ada01d76ad8c1de0ac881de5a4ef
:106a30008a1de5a4981dd6ad9c1dd1ad901d36ad27
:106a4000941d36ada01dd6af8c1dc0ad881dc5a54b
:106a50008a1dc5a58c1d20ada424678e981d36ad5a
:106a60009c1d31ad901db6ad941db6ad981db6ad53
:106a70009c1db1adb424b38e881d25a58a1d25a506
:106a80008c1da0ad901d76ad941d76ad981d76ad94
:106a90009c1d71ad881da5a58a1da5a58c1d60ad89
:106aa000901dd6af941dd6af981dd6af9c1dd1af0b
:106ab000881d65a58a1d65a58c1dc0af881dc5a74d
:106ac0008a1dc5a7901d16af941d16af981d16af51
:106ad000a01d16af9c1d11ad8c1d00afa01d16ade5
:106ae0000000a48f029d103c7425838c05001524a2
:106af0000600062428250c269c1d11af881d05a71d
:106b00008a1d05a7901d16ad941d16ad981d16add6
:106b1000881d05a58a1d05a5a824918ea81e36af3f
:106b2000ac1e36afb01e36afb41e33afa01e35a7b5
:106b3000b81e36afc41e36afc81e36afcc1e36af39
:106b4000d01e33afbc1e35a7d41e36af881f36af5c
:106b50008c1f36af901f36af8c1d00ada21e20a734
:106b6000be1e20a7941f27af801f26a7821f20a725
:106b7000b01f23af029d0f3c9c1f26a700008e8de7
:106b800002000a24d024ed2521f00000b41f31af0b
:106b9000cc1f33afa41f3eafa81f3eafac1f3eaf0c
:106ba000c01f3eafc41f3eafc81f3eafb81f35a7c2
:106bb000d01f3eafe41f3eafec1f3eaf00203eaf04
:106bc00008203eaf14203eaf18203eaf1c203eaf41
:106bd000582037af042027aff21f2aa7981f27afee
:106be0009e1f20a7ba1f20a7dc1f27afe01f27afdb
:106bf000e81f27afd41f25a7d61f2aa7f81f27af46
:106c0000fc1f27aff01f25a720202eaf462025a769
:106c10000000b28d029d0b3c902032afd425698dcf
:106c2000b42035a70c2035a7442035a77c2035a7f4
:106c3000cc203eaf24203eaf4c203eaf50203eaf94
:106c400054203eaf5c203eaf84203eaf88203eaf54
:106c50008c203eaf94203eafbc203eafc0203eaf64
:106c6000c4203eaf2400b78f2800be8f2000b68f0f
:106c70001c00b58f1800b48f1400b38f1000b28fb2
:106c80000c00b18f0800b08f3000bd27c82029af9d
:106c90000e2020a77e2020a70800e003b62020a712
:106ca000d0ffbd2700a0043c00a0033c00a0023c94
:106cb0002400b5af2000b4af1c00b3af1800b2afd2
:106cc0001400b1af2800bfaf1000b0afc87194245a
:106cd000b85473249076522421880000029d153cfc
:106ce000c674400f21202002d825a58ecd73400ff9
:106cf00021204000218040004776400f21204000a5
:106d0000000042ae8c76400f21200002000062aeef
:106d10002120200221180000ff03052401008730f4
:106d200040300300432805002118c700fbffa01cca
:106d300043200400010031260002252a000083a61a
:106d40000400522604007326e5ffa01402009426d6
:106d50002800bf8f2400b58f2000b48f1c00b38f94
:106d60001800b28f1400b18f1000b08f0800e0033c
:106d70003000bd2728008424fcff828cffff032401
:106d80001b00431400000000f8ff828c180043141d
:106d900000000000f4ff828c150043140000000086
:106da000f0ff828c1200431400000000ecff828c84
:106db0000f00431400000000e8ff828c0c00431415
:106dc00000000000e4ff828c090043140000000072
:106dd000e0ff828c0600431400000000dcff828c80
:106de00003004314000000000800e003d8ff828c79
:106df0000800e003000000000800e0030000828caf
:106e00004d000424f47c400b21280000e8ffbd273e
:106e10004d0004241000bfaff47c400f0100052496
:106e200053000424f47c400f212800001000bf8f81
:106e300088bf043c88bf053c1c00062410000324c6
:106e4000030002241800bd27f41086acf810a3ac90
:106e5000f41082acf810a0ac0800e00300000000c1
:106e600000e85d4100701a4000601b4078ffbd27bc
:106e70008400baaf8000bbaf44781b7c00107b3726
:106e800000609b407400a2af7000a3af6400bfaf6e
:106e90006000b9af5c00b8af5800b1af5400b0affc
:106ea0005000afaf4c00aeaf4800adaf4400acaf48
:106eb0004000abaf3c00aaaf3800a9af3400a8af88
:106ec0003000a7af2c00a6af2800a5af2400a4afc8
:106ed0002000a1af12100000101800007c00a2af2b
:106ee0007800a3af88bf033c4010648c4002827cd2
:106ef0002a0040106400bf8f029d083c8c6c078df7
:106f00004e0004243000e68c01001124de7c400f8a
:106f10002084067c0d000524130005123f000e247a
:106f20000f000e12fcff0f241a000f129080828fa8
:106f30002f00043a01a01f3c0a100400aca1f9275d
:106f400021c059000004512c000010a3120020128f
:106f5000908082af010050240f000010908090af0d
:106f60000d0000107e8091a79080848f01a00c3cc2
:106f7000aca18b2521508b000004892c030020112b
:106f8000000040a101008d2490808daf0200001010
:106f90009a8091a76e8091a76400bf8f6000b98f1f
:106fa0005c00b88f5800b18f5400b08f5000af8f85
:106fb0004c00ae8f4800ad8f4400ac8f4000ab8fcb
:106fc0003c00aa8f3800a98f3400a88f3000a78f0b
:106fd0002c00a68f2800a58f2400a48f2000a18f4d
:106fe0007c00a28f7800a38f130040001100600086
:106ff0007400a28f7000a38f00606041c000000089
:107000008400ba8f8000bb8f00709a408800bd2733
:1070100000e8dd4100609b40180000420c80868f34
:107020000b00c22c0d004010ff008730029d093c70
:107030008040060000202325212803010000a48ca5
:107040000800800000000000160004242100e41065
:107050000100c92401000624ac8086af0800e003cb
:10706000000000000c8086afb480888fff000331e1
:10707000448288a3170067100100c9240100072477
:107080000800e003ac8087af00a00c3c5c51882571
:107090003801098d04002b2df2ff60550100c62434
:1070a0003c01198db880838fb480828f010038270e
:1070b00001006d242170e200217828033c0118ad05
:1070c0000c00e7a1b4808eafe7ff2d15b8808daf1f
:1070d0000100c9240800e0030c8089afb480858fcb
:1070e000b8808a8f2120e50000a0093c0100c5245a
:1070f00001004325645127ad0c8085afb48084af77
:107100000800e003b88083af68000f24f1ffef10a0
:107110000100c924010007240800e003ac8087af08
:1071200000a00e3cd3ff00109452c38d0100cd246b
:1071300000a0063c9452c7ac0800e0030c808daf61
:1071400068000a24c5ffea1400a00c3c5c518725a6
:107150000100cb240c808baf3801e0acb88080af4d
:10716000b08080afbc8080af3c01e0ac0800e003a1
:10717000ac8080afb480848fb880838f2120e400fe
:107180000100c52400a0083c01006324605107ad44
:107190000c8085afdaff0010b48084afb880828f96
:1071a0000100d8240100432400a0193c5c5127af02
:1071b0000c8098afb48087af0800e003b88083af3d
:1071c0000000a294ff008330262062000000a4a4e7
:1071d0000000a394010069303e00201101a00624a4
:1071e00042500300261046010000a2a40000a39410
:1071f00001006b303500601542600300421003004f
:107200000000a2a40000a39401006d302d00a01581
:1072100042700300421003000000a2a40000a394e7
:1072200001006f302500e01542c00300421003004a
:107230000000a2a40000a394010079301d002017d3
:1072400042200300421003000000a2a40000a39407
:107250000100623015004014423803004210030060
:107260000000a2a40000a394010068300d000015e6
:1072700042480300421003000000a2a40000a394af
:10728000010067300500e010421003004240030097
:10729000261006010800e0030000a2a40800e00395
:1072a0000000a2a4f4ff001026102601ecff00103d
:1072b0002610e600e4ff001026108600dcff001018
:1072c00026100603d4ff00102610c601ccff0010c4
:1072d00026108601c4ff0010421003001480858f21
:1072e0000700a22c0f004010ff008630029d093cd1
:1072f000804005002c202325213803010000e48c68
:10730000080080000000000000a0193cc86d25277f
:107310006002b88c01000e27217805030800e6a161
:107320006002aeac0800e0030000000000a0073cd3
:10733000c86dea2402000524600240add48080af0d
:10734000dc8080af0200ab242120c000c86de6ac19
:1073500018808527ffff062414808baf701c400b1c
:10736000188086a7f7ff001000a0073c0200ac249d
:1073700000a00d3c2120c00018808527cc6da6ad53
:10738000701c400b14808caf00e85d4100701a4007
:1073900000601b4078ffbd278400baaf8000bbaf00
:1073a00044781b7c00187b3700609b407400a2afc0
:1073b0007000a3af6000bfaf5c00b9af5800b8afba
:1073c0005400b0af5000afaf4c00aeaf4800adaf0f
:1073d0004400acaf4000abaf3c00aaaf3800a9af4f
:1073e0003400a8af3000a7af2c00a6af2800a5af8f
:1073f0002400a4af2000a1af12100000101800005c
:107400007c00a2af7800a3af88bf033c3010648c2f
:10741000c006827c07004014029d083ce97c400fb6
:1074200053000424550040506000bf8f210000101d
:1074300000000000886c078d4d0004243000e68cad
:10744000de7c400f2084067c00a0053cc033a38c6a
:107450000100042436006410030009241900691097
:1074600004000924edff691400000000071c400f10
:10747000ff0004320883849780bf0d3c80bf0c3c22
:10748000100ea0ad200e84ad80bf043c000e8b8c8e
:10749000c0036a7de1ff4015948080af010e8f909c
:1074a00080ff18242570f801010e8ea0dbff00106c
:1074b00000000000de7c400f530004242f00001069
:1074c0006000bf8f0d000a241d000a123f0018241f
:1074d000100018128c80858f2f00043a00a0033c06
:1074e0000a280400f029622421f8a2000004b92c23
:1074f0000000f0a3030020138c8085af0100a624b8
:107500008c8086af0883889780380800daff0010e7
:107510002120e800088388970200102480380800a2
:10752000988084a72120e800d3ff00107e8090a7d8
:10753000b71c400fff000432cfff00100883849770
:107540008c80858f00a00e3cf029cd252160ad00f8
:107550000004ab2c03006011000080a10100af24e7
:107560008c808faf08838897988084a78038080024
:107570009c8084a7c0ff00102120e8005c00b98f28
:107580005800b88f5400b08f5000af8f4c00ae8fb2
:107590004800ad8f4400ac8f4000ab8f3c00aa8ff9
:1075a0003800a98f3400a88f3000a78f2c00a68f39
:1075b0002800a58f2400a48f2000a18f7c00a28f1b
:1075c0007800a38f13004000110060007400a28fa8
:1075d0007000a38f00606041c00000008400ba8f7b
:1075e0008000bb8f00709a408800bd2700e8dd4115
:1075f00000609b4018000042d080858f00a0073caf
:107600008406e6242110a6000100a324000044a063
:10761000010002240800e003d08083afa880858f9a
:1076200000a0073cf42de6242110a6000100a324ad
:10763000000044a0010002240800e003a88083affa
:10764000d080888f00a0093cffff8430840622256b
:1076500021380201022a040002000625010002244a
:107660000000e4a00100e5a00800e003d08086afa0
:10767000029d043c886c838c212000001000658ce6
:107680000002a2301500401400000000d080828f5c
:1076900000a0063c0f0040108406c5241000688c32
:1076a00000020731fdffe014000000000000a99077
:1076b000200069ac10006b8c00026a7dfdff401158
:1076c000d0808c8f010084242b108c00f3ff401499
:1076d0000100a524d08080af010004240800e0034d
:1076e00021108000e0ffbd271800bfaf1400b1af2c
:1076f0001000b0afe080838f0b00622c12004010ae
:1077000021880000029d073c803003004820e324cc
:107710002128c3000000a48c0800800000000000a5
:1077200000a00a3cf84e50257e1d400f0400049234
:107730000400048e860009244b0089102188400033
:1077400037002056ff008430d08080afe88080afc3
:10775000e48080a3e08080afe7ff2016e080838f85
:107760001800bf8f1400b18f1000b08f0800e00325
:107770002000bd2701001124e080838f0a001f2410
:10778000f5ff7f50e08080af01006224f2ff00101f
:10779000e08082af00a00d3cf84eb02560020c8e58
:1077a000e880838f2b586c0021006015070011249e
:1077b000e08091af901d400f1a808497218840008f
:1077c000eeff2016e080838fd08080afe88080af0e
:1077d000e0ff0010e48080a39c1d400f000000002b
:1077e000f7ff00102188400000a0103c7e1d400fd4
:1077f000f84e0492d4ff401021884000f84e0492c5
:10780000701c400f1a808527edff0010000000005b
:10781000ffff082401001124d7ff00101a8088a759
:10782000701c400f1a808527e5ff00100000000043
:10783000217070007e1d400f0800c491c8ff4010e9
:1078400021884000e880988f1a80852721c810037e
:107850000800249301000f27701c400fe8808fafb1
:10786000bdff001000000000b5ff0010f88080a7e9
:10787000029d043c886c838c212000001000658ce4
:107880000002a2301500401400000000a880828f82
:1078900000a0063c0f004010f42dc5241000688c99
:1078a00000020731fdffe014000000000000a99075
:1078b000200069ac10006b8c00026a7dfdff401156
:1078c000a8808c8f010084242b108c00f3ff4014bf
:1078d0000100a524a88080af010004240800e00373
:1078e00021108000e8ffbd271400bfaf1000b0af2b
:1078f000c080838f0c00622c0e00401021280000f5
:10790000029d083c80380300742003252130e300e9
:107910000000c48c080080000000000001a00a3ca8
:10792000bca55025871d400f080004924a00401452
:1079300021284000a88080afc88080afc48080af7d
:10794000c08080afebffa014c080838f1400bf8f76
:107950001000b08f0800e0031800bd2701a0053c0f
:10796000871d400ff4a6a49021284000f2ffa050ec
:10797000a88080afc080838f0b000824f0ff6810c0
:1079800001006924efff0010c08089af01a00f3c07
:10799000bca5f0253c010e8ec880838f2b686e003d
:1079a0003200a01509000724c08087af871d400f53
:1079b000c4808493edff001021284000871d400ff4
:1079c0006800042421284000c48080afe7ff001035
:1079d000c88080af01a0093cbca53025871d400fa1
:1079e00004000492d3ff401021284000c4808c8ff3
:1079f0000400028e21584c00dcff0010c4808bafc5
:107a00001c1e400f00000000d8ff0010212840007d
:107a1000871d400f16000424d4ff001021284000c9
:107a200001a0103c871d400fbca50492c1ff40106f
:107a300021284000c4808c8fbca5028e21584c00a8
:107a4000caff0010c4808baf871d400f680004245c
:107a5000c6ff001021284000c4808c8f0800028ed1
:107a600021584c00c1ff0010c4808baf21c07000b2
:107a7000871d400f0c000493b4ff401021284000e4
:107a8000c880848fc480828f213090000c00df90ea
:107a9000010099242180e203c88099afa9ff00105a
:107aa000c48090afe080828f07004014211800004e
:107ab00001000324e08083afe88080afe48080a3ee
:107ac000d08080af010003240800e0032110600093
:107ad00000a0073c00a0093cdc33288df84ee424cc
:107ae000010006241100052402000224a6ff03243d
:107af000090086a0040085ac600282ac080083a067
:107b0000a91e400bf84ee8ac00a0073cdc33e68c25
:107b100000a0053cf84ea8241e0004240100032404
:107b200000a0023cf84ea6ac040004ad600203ad18
:107b3000080000a1c870492421300000010007247a
:107b40002170c9000200cf240100cd91ffffe63172
:107b50000000cc912158e800fe00ca2c09006da15c
:107b600008006ca1f6ff40150200e724ffffe9249e
:107b7000080009a1a91e400b600207adc080828fda
:107b8000070040142118000001000324c08083afc7
:107b9000c88080afc48080afa88080af010003247c
:107ba0000800e0032110600000a0093c00a0083c90
:107bb00001a0073c6051258ddc33068dbca5e32474
:107bc000bc00042403000224bca5e5ac080064ac9e
:107bd000040066ac380162acdf1e400b3c0160acb7
:107be00000a0093c00a0083c01a0073c6051258d85
:107bf000dc33068dbca5e324130004240300022417
:107c0000bca5e5ac080064ac040066ac380162ac0d
:107c1000df1e400b3c0160ac00a0193c5c512e27dc
:107c20000c00c9910d00ca9121c0200100a00f3c99
:107c3000003a180001a00b3cdc33e88d21684001bc
:107c40000400cc8dbca563252128ed00210006246d
:107c50000300042401000224bca56cad080066ac3e
:107c6000040068ac380164ac3c0160ac8c8285a730
:107c7000d88282a3cc8289a32c838aa3df1e400be7
:107c8000a68287a701a0033cffffa53001000224c4
:107c9000bca566240f00a210ffff843001a00a3c9f
:107ca00002000924bca546250300a910023a0400dd
:107cb0000800e003000000003c01cd8c2158a60123
:107cc0000200ac250d0064a13c01ccac0800e0032f
:107cd0000c0067a13c01c88c010005252138060174
:107ce0000c00e4a00800e0033c01c5ac00a0033c8c
:107cf00000a0063cdc33c58cf84e6224010004244d
:107d0000600244ac080040a0040044aca91e400b33
:107d1000f84e65ac00a0063c00a0073cdc33e58cc7
:107d2000f84ec4240200022401000324040082aca3
:107d3000600283ac080080a0a91e400bf84ec5acc1
:107d400000a00d3cdc33ac8d00a00b3cf84e64254c
:107d500005000a240400092400a0083cf84e6cad7c
:107d600004008aac600289acc86d02250800479007
:107d70000b004390090045900a0046900b0083a039
:107d8000080087a0090085a0a91e400b0a0086a054
:107d900000a0083ccc6d068d00a0073c00a0023c72
:107da000dc33e58cf84e43248000c434f84e45acf7
:107db000040064aca91e400b600260ac148382977f
:107dc000f8ffbd270b0040140000b0af00a0043c3a
:107dd000c86d8d240800a391ffff693005002011b4
:107de000148383a7108086972b2826010400a014f3
:107df000000000000000b08f641f400b0800bd278a
:107e00009f00201100a0103c0900aa910a00a69131
:107e100000420a0021c006010b00a591ffff0833b4
:107e2000212000000c00a791271804000012050073
:107e3000ffff1925215847002160690000a00e3c72
:107e40002b012a2f94700f264c70d8250300843103
:107e500099004015ffff6531010006242b70c90011
:107e60008800c05100a00f3c2c00801001000b24a2
:107e700014008b1002000c2498008c1480700600f3
:107e80008018060021706d000900c2910a00d99186
:107e9000003a02002180f9000b00cc91ffff07326d
:107ea0000c00cb9100520c00ffffe82421204b0175
:107eb0002b01052d8300a014ffff84300100c52491
:107ec000ffffa6308058060021186d0109006a9056
:107ed0000a006890003a0a002110e8000b00659043
:107ee000ffff47300c00799000820500ffffee2471
:107ef000212019022b01cc2d06008011ffff8430b8
:107f0000408006002160180221700f020000c7a502
:107f1000000084a5560000100100c2248040060025
:107f200021180d01090065900a006490003a0500cf
:107f30002110e4000b0079900c007090ffff473097
:107f400000721900ffffec24405806002150d001b8
:107f50002b01882d2128780121186f0103000011c1
:107f6000ffff4431000067a40000a4a40100c62460
:107f7000ffffd9308040190021180d0101002c2786
:107f8000ffff8531090070900100a7240a006e9060
:107f9000ffffec30005a10008050050021106e01e8
:107fa0000b00679080200c00ffff4b3021404d01fb
:107fb00021508d000c00649000820700ffff6e25a9
:107fc000403019002138040240c8050040180c0058
:107fd0002b01c22d2120d8002170380321282f0326
:107fe000218078002130cf0021c86f0003004010ad
:107ff000ffffe7300000cba4000087a409000b912d
:108000000a00039100320b002110c3000b000791fe
:10801000ffff46300c000491ffffcb240042070015
:10802000211804012b01622d03004010ffff633073
:108030000000a6a40000c3a509004b910a004491ca
:10804000001a0b000b004691211064000c004591b2
:10805000ffff4430003a0600ffff88242150e5006e
:108060002b010e2d1100c015ffff433101008225a9
:10807000ffff46302b80c900a9ff00168040060094
:1080800000a00f3c00a0063cdc33d88cf84ee9255c
:1080900039000d240000b08f04002dad600220ad2a
:1080a0000800bd27a91e400bf84ef8ad000024a71c
:1080b000eeff0010000003a60000e8a566ff001018
:1080c000000005a7405806002140780121506f01ab
:1080d000000047a579ff0010000004a52140cd0154
:1080e00009000c910a000b91003a0c000b0004915e
:1080f0002150eb00ffff47310c00059100120400f6
:10810000ffffe32421c845002b01702c060000125c
:10811000ffff24334010060021c8580021184f00eb
:10812000000067a4000024a70100d02454ff001021
:10813000ffff063200a0043cc86d8e240a00ca91dd
:108140000b00c891ff004931005a0900ff000531ba
:108150000c00cf9121c8650100a0183cdc33068fcc
:1081600000a00c3cffff2b330900c991c0680f0031
:108170000800c791f84e84250f0002240400032450
:108180002b28ab01040082acf84e86ad0b0088a012
:10819000600283ac080087a0090089a00a008aa0b9
:1081a0000900a014211000000500601101004724ff
:1081b000ff00e2302b504b00fdff4015010047242b
:1081c000a91e400b00000000641f400b00000000cf
:1081d000641f400b000000002024047cd0ff832497
:1081e000ff0065300a00a22c03004014201c037c11
:1081f000c9ff8624201c067c0800e00321106000d3
:10820000d8ffbd271c00b3af8c80938f1800b2af8e
:108210002400bfaf2000b4af1400b1af1000b0af66
:10822000290060122190000000a0023cf029542493
:1082300021185402000067903a000424ff00e33044
:108240006b006410a88187a30d00082475006810d6
:108250000a000c247b006c1014808d8f1480918f89
:108260000700252e1400a01001005826029d0b3c8b
:1082700080481100a4206a2521402a010000068db3
:108280000800c000000000002024077c7620400f7a
:1082900000a0103cc86d0f8ed8808e932168e2013b
:1082a0002110ae0101002426c86d0dae148084afec
:1082b000d88082a3010058262096187c2b88530270
:1082c000dcff2016211854022400bf8f2000b48f39
:1082d0001c00b38f1800b28f1400b18f1000b08f44
:1082e0000800e0032800bd27dc80918f01002532c3
:1082f0006600a01000a0093c00a00a3cc86d4525fe
:108300006002a48c060080102180a00021808500de
:10831000d8808d9307000c9221588d01d8808ba3b3
:1083200001008e246002aeac7620400f2024077c32
:108330000800079201002f2621104700080002a222
:10834000dc808faf010058262096187c2b885302c2
:10835000b8ff201621185402dcff00102400bf8f44
:1083600000a0033cc86d70247620400f2024077cb9
:108370000400048e21f88200d88082930100242614
:108380002110e20304001fae148084afc9ff001067
:10839000d88082a37620400f2024077c00a0193cbf
:1083a0000100242600c10200c86d3127040038ae48
:1083b000148084af010058262096187c2b88530225
:1083c0009cff201621185402c0ff00102400bf8f0c
:1083d0007620400f2024077c006102000100242643
:1083e00000a0073cc86decacf2ff0010148084af15
:1083f000010058262096187c0200062400a0053ca7
:108400002b885302148086af2870a0acd88080a33c
:10841000d48080af86ff2016dc8080afabff0010d9
:108420002400bf8f14808a8f06000924030049119d
:108430000a000b2489ff0010148080af87ff001012
:1084400014808baf85ffa355148080af00a0043c3f
:10845000c86d91246002398ed880829321f831034f
:10846000238002000700ee93ffff3827ff000f3242
:10847000600238ae148080af78ffee15d88090a3ec
:108480000100032475ff0010d48083afc86d282538
:108490006002068d2024077c7620400f2180c800d2
:1084a0000011020001002f26080002a2a5ff001003
:1084b000dc808faf2024047c300082240a008328d3
:1084c000030060142014027c370085242014057cee
:1084d0000800e00300000000e8ffbd271000bfaf68
:1084e0002d21400f0f0084301000bf8f0800e003e3
:1084f0001800bd27e8ffbd271000bfaf2d21400f9a
:108500000019847c1000bf8f0800e0031800bd270d
:10851000e8ffbd271400bfaf1000b0afe080838f2d
:108520000b00622c12004010029d073c80300300bb
:10853000c020e3242128c3000000a48c0800800090
:10854000000000007e1d400f0d0004242128400083
:108550000700a010e080838f0a000f2463006f10d3
:1085600001007824e08098afedffa054e080838f75
:108570001400bf8f1000b08f0800e0031800bd2763
:10858000e4808e9307000d2423600e00e0808daf01
:10859000e4808ca33d21400fe4808493ff004430ad
:1085a0007e1d400f00000000e9ff00102128400060
:1085b0003621400fe4808493f9ff0010ff0044301f
:1085c0007e1d400f0a0004249c1d400f0000000087
:1085d000dfff00102128400000a0183cf84e1027b3
:1085e00060020f8ee880838f40700f002b686e0052
:1085f000e3ffa011010079303e0020134210030078
:1086000042200300212890003621400f0800a4904a
:108610007e1d400fff004430d5ff40102128400050
:10862000e880898fe480839342400900213810015b
:108630000800e6902180c300e48090a3ccffa01046
:10864000e8808b8f01006a25c7ff0010e8808aafa1
:1086500000a00a3cf84e50253621400f0400049239
:108660007e1d400fff004430c1ff40102128400014
:10867000e4808c930400028e21584c00b4ff00105b
:10868000e4808ba300a0093c3d21400ffc4e2491c7
:10869000c3ff0010ff00443000a0083c3d21400f04
:1086a000f84e0491beff0010ff0044307e1d400fc5
:1086b0003a000424a6ff00102128400000a0103c2e
:1086c0003621400ff84e04927e1d400fff004430cb
:1086d000a7ff401021284000e4808c93f84e028ec2
:1086e00021584c009aff0010e4808ba39eff0010dd
:1086f000e08080af21f850000800e4933d21400f56
:10870000000000007e1d400fff004430cbff001032
:1087100021284000e0ffbd271400b1af1000b0af2a
:108720001800bfafa07c400f80880400218040006b
:10873000a07c400f00000000231850002b10710097
:10874000fbff40141800bf8f1400b18f1000b08fd2
:108750000800e0032000bd2700a0053c1082848fa4
:108760007808a524e45e400b00040624e0ffbd2742
:108770001000b0af218080001082848f1400b1af50
:108780001800bfaf2188a0004d5a400f008190af64
:1087900005000224050002122128000200a0033c6b
:1087a000a43a66907e5c400f1082848f08002012ed
:1087b0002128000001000624100026121800bf8f97
:1087c0001400b18f1000b08f0800e0032000bd2717
:1087d00000a0043ca43a8694025b400f1082848f70
:1087e0001082848f1800bf8f1400b18f1000b08fdb
:1087f000010005244a5b400b2000bd274a5b400f67
:108800001082848f00a0053ca43aa6941082848f25
:108810001800bf8f1400b18f1000b08f0100052425
:10882000025b400b2000bd27e8ffbd271000bfaf53
:108830006259400f0100042421204000010005245a
:10884000465c400f108282af1082848f3580859302
:108850006c5c400f048186931000bf8f21200000c4
:1088600001000524db21400b1800bd27e8ffbd27d0
:1088700000a0033c1000b0af1400bfaf282e70243e
:10888000d005038e0800622c0b0040102120000050
:10889000029d083c80300300ec2007252128c700fa
:1088a0000000a48c0800800000000000b004022436
:1088b000a88282af21200000737e400f00090524aa
:1088c00021200000827e400f21280000ec050a8e46
:1088d0000806068e00a0093c01a0033c80380a006f
:1088e000bc702825b0a562248028060021f8a200cb
:1088f0002120e8000000998c0000f88f2120000062
:10890000a37e400f252838037a00103ca882868f6a
:10891000001205368c7e400f21200000212000002f
:10892000577e400f870005244d000424f47c400f3f
:108930000100052453000424f47c400f212800008a
:108940001400bf8f1000b08f88bf0c3c88bf0a3c5a
:108950001c000f2414000e2403000d2402000b241d
:108960001800bd27f4108fadf8104eadf4108dad8a
:10897000f8104bad0800e003000000000100093cc6
:1089800000c22235cbff0010a88282af600902240a
:10899000c8ff0010a88282afc0120224c5ff0010d9
:1089a000a88282af80250224c2ff0010a88282af75
:1089b000004b0224bfff0010a88282af0096023451
:1089c000bcff0010a88282af00e10234b9ff0010a2
:1089d000a88282af00a0053c282ea4249805838c91
:1089e000010002241b006250d005878c9805858cfd
:1089f000010008241c00a81004000b2498058c8c8e
:108a000021008b51d0058e8c9805838c04000f2497
:108a100023006f50d005988c9805858c040019248c
:108a20000700b950d005838c9805868c0300052477
:108a30002000c550d005878c0800e003000000002e
:108a400005000224f9ff62549805868c0800e003b3
:108a50009e8085a304000624e5ffe6549805858cd6
:108a60000800e0039e8080a3d0058a8c06000924bc
:108a7000f6ff49110000000098058c8ce3ff8b5530
:108a80009805838cd0058e8c03000d24dfffcd5517
:108a90009805838c020002240800e0039e8082a3d4
:108aa000deff03579805858c030002240800e003cd
:108ab0009e8082a304000424dfffe4140500082440
:108ac0000800e0039e8088a3c03805002330e5003d
:108ad00000a0053ce0ffbd27282ea324801006003f
:108ae0001400b1af1000b0af1800bfaf2188430031
:108af000218080001000248e2b75400f2128000259
:108b00000800401821200002211800001800bf8f23
:108b10001400b18f1000b08f211060000800e00336
:108b20002000bd272b75400f1400258ef6ff401c3a
:108b300001000324f6ff00101800bf8fd8ffbd27e7
:108b40001000b0af00a0033c21808000029d023cd9
:108b500000a0043c2000b4af1c00b3af1800b2afbb
:108b60001400b1af2400bfaf805d93247818722445
:108b700000105124ff0314240000048ecd73400f15
:108b80000000258e000062ae2160000000004caea7
:108b90000400048e0400258ecd73400ff8ff942648
:108ba000040062ae2158000004004bae0800048ea1
:108bb000cd73400f0800258e080062ae21500000e2
:108bc00008004aae0c00048ecd73400f0c00258eb9
:108bd0000c0062ae214800000c0049ae1000048e6b
:108be000cd73400f1000258e100062ae21400000b2
:108bf000100048ae1400048ecd73400f1400258e73
:108c0000140062ae21380000140047ae1800048e34
:108c1000cd73400f1800258e180062ae2130000081
:108c2000180046ae1c00048e1c00258ecd73400f2c
:108c3000200010261c0062ae2128000020003126f2
:108c40001c0045ae20007326cbff81062000522673
:108c50002400bf8f2000b48f1c00b38f1800b28f88
:108c60001400b18f1000b08f0800e0032800bd276a
:108c700050ffbd2700020224ac00bfafa800beaf6a
:108c8000a400b7afa000b6af9c00b5af9800b4afda
:108c90009400b3af9000b2af8c00b1af8800b0af1a
:108ca0001000a2af1800a0af1000a68f1000a38f75
:108cb0002a280600402003001400a0af2800a5af1a
:108cc0002c00a4af2800a78f4201e0101000b18f44
:108cd0001400be8f1000ad8f21c03e028098180096
:108ce0003000b3af3000ae8f00a0123c805d4f2645
:108cf000ffffac2580801e0021a80f022158cf0164
:108d00000100853100a00a3c3000a78f3400b0afcd
:108d1000781848253400a98f0000a48e3800a5af2c
:108d20000000658d2130e80021a028011c00abafb8
:108d30002000a6af3073400f7800a5af2000a38fae
:108d40000000978e0000768c2120e0022128c002ce
:108d50003073400f2400a2af0000a48e7800a58fce
:108d60003273400f21f040000000a2ae2120e0024b
:108d70003273400f2128c00200a0043c000082aee4
:108d8000907682242400a48f0000528ccd73400f73
:108d90002128400200a01f3cb854f9270000338f5f
:108da000218840002120c003cd73400f212860029c
:108db000212840003073400f212020021c00b88f72
:108dc0002400a48f000002afcd73400f2128600261
:108dd000218040002120c00321284002cd73400f94
:108de0000100172421284000212000023273400f87
:108df0003c00b7af3c00b68f1000b58f3400b38f86
:108e00002000b48f3000b18f040072262a80d50272
:108e1000000082ae4000b2afee00001204003e2619
:108e20003800b98f530020133c00b78f00a0153cc9
:108e30001800a38f805da4263c00b38f21f8c403e3
:108e40006400bfaf00a0193c00a00e3c04107300ea
:108e50004000b78f00a0123c807802007818cc2523
:108e6000907638276400a78fb85450262128cc0369
:108e70002148f0012158f80121a0e4024000ad8f03
:108e800000006a8d0000288d0000848e6800a5af68
:108e90000000e58c2198ac017000aaaf7400a8af67
:108ea0003073400f8000a5af6800a68f0000718e60
:108eb0000000d68c212020022128c0023073400ff0
:108ec0006c00a2af0000848e8000a58f3273400f2b
:108ed00021904000000082ae2128c0023273400f72
:108ee000212020026c00a48f7000a58fcd73400f4d
:108ef000000062ae7400a58f21f04000cd73400fda
:108f000021204002212840003073400f2120c0035f
:108f10006400a38f6c00a48f7400a58fcd73400fe5
:108f2000000062ac7000a58f21804000212040022b
:108f3000cd73400f0200152421284000212000029b
:108f40003273400f3c00b5af3c00b78f1000b68fb6
:108f50006800b48f3400a48f3000bf8f000082ae51
:108f60002a18f602080082240800fe279700001045
:108f70004000a2af1800b58f4000a98f0460b7026f
:108f800000a00a3c00a0073c80300c00805d482512
:108f90009076e42421a028012190c8032118c40060
:108fa00000a0183c00a0053c78180e27b854ab244c
:108fb00000007f8c4000af8f0000848e0000458e43
:108fc00021c8cb002168ce0321b0ee010000378f0d
:108fd0004c00bfaf3073400f4400adaf4800a2afac
:108fe0004400a28f0000d18e0000508c212020026e
:108ff0003073400f212800020000848e0000458e4f
:109000003273400f5000a2af000082ae2120200238
:109010003273400f212800024800a48f4c00a58f16
:10902000cd73400f0000c2ae5000a48f21984000c5
:10903000cd73400f2128e002212840003073400ffb
:10904000212060024800a48f000042aecd73400f83
:109050002128e0025000a48f4c00a58fcd73400f53
:1090600021a84000212840003273400f2120a00297
:109070004000aa8f3c00ac8f00a0103c04005f258c
:10908000805d09261800a58f2198e90301008b2532
:1090900000a0123c0400d82700a0073c04a0ab00ad
:1090a0005400b3af805d5726801814002140170389
:1090b0009076e6245400ac8f217866005800a8af63
:1090c00000a0113c4400b58f00a0043c00008b8d33
:1090d000781899240000ee8db85436265800a58fd4
:1090e000216876000000a2ae21b0f90321a819037f
:1090f0000000b28d212060015c00aeaf7c00abaf00
:109100000000b48c3073400f212880020000c48e10
:109110000000b18e219840003073400f21282002ba
:109120007c00a48f212880023273400f6000a2af20
:109130005400aa8f0000c48e000042ad3273400f6d
:10914000212820025c00a58f0000c2aecd73400f25
:10915000212060026000a48f21804000cd73400f69
:1091600021284002212840003073400f21200002b6
:109170005800a98f21206002000022adcd73400f5e
:10918000212840026000a48f5c00a58fcd73400fa2
:1091900021b840003c00a88f2120e00202000725f2
:1091a000212840003273400f3c00a7af4000b18f30
:1091b0003c00a68f1000b48f080036262a18d40071
:1091c0000000a2ae4000b6af0800de2769ff6014c1
:1091d0003c00b78f1400aa8f2c00ab8f21484b01a5
:1091e00000042829b7fe00151400a9af1000af8fa6
:1091f0001800ae8f43600f000100cd251000acaf0a
:10920000a9fe801d1800adafac00bf8fa800be8fb7
:10921000a400b78fa000b68f9c00b58f9800b48fc4
:109220009400b38f9000b28f8c00b18f8800b08f04
:109230000800e003b000bd27d0ffbd272400b5af74
:109240002000b4af1000b0af2800bfaf1c00b3af18
:109250001800b2af1400b1af029d023c2180800023
:10926000dc25448c3073400f21a8a00021a04000d1
:109270000400128e2128a0020000048ecd73400f3e
:10928000040013262188400021284002cd73400f9e
:1092900021208002212840003273400f212020022b
:1092a000040002ae21204000cd73400f2128a0020f
:1092b0000400658e21904000cd73400f2120800274
:1092c000212840003273400f21204002040062ae8a
:1092d0000800048e08001226cd73400f2128a0023a
:1092e0000400458e21884000cd73400f212080026c
:1092f000212840003273400f21202002040042ae9a
:10930000fb0013240c0012260000448ecd73400f86
:109310002128a0020400458e21884000cd73400f13
:1093200021208002212840003273400f212020029a
:1093300004005126040042ae21204000cd73400fae
:109340002128a0020400258e21804000cd73400f0b
:1093500021208002212840003273400f212000028a
:10936000040022ae0800448e08005126cd73400f41
:109370002128a0020400258e21804000cd73400fdb
:1093800021208002212840003273400f212000025a
:10939000040022ae0c00448e0c005126cd73400f09
:1093a0002128a0020400258e21804000cd73400fab
:1093b00021208002212840003273400f212000022a
:1093c000040022ae1000448e10005126cd73400fd1
:1093d0002128a0020400258e21804000cd73400f7b
:1093e00021208002212840003273400f21200002fa
:1093f000040022ae1400448e14005126cd73400f99
:109400002128a0020400258e21804000cd73400f4a
:1094100021208002212840003273400f21200002c9
:10942000040022ae1800448e18005126cd73400f60
:109430002128a0020400258e21804000cd73400f1a
:1094400021208002212840003273400f2120000299
:10945000040022ae1c00448e1c005126cd73400f28
:109460002128a0020400258e21804000cd73400fea
:1094700021208002212840003273400f2120000269
:10948000040022ae2000448e20005126cd73400ff0
:109490002128a0020400258e21804000cd73400fba
:1094a0002120800221284000212000023273400f39
:1094b000f7ff7326040022ae93ff610624005226b4
:1094c0002800bf8f2400b58f2000b48f1c00b38ffd
:1094d0001800b28f1400b18f1000b08f0800e003a5
:1094e0003000bd27d0ffbd272800b6af1000b0afb9
:1094f0002c00bfaf2400b5af2000b4af1c00b3af49
:109500001800b2af1400b1af029d023c2a18a600a9
:1095100021b0c0002180a000e025538c8e00601097
:10952000408380af803005002728050021a0c400bb
:109530002120b600070091300000928e21a8000083
:10954000212060022b75400f21284002ad0042040b
:1095500021a80002010012262a6856027d00a011ef
:109560000400902640002012010007243200271238
:109570000200082428002812030009241e002912d2
:1095800004000a2414002a1205000b240a002b12de
:1095900006000c247b002c160000118e2120600296
:1095a0002b75400f212820028400420421a840028c
:1095b00001005226040010260000118e21206002b6
:1095c0002b75400f212820028800420421a8400268
:1095d00001005226040010260000118e2120600296
:1095e0002b75400f212820027e00420421a8400252
:1095f00001005226040010260000118e2120600276
:109600002b75400f212820027400420421a840023b
:1096100001005226040010260000118e2120600255
:109620002b75400f212820027200420421a840021d
:1096300001005226040010260000118e2120600235
:109640002b75400f212820023f00430401005226c1
:1096500021a84002010052262a70560221982002b9
:109660003c00c011040010260000118e2120600271
:109670002b75400f212820028400420421a84002bb
:109680000400118e01005426212060022b75400f2a
:10969000212820027b00420421a880020800118eac
:1096a00002005426212060022b75400f2128200241
:1096b00056004004212060020c00118e0300542645
:1096c0002b75400f212820025a00420421982002c5
:1096d0001000118e04005426212060022b75400fcb
:1096e000212820025c004204219820021400118edf
:1096f00005005426212060022b75400f21282002ee
:109700005e00420421a880021800118e0600542633
:10971000212060022b75400f2128200229004204dd
:1097200021a880021c00118e070052261c00102662
:10973000212060022b75400f21282002c5ff420422
:1097400021a84002010052262a705602c6ffc01509
:1097500004001026408395af211060022c00bf8fbb
:109760002800b68f2400b58f2000b48f1c00b38f63
:109770001800b28f1400b18f1000b08f0800e00302
:109780003000bd27212060022b75400f21282002c8
:109790000e00420421a840020100522604001026b7
:1097a0000000118e212060022b75400f212820021d
:1097b00080ff43040100522621a840027cff0010d4
:1097c00021982002d7ff00102198200204001026c3
:1097d00001005226f2ff0010219820028cff001099
:1097e0002198200282ff00102198200278ff0010ab
:1097f0002198200204001026010052268eff00103e
:109800002198200253ff0010219840022198200245
:1098100021a880020c00118e030054262120600232
:109820002b75400f21282002aaff43041000118e3f
:109830002198200221a880021000118e04005426d5
:10984000212060022b75400f21282002a8ff43042d
:109850001400118e2198200221a880021400118e7c
:1098600005005426212060022b75400f212820027c
:10987000a6ff43041800118e21a88002a2ff001049
:109880002198200285ff0010219820027cff001003
:1098900021982002d0ffbd272800b6af1000b0af3e
:1098a0002c00bfaf2400b5af2000b4af1c00b3af95
:1098b0001800b2af1400b1af029d023c2a18a600f6
:1098c00021b0c0002180a0008f006010e425538cdf
:1098d000803005002728050021a0c4002120b60003
:1098e000070091300000928e9082958f21204002d7
:1098f0002b75400f21286002ae00420421a800020f
:10990000010012262a6856027e00a011040090264b
:109910004000201201000724320027120200082410
:1099200028002812030009241e00291204000a241a
:1099300014002a1205000b240a002b1206000c2426
:109940007c002c160000118e212860022b75400f20
:10995000212020028500420421a840020100522655
:10996000040010260000118e212860022b75400f84
:10997000212020028900420421a840020100522631
:10998000040010260000118e212860022b75400f64
:10999000212020027f00420421a84002010052261b
:1099a000040010260000118e212860022b75400f44
:1099b000212020027500420421a840020100522605
:1099c000040010260000118e212860022b75400f24
:1099d000212020027300420421a8400201005226e7
:1099e000040010260000118e212860022b75400f04
:1099f00021202002400043040100522621a84002f9
:109a0000010052262a705602219820023d00c01102
:109a1000040010260000118e212860022b75400fd3
:109a2000212020028400420421a840020400118e5b
:109a300001005426212020022b75400f21286002ae
:109a40007b00420421a880020800118e02005426e7
:109a5000212020022b75400f21286002570042046c
:109a6000219820020c00118e030054262120200290
:109a70002b75400f212860025900420421982002d2
:109a80001000118e04005426212020022b75400f57
:109a9000212860025b004204219820021400118eec
:109aa00005005426212020022b75400f212860023a
:109ab0005d00420421a880021800118e0600542681
:109ac000212020022b75400f21286002290042042a
:109ad00021a880021c00118e070052261c001026af
:109ae000212020022b75400f21286002c4ff420470
:109af00021a84002010052262a705602c5ffc01557
:109b000004001026908295af211060022c00bf8fb8
:109b10002800b68f2400b58f2000b48f1c00b38faf
:109b20001800b28f1400b18f1000b08f0800e0034e
:109b30003000bd27212860022b75400f2120200214
:109b40000e00420421a84002010052260400102603
:109b50000000118e212860022b75400f2120200269
:109b60007fff43040100522621a840027bff001022
:109b700021982002d7ff001021982002040010260f
:109b800001005226f2ff0010219820028bff0010e6
:109b90002198200281ff00102198200277ff0010f9
:109ba0002198200204001026010052268dff00108b
:109bb0002198200252ff00102198400221a8800223
:109bc0000c00118e03005426212020022b75400f1b
:109bd00021286002abff43041000118e219820025f
:109be00021a880021000118e04005426212020029a
:109bf0002b75400f21286002a9ff43041400118e29
:109c00002198200221a880021400118e05005426fc
:109c1000212020022b75400f21286002a7ff43045a
:109c20001800118e21a88002a3ff001021982002a5
:109c300085ff0010219820027cff0010219820024f
:109c4000d0ffbd272a10a6002800b6af1c00b3af76
:109c50002c00bfaf2400b5af2000b4af1800b2afe6
:109c60001400b1af1000b0af23b0c50061004010c8
:109c7000219800008018050021a064000000858e56
:109c8000ffffd026212060023273400f2190000296
:109c9000219840000700103256004012040091261f
:109ca00038000012010004242f00041202000524d1
:109cb00027000512030006241f00061204000724d3
:109cc00017000712050008240f00081206000924d7
:109cd000080009520000258e0400858e21204000d6
:109ce0003273400ffeffd2260800912621984000d3
:109cf0000000258e212060023273400fffff5226a4
:109d000004003126219840000000258e21206002a9
:109d10003273400fffff5226040031262198400085
:109d20000000258e212060023273400fffff522673
:109d300004003126219840000000258e2120600279
:109d40003273400fffff5226040031262198400055
:109d50000000258e212060023273400fffff522643
:109d600004003126219840000000258e2120600249
:109d70003273400fffff5226219840001d00401211
:109d8000040031260000258e3273400f212060022e
:109d90000400258e3273400f212040000800258edc
:109da0003273400f212040000c00258e3273400f8b
:109db000212040001000258e3273400f21204000ea
:109dc0001400258e3273400f212040001800258e8c
:109dd0003273400f212040001c00258e21204000be
:109de0003273400ff8ff522620003126e5ff40165f
:109df00021984000c674400f2120c0022128400055
:109e00003b74400f212060022c00bf8f2800b68fca
:109e10002400b58f2000b48f1c00b38f1800b28fc0
:109e20001400b18f1000b08f0800e0033000bd2790
:109e3000e0ffbd2700a0053c1800b2af1000b0af96
:109e40001c00bfaf1400b1af282eb0247c0c038ed1
:109e50000600022414006210219080007c0c068e03
:109e6000070004241c00c410f882858f7c0c088e27
:109e700008000724060007151c00bf8f240f048e5e
:109e80002b75400ff882858f1a0040041c00bf8f8d
:109e90001800b28f1400b18f1000b08f2000bd27c2
:109ea0000800e00321100000f882858f240f118e36
:109eb0002b75400f21202002e9ff43047c0c068e05
:109ec000212040023073400f21282002400f058ed0
:109ed0000a00001021204000240f118e2b75400f26
:109ee00021202002e2ff43047c0c088ef5ff0010c5
:109ef00021204002400f048e21284002cd73400fe4
:109f000000000000dc0b058ecd73400f21204000c7
:109f10001c00bf8f1800b28f1400b18f1000b08fdb
:109f20000800e0032000bd27d8ffbd271c00b3af09
:109f30001800b2af2400bfaf2000b4af1400b1af1f
:109f40001000b0af029d133ce825658e2b75400fc5
:109f50002190800026004018e825648e2b75400f64
:109f60002128400235004004029d143cec25848edb
:109f70002b75400f212840024f004004029d133ce6
:109f8000f425648e2b75400f212840025f004004a9
:109f9000029d143cfc25848e2b75400f2128400225
:109fa0006f004004029d133c0426648e2b75400f05
:109fb000212840027f004004029d103cf025048ec1
:109fc0002b75400f21284002180040042110400248
:109fd0002400bf8f2000b48f1c00b38f1800b28ff5
:109fe0001400b18f1000b08f0800e0032800bd27d7
:109ff00000a0023cd43e458c21204002cd73400f8e
:10a000000000000021904000211040022400bf8f7a
:10a010002000b48f1c00b38f1800b28f1400b18fd2
:10a020001000b08f0800e0032800bd2700a0193cf5
:10a03000603f258ff1ff001021204002ec25858e26
:10a040002b75400f21204002c9ff405cec25848e17
:10a0500000a0043c282e8524c810a48cac10b18c20
:10a060003073400f21282002e825658e21804000b2
:10a070003073400f2120400221284000cd73400f53
:10a0800021200002029d033cf025658ccd73400f1a
:10a0900021204000212840003273400f212020025f
:10a0a000e08182af21204002cd73400f2128400083
:10a0b000d5ff001021904000f425658e2b75400fd0
:10a0c00021204002afff405cf425648e00a0083cd4
:10a0d000282e0725e410e48cc810f18c3073400f53
:10a0e00021282002ec25858e219840003073400ff6
:10a0f0002120400221284000cd73400f2120600222
:10a10000029d063ce1ff0010f825c58cfc25858edc
:10a110002b75400f212040029fff405cfc25848e60
:10a1200000a00b3c282e6a250011448de410518daf
:10a130003073400f21282002f425658e21a04000b5
:10a140003073400f2120400221284000cd73400f82
:10a1500021208002029d093cccff00100026258da5
:10a160000426658e2b75400f212040028fff405c36
:10a170000426648e00a00e3c282ecd251c11a48d33
:10a180000011b18d3073400f21282002fc25858eef
:10a19000218040003073400f2120400221284000e0
:10a1a000cd73400f21200002029d0c3cb7ff001030
:10a1b0000826858df025058e2b75400f2120400245
:10a1c0007fff405cf025048e00a0113c282e38262d
:10a1d0003811048f1c11118f3073400f2128200279
:10a1e0000426658e21a040003073400f21204002dc
:10a1f00021284000cd73400f21208002029d0f3c9a
:10a20000a2ff00100c26e58de0ffbd2700a0053c55
:10a210001800b2af1000b0af1c00bfaf1400b1af58
:10a22000282eb0247c0c038e060002241400621039
:10a23000219080007c0c068e070004242500c410a9
:10a24000f882858f7c0c088e08000724060007150d
:10a250001c00bf8f240f048e2b75400ff882858f52
:10a26000230040041c00bf8f1800b28f1400b18f70
:10a270001000b08f2000bd270800e003211000006f
:10a28000f882858f240f118e2b75400f212020021c
:10a29000e9ff43047c0c068edc0b058ecd73400f6a
:10a2a000400f048e212840003b74400f21204002c3
:10a2b000212840003273400f212020021c00bf8f54
:10a2c0001800b28f1400b18f1000b08f0800e003a7
:10a2d0002000bd27240f118e2b75400f2120200256
:10a2e000d9ff43047c0c088eecff0010dc0b058ebc
:10a2f000dc0b058ecd73400f400f048e21284000eb
:10a300003b74400f212040021c00bf8f1800b28f09
:10a310001400b18f1000b08f0800e0032000bd27ab
:10a32000d8ffbd271c00b3af1800b2af2400bfafe9
:10a330002000b4af1400b1af1000b0af029d133cc9
:10a340001026658e2b75400f219080002600401846
:10a350001026648e2b75400f2128400233004004e4
:10a36000029d143c1426848e2b75400f2128400238
:10a370004b004004029d133c1c26648e2b75400f3d
:10a380002128400259004004029d143c2426848e5a
:10a390002b75400f2128400267004004029d103cad
:10a3a0002026048e2b75400f2128400275004004a2
:10a3b000029d103c3026048e2b75400f2128400250
:10a3c00017004004211040022400bf8f2000b48fea
:10a3d0001c00b38f1800b28f1400b18f1000b08f23
:10a3e0000800e0032800bd27d081858f212040028e
:10a3f000cd73400f0000000021904000211040026a
:10a400002400bf8f2000b48f1c00b38f1800b28fc0
:10a410001400b18f1000b08f0800e0032800bd27a2
:10a420004883858ff2ff0010212040021426858e7c
:10a430002b75400f21204002cbff405c1426848ef8
:10a440004483848fd081918f3073400f2128200264
:10a450001026658e218040003073400f212040027d
:10a4600021284000cd73400f21200002029d033cb3
:10a470001826658ccd73400f21204000212040001c
:10a480003273400f21282002e08182af2120400258
:10a49000cd73400f21284000d8ff001021904000cc
:10a4a0001c26658e2b75400f21204002b3ff405cb7
:10a4b0001c26648edc82848f4483918f3073400f1e
:10a4c000212820021426858e219840003073400fe9
:10a4d0002120400221284000cd73400f212060023e
:10a4e000029d043ce3ff00102026858c2426858ee7
:10a4f0002b75400f21204002a5ff405c2426848e4e
:10a500004c82848fdc82918f3073400f212820028f
:10a510001c26658e21a040003073400f2120400290
:10a5200021284000cd73400f21208002029d063c6f
:10a53000d0ff00102826c58c2026058e2b75400fd5
:10a540002120400297ff405c2026048ec881848f22
:10a550004c82918f3073400f212820022426858e53
:10a56000218040003073400f21204002212840000c
:10a57000cd73400f21200002029d073cbdff00105b
:10a580002c26e58c3026058e2b75400f21204002ad
:10a5900089ff405c3026048e4883848fc881918f68
:10a5a0003073400f2128200221984000029d023c78
:10a5b0003426458c3073400f212040022128400072
:10a5c000cd73400f21206002029d083ca9ff0010be
:10a5d0003826058dd8ffbd271800b2af1400b1afe3
:10a5e0001000b0af2000bfaf1c00b3af029d023c13
:10a5f000208e057c218080003c26538c2b75400fdb
:10a6000021280000029d033c010024262a0040046a
:10a610004426728cc674400f0000000021284000c0
:10a62000c16d400f21204002029d063c4826c48c8b
:10a630003b74400f21284000212840003273400f16
:10a640002120000221202002c674400f21804000fa
:10a650002188400021204002c16d400f2128400088
:10a6600021284000cd73400f21200002212040000e
:10a670003273400f212860029e6c400f2120400061
:10a680002180400021204002c16d400f212820027e
:10a69000212840003b74400f212000022000bf8f82
:10a6a0001c00b38f1800b28f1400b18f1000b08f50
:10a6b0000800e0032800bd27029d053cd5ff0010df
:10a6c0004026b38ce0ffbd2700a0083c1400b1afca
:10a6d0001000b0af1800bfaf282e1025781b078ed2
:10a6e000941b058e003407002310c700211045007d
:10a6f0004218020001004430252083003500400448
:10a7000021880002c674400f21204000b01b0e8e2d
:10a71000cc1b0c8e006c0e002358ae01ec1c22ae3c
:10a7200021106c01425002000100493025202a010d
:10a730003800400421880002c674400f21204000e8
:10a74000041c048e201c198e00fc040023c0e403aa
:10a75000081d22ae211019034288020001004f306b
:10a760002520f1013b00400421880002c674400fff
:10a7700021204000ec1c048e212800007529400f88
:10a78000f01b22aef074400f21204000081d048e03
:10a79000212800007529400fe41c02aef074400f20
:10a7a00021204000f01b048e212800007529400f55
:10a7b000001d02aef074400f21204000e81b02aee5
:10a7c0001800bf8f1400b18f1000b08f0800e00395
:10a7d0002000bd27c674400f00000000212040006b
:10a7e0003273400f21284000b01b0e8ecc1b0c8e04
:10a7f000006c0e002358ae01ec1c22ae21106c013f
:10a80000425002000100493025202a01caff4104bc
:10a8100021880002c674400f000000002120400083
:10a820003273400f21284000041c048e201c198e16
:10a8300000fc040023c0e403081d22ae211019030c
:10a840004288020001004f302520f101c7ff41047a
:10a8500021880002c674400f000000002120400043
:10a860003273400f21284000ec1c048e2128000088
:10a870007529400ff01b22aef074400f21204000dc
:10a88000081d048e212800007529400fe41c02ae2b
:10a89000f074400f21204000f01b048e212800009e
:10a8a0007529400f001d02aef074400f21204000ba
:10a8b000e81b02ae1800bf8f1400b18f1000b08fdc
:10a8c0000800e0032000bd27d8ffbd272400bfaf4c
:10a8d0001000b0af2000b4af218080001c00b3afe7
:10a8e0001800b2af801b400f1400b1af635c400f83
:10a8f00000000000010002240d00021200a0043c30
:10a90000585c400f1082848f831b400f00000000b2
:10a910002400bf8f2000b48f1c00b38f1800b28fab
:10a920001400b18f1000b08fb129400b2800bd2753
:10a93000282e94242190000021180000841f80ae4e
:10a94000a01f80ae8c1f83ae06000010a81f83ae30
:10a9500001002426ffff92302c01432e5b00605043
:10a960001812848ec05012002398520180481300a0
:10a970002180340100000896ffff0725ffffe63025
:10a980000200c52c1f00a0500100532602000c96a7
:10a9900002008b2d1b006051010053261800118e00
:10a9a000212000002b75400f212820026700400461
:10a9b000029d0d3c4c26a58d2b75400f21202002b9
:10a9c000630040040800048e7529400f2128000010
:10a9d000212040000e75400f808813002180340232
:10a9e000212040000b56400f212840020800048e11
:10a9f00000000f9601000e246600ee110c0004ae5c
:10aa000001005326ffff7132c0801100239811020c
:10aa1000801013002180540000001f96fffff927cb
:10aa2000ffff38330200122fcaff40120100242614
:10aa3000020009960200282dc7ff0011ffff923087
:10aa40001800128e212000002b75400f2128400293
:10aa500039004004029d0a3c4c26458d2b75400f61
:10aa600021204002350040040800048e7529400f63
:10aa7000212800000e75400f2120400021204000b9
:10aa80000b56400f21282002803813002180f4004b
:10aa90000800048e0000069601000524acffc514d2
:10aaa0000c0004ae7529400f212800000e75400fe0
:10aab0002120400001002426ffff92302c01432e6c
:10aac000a8ff6014040002ae1812848e7529400f8e
:10aad000212800000e75400f212040002120400059
:10aae0000b56400fa80005243412848e7529400fa0
:10aaf000212800000e75400f212040002120400039
:10ab00000b56400fa9000524585c400f1082848f1b
:10ab1000831b400f000000002400bf8f2000b48f73
:10ab20001c00b38f1800b28f1400b18f1000b08fcb
:10ab3000b129400b2800bd270800048ecd73400fbb
:10ab400021284002c9ff0010212040000800048e87
:10ab5000cd73400f21282002212800007529400fc5
:10ab600021204000212040000e75400f80881300f6
:10ab700021803402212040000b56400f2128400242
:10ab80000800048e00000f9601000e249cffee15b5
:10ab90000c0004ae7529400f212800000e75400fef
:10aba0002120400096ff0010040002ae2482848f12
:10abb000d881858fe8ffbd271400bfaf3073400fe9
:10abc0001000b0af3483848f2b75400f21284000d4
:10abd00001a0043c60818424212800000f0041046e
:10abe0000300032400a0033c2526400f9c3c668cf8
:10abf0002482848f212840003073400fd08282af9e
:10ac000021804000029d023c5026448c2b75400f51
:10ac10002128000206004004010003241400bf8f15
:10ac20001000b08f211060000800e0031800bd275d
:10ac30009082868fc674400ffeffc42421204000fe
:10ac40003b74400f212800028882858f212040001c
:10ac5000cd73400f948182af212800007529400fe9
:10ac600021204000f074400f2120400002004524c4
:10ac700002000324e9ff0010e48185afc8ffbd276f
:10ac80001c00b1afffffb130c03011002400b3afe2
:10ac900000a0053c2398d1002800b4af8018130011
:10aca000282eb4242000b2af3000bfaf2c00b5afc7
:10acb0001800b0af21107400219080001800508c53
:10acc000212000002b75400f212800022d00400498
:10acd000029d043c5426858c2b75400f21200002d8
:10ace00028004004000000005e00400601004e32d3
:10acf000c674400f2120400221282002b222400fba
:10ad0000212040002e004010020004241000a4273f
:10ad1000b153400f212820021000b08f2b001212d7
:10ad200080c013005f00400621a81403c674400fc2
:10ad3000212040022128400080101300218054006f
:10ad4000000003960c00a5ae010013243b007350d5
:10ad50000c00048e212040020b56400f21282002b7
:10ad60003000bf8f2c00b58f2800b48f2400b38f24
:10ad70002000b28f1c00b18f1800b08f0800e003d4
:10ad80003800bd273f00400601004732c674400f1f
:10ad9000212040028048130021a834011800a58e0c
:10ada0003b74400f2120400021282002b222400f96
:10adb000212040000e0040141000a42702000424ab
:10adc0008715400f02001124368291a73000bf8ff3
:10add0002c00b58f2800b48f2400b38f2000b28fd1
:10ade0001c00b18f1800b08f0800e0033800bd27a9
:10adf000b153400f212820021000aa8ff4ff5211f6
:10ae00003000bf8f3500400601004b32c674400f42
:10ae100021204002806813002180b4011800058eb3
:10ae20003b74400f212040000000039601001324d2
:10ae3000c8ff73140c00a2ae0c00048e7529400fdd
:10ae4000212800000e75400f21204000040002aeb2
:10ae5000212040020b56400f21282002c1ff001084
:10ae60003000bf8f42781200c674400f2520cf01fa
:10ae7000212040003273400f212840009fff001026
:10ae80002128200242401200c674400f2520e8000d
:10ae9000212040003273400f21284000beff0010e7
:10aea000804813000100593242f8120025203f0368
:10aeb000c674400f00000000212840003273400f8c
:10aec00021204000212840008010130021805400e0
:10aed000000003969cff00100c00a5ae426012001b
:10aee000c674400f25206c01212040003273400fb2
:10aef00021284000c8ff001080681300c8ffbd274c
:10af000000a0023c2c00b5af282e55242800b4af79
:10af10002000b2af1800b0af21900000029d143c99
:10af20002180a0023000bfaf2400b3af04000010a6
:10af30001c00b1af2c014f2e2700e0111c00102681
:10af400000000696ffffc524ffffa4300200832cfb
:10af5000f8ff6050010052261000a427b153400fa3
:10af6000212840022e0040141800118e21200000dc
:10af70002b75400f21282002800040045826858e22
:10af80002b75400f212020027c0040041000a28f6e
:10af90008d00400442480200c674400f212040004a
:10afa00000000c9601000b2480008b110c0002aef7
:10afb0000c00048eb222400f21284002ddff401415
:10afc000010052268715400f010004242c014f2e4a
:10afd000dbffe0151c001026d414b08e140ca58ed7
:10afe0001c0cb0ae2b75400f212000023300400432
:10aff00021280000b129400f000000003000bf8f61
:10b000002c00b58f2800b48f2400b38f2000b28f9e
:10b010001c00b18f1800b08f0800e0033800bd2776
:10b02000212000002b75400f2128200247004004fa
:10b030005826858e2b75400f2120200243004004a6
:10b04000212800000800118e2b75400f21202002be
:10b05000212800002b004010212020027529400fdc
:10b06000000000000e75400f21204000212040000c
:10b070000b56400f212840020800048e00000e9657
:10b0800001000d24218840002a00cd110c0004aedf
:10b09000a8ff205201005226d414b08e140ca58ea5
:10b0a000381db1ae541db2ae1c0cb0ae2b75400fa6
:10b0b00021200002cfff4104212800007529400f04
:10b0c000212000020e75400f212040002120400069
:10b0d0001f2b400f6e000524b129400f0000000017
:10b0e0003000bf8f2c00b58f2800b48f2400b38fa1
:10b0f0002000b28f1c00b18f1800b08f0800e00351
:10b100003800bd27010004240b56400f21284002bf
:10b11000212000000b56400f212840020800048e19
:10b1200000000e9601000d2421884000d8ffcd15a7
:10b130000c0004ae7529400f212800000e75400f49
:10b1400021204000d2ff0010040002ae0800138e40
:10b15000212800002b75400f21206002eaff40509b
:10b160000100042421206002cd73400f2128200219
:10b1700021280000b9ff0010212040001000a28ffc
:10b180001900400442380200c674400f21204000dc
:10b190001800058e3b74400f2120400000000c96e3
:10b1a00001000b2482ff8b150c0002ae0c00048ef4
:10b1b0007529400f212800000e75400f2120400006
:10b1c0007bff0010040002ae01004a30c674400f3d
:10b1d00025204901212040003273400f21284000e2
:10b1e00070ff001000000c9601004830c674400f3c
:10b1f00025200701212040003273400f2128400004
:10b200001800058e3b74400f21204000e4ff001021
:10b2100000000c96e0ffbd271400b1afc09f113ca9
:10b22000dc2624361800bfaf5d1b400f1000b0af06
:10b23000482824367e1b400f21804000aa00453854
:10b24000273010002b2006000100a22c24188200b9
:10b2500038006014000000005d1b400f04272436f6
:10b260004c2824367e1b400f21804000aa004a381b
:10b27000275810002b400b000100492d24380901ec
:10b280001f00e014000000005d1b400fa4272436bf
:10b290005c2824367e1b400f21804000aa004f38d6
:10b2a000278810002b6811000100ee2d2460ae01ec
:10b2b000050080151800bf8f1400b18f1000b08feb
:10b2c0000800e0032000bd27801b400f00000000a5
:10b2d000635c400f00000000212000021f2b400f84
:10b2e00006010524585c400f1082848f1800bf8f20
:10b2f0001400b18f1000b08f831b400b2000bd27be
:10b30000801b400f00000000635c400f0000000045
:10b31000212000021f2b400ff1000524585c400f34
:10b320001082848f831b400f00000000d6ff0010a6
:10b3300000000000801b400f00000000635c400f15
:10b3400000000000212000021f2b400ff000052408
:10b35000585c400f1082848f831b400f0000000058
:10b36000bdff001000000000d0ffbd271000b0afef
:10b3700000a0103c2400b5af1c00b3af1800b2af62
:10b380002800bfaf2000b4af1400b1afc86d0d26c8
:10b390000a00af910b00ac910800aa9100a00e3cee
:10b3a000005a0f00282ed5250900a791b405a68eb6
:10b3b00000a0083c21206c01004a0a00f84e10252c
:10b3c000212827010400022401000324ffff9330f9
:10b3d000f84e06ad040002ae600203aeffffb230cd
:10b3e00065006012080000a2be00473a0801493a11
:10b3f0002150000027100a000100e82c0100262d32
:10b400002118530025880601212840029b002012a4
:10b41000010074302138000060020e8e01001124fa
:10b420002168d0010100cb25022207000200cc25b3
:10b430002b2833020900a7a10800a4a160020caeca
:10b440004d00a01008000ba25400801621f85102f4
:10b4500021185102ffff6430be00853808019f3873
:10b460000100b82c0100f92f25a01903080080164f
:10b4700021400000090102240500821005ff8624f6
:10b480000700c82c6a000011c070040021400000b1
:10b4900001002726fffff13021c05102ffff0733d3
:10b4a00060020c8ebe00ef380801ee380100ed2d71
:10b4b0000100d42d2158900101008a25022a08009c
:10b4c000020084252548b401090068a1080065a18f
:10b4d000600204ae3f00201508000aa209010b24f7
:10b4e0003c00eb1005ffe42407008a2c3a0040558d
:10b4f00021380000c02807002310a70080c00200e8
:10b50000213015030000c49402008f3806008e38e5
:10b510000100ed2d0100d42d2560b4017d00805582
:10b520001800c58c05008838010082380100472cbe
:10b5300001001f2d25c8ff0027002013213800001f
:10b540000400c794010029266002068effff3131f6
:10b550002140d0000100df24021a07000200c224ab
:10b560002bc83302090007a1080003a1600202ae44
:10b57000b7ff201708001fa22800bf8f2400b58f37
:10b580002000b48f1c00b38f1800b28f1400b18f4d
:10b590001000b08fa91e400b3000bd27ffffe43321
:10b5a000be0099380801983801002e2f01000f2f96
:10b5b00025a0cf01080080162138000009010324ce
:10b5c0000500831005ff88240700022d4500401068
:10b5d000c0300400213800006002068e01002926d8
:10b5e000ffff31312140d0000100df24021a0700a3
:10b5f0000200c2242bc83302090007a1080003a1de
:10b60000600202ae92ff201708001fa22800bf8f21
:10b610002400b58f2000b48f1c00b38f1800b28fa8
:10b620001400b18f1000b08fa91e400b3000bd2751
:10b630002368c40180200d00213095000000c494cf
:10b6400002008c3806008b380100872d01006a2d1e
:10b650002548ea00380020150500993801009f3878
:10b660000100f42f0100382f2578980288ffe0119f
:10b670002140000086ff00100400c894090119242d
:10b6800064ff591205ffb82407000f2f62ffe01571
:10b6900021380000c03805002348e500803009004b
:10b6a0002120d500000085940200a3380600a838a8
:10b6b0000100712c0100022d25f822022800e0175c
:10b6c0000500ac380100ad380100a52d01008b2d1f
:10b6d0002550ab0050ff4011213800004eff0010f4
:10b6e000040087942310c40080c002002130150399
:10b6f0000000c49402008f3806008e380100ed2d42
:10b700000100d42d2560b40187ff80110500883821
:10b710001800c58ccd73400f0c00c48c212800008c
:10b720007529400f212040000e75400f2120400058
:10b73000a9ff0010ffff47301800c58ccd73400fe4
:10b740000c00c48c212800007529400f21204000e6
:10b750000e75400f212040004dff0010ffff4830c4
:10b760001800858ccd73400f0c00848c21280000bc
:10b770007529400f212040000e75400f2120400008
:10b7800025ff0010ffff4730d0ffbd271000b0afee
:10b7900000a0103c2400b5af1c00b3af1800b2af3e
:10b7a0002800bfaf2000b4af1400b1afc86d0d26a4
:10b7b0000a00af910b00ac910800aa9100a00e3cca
:10b7c000005a0f00282ed5250900a791b405a68e92
:10b7d00000a0083c21206c01004a0a00f84e102508
:10b7e000212827010300022401000324ffff9330d6
:10b7f000f84e06ad040002ae600203aeffffb230a9
:10b8000065006012080000a2be00473a0801493aec
:10b810002150000027100a000100e82c0100262d0d
:10b820002118530025880601212840029b00201280
:10b83000010074302138000060020e8e01001124d6
:10b840002168d0010100cb25022207000200cc258f
:10b850002b2833020900a7a10800a4a160020caea6
:10b860004d00a01008000ba25400801621f85102d0
:10b8700021185102ffff6430be00853808019f384f
:10b880000100b82c0100f92f25a01903080080162b
:10b8900021400000090102240500821005ff8624d2
:10b8a0000700c82c6a000011c0700400214000008d
:10b8b00001002726fffff13021c05102ffff0733af
:10b8c00060020c8ebe00ef380801ee380100ed2d4d
:10b8d0000100d42d2158900101008a25022a080078
:10b8e000020084252548b401090068a1080065a16b
:10b8f000600204ae3f00201508000aa209010b24d3
:10b900003c00eb1005ffe42407008a2c3a00405568
:10b9100021380000c02807002310a70080c00200c3
:10b92000213015030000c49402008f3806008e38c1
:10b930000100ed2d0100d42d2560b4017d0080555e
:10b940001800c58c05008838010082380100472c9a
:10b9500001001f2d25c8ff002700201321380000fb
:10b960000400c794010029266002068effff3131d2
:10b970002140d0000100df24021a07000200c22487
:10b980002bc83302090007a1080003a1600202ae20
:10b99000b7ff201708001fa22800bf8f2400b58f13
:10b9a0002000b48f1c00b38f1800b28f1400b18f29
:10b9b0001000b08fa91e400b3000bd27ffffe433fd
:10b9c000be0099380801983801002e2f01000f2f72
:10b9d00025a0cf01080080162138000009010324aa
:10b9e0000500831005ff88240700022d4500401044
:10b9f000c0300400213800006002068e01002926b4
:10ba0000ffff31312140d0000100df24021a07007e
:10ba10000200c2242bc83302090007a1080003a1b9
:10ba2000600202ae92ff201708001fa22800bf8ffd
:10ba30002400b58f2000b48f1c00b38f1800b28f84
:10ba40001400b18f1000b08fa91e400b3000bd272d
:10ba50002368c40180200d00213095000000c494ab
:10ba600002008c3806008b380100872d01006a2dfa
:10ba70002548ea00380020150500993801009f3854
:10ba80000100f42f0100382f2578980288ffe0117b
:10ba90002140000086ff00100400c8940901192409
:10baa00064ff591205ffb82407000f2f62ffe0154d
:10bab00021380000c03805002348e5008030090027
:10bac0002120d500000085940200a3380600a83884
:10bad0000100712c0100022d25f822022800e01738
:10bae0000500ac380100ad380100a52d01008b2dfb
:10baf0002550ab0050ff4011213800004eff0010d0
:10bb0000040087942310c40080c002002130150374
:10bb10000000c49402008f3806008e380100ed2d1d
:10bb20000100d42d2560b40187ff801105008838fd
:10bb30001800c58ccd73400f0c00c48c2128000068
:10bb40007529400f212040000e75400f2120400034
:10bb5000a9ff0010ffff47301800c58ccd73400fc0
:10bb60000c00c48c212800007529400f21204000c2
:10bb70000e75400f212040004dff0010ffff4830a0
:10bb80001800858ccd73400f0c00848c2128000098
:10bb90007529400f212040000e75400f21204000e4
:10bba00025ff0010ffff4730e0ffbd2700a0093c44
:10bbb0001400b1af1000b0af1800bfaf282e312570
:10bbc00000a0083cb405268e01a0073c6051058dfd
:10bbd000bca5e3241400042410000224bca5e5ac99
:10bbe000080064ac040066ac380162ac3c0160ac97
:10bbf00021800000029d0e3c806010000c21cd25ac
:10bc000021588d0100006a8d0800400100000000ed
:10bc100003000e2400a00d3c0300042402000524b0
:10bc2000ec29aea5211f400f0000000001000526f1
:10bc3000ffffb0300700042eefff8014029d0e3c82
:10bc40001800bf8f1400b18f1000b08fdf1e400ba3
:10bc50002000bd27029d183c5c26058fcd73400f48
:10bc6000f081848f212800007529400f2120400099
:10bc70000e75400f21204000ffff443000a00f3c14
:10bc800002000524e7ff0010e029e2a5029d033c25
:10bc90006026658ccd73400f7402248e212800002d
:10bca0007529400f212040000e75400f21204000d3
:10bcb00000a01f3ce029f927ff00443001000524c3
:10bcc000d8ff0010020022a32c01062400a0023c91
:10bcd0002c01042402000524d2ff0010e42946a40c
:10bce000dc00082400a0073cdc000424020005243a
:10bcf000ccff0010e629e8a458020a2400a0093c61
:10bd00005802042402000524c6ff0010e8292aa5d1
:10bd100024040c2400a00b3c240404240200052469
:10bd2000c0ff0010ea296ca5a882848fe8ffbd2718
:10bd30001000bfafc674400f00000000029d063c1b
:10bd40006426c48c3b74400f21284000029d043cb3
:10bd50006826858c3b74400f21204000212800007c
:10bd60007529400f212040000e75400f2120400012
:10bd700070001f2480bf193c000e3faf1000bf8f22
:10bd80001000063c88bf083c88bf093cffff4f30cd
:10bd900080bf183c80bf0e3c00800d3480bf0c3c3f
:10bda00088bf0b3c1c000a2418000724030005244c
:10bdb00088bf033c88bf043c1800bd27100e00afad
:10bdc000088382a7200ecfad080e8dad341066ad6e
:10bdd000e4100aade81027ade41005ade81020ad81
:10bde000641066ac681086ac0800e0030000000038
:10bdf000e8ffbd271000b0af1400bfaf81bf023c09
:10be000000f6458c00a0043c0001a37c13006010e8
:10be1000282e90241c1d038e42380300010066303a
:10be2000170060042520c700c674400f2120600061
:10be30002c1d058e2b75400f21204000170040045b
:10be4000029d083c00800c3480bf0b3c10000a248b
:10be500081bf093c04006cad04f62aad1400bf8f0d
:10be60001000b08f2110000000800e3480bf0d3c08
:10be70001800bd270800aead0800e0030000000078
:10be8000c674400f00000000212040003273400fb4
:10be900021284000e7ff00102c1d058e6c26058d23
:10bea0003273400f241d048e212800002120400001
:10beb0007529400f241d02aef074400f2120400070
:10bec000212040000a0105241f2b400f1c1d02ae3b
:10bed000ddff001000800c348c828287d0ffbd27ec
:10bee0002800b6af2c00bfaf2400b5af2000b4af20
:10bef0001c00b3af1800b2af1400b1af1000b0af68
:10bf00008200400421b08000c674400f2120400010
:10bf1000029d063c7026c58ccd73400f2120400049
:10bf200000a0043c282e95249c0da58e3273400f52
:10bf300021204000029d033c7426658c3073400f25
:10bf400021204000fc0fa38e21a04000bc8282afc4
:10bf50000100022439006250f00da48e0200052475
:10bf600077006550029d133cf00db18e21288002b0
:10bf7000cd73400f21202002219840002120800213
:10bf8000212880023273400fbc8182af2120400003
:10bf9000212820023273400f00000000d40da48e2f
:10bfa00021a040002128c002cd73400fb48182af90
:10bfb00021b04000212060023b74400f2128800204
:10bfc000029d0a3c8426458dc16d400f2120400012
:10bfd000212840003b74400f2120c0022120400056
:10bfe000cd73400f21284000340ea58e280ea2ae3e
:10bff000cd73400f21204000212800007529400ffb
:10c00000212040000e75400f2120400021204000db
:10c010002c00bf8f2800b68f2400b58f2000b48f6e
:10c020001c00b38f1800b28f1400b18f1000b08fb6
:10c03000810005241f2b400b3000bd278c11b28ed0
:10c040003073400f212840024c0ca48e2188400000
:10c050003273400f21288000212840003b74400f9c
:10c0600021202002ca6a400f21204000029d073c87
:10c070007826e58c2188400021208002cd73400f76
:10c08000e88182af21984000212880023273400f5e
:10c090002120800221804000dd75400f21202002f8
:10c0a00021284000cd73400f212000022180400054
:10c0b000212040023273400f2128400221284000f5
:10c0c0003273400f2120000221284000cd73400f21
:10c0d00021206002bc8182af212020024776400fe0
:10c0e00021984000212840003b74400f212080020d
:10c0f00021204000212840003273400fe88182afa8
:10c1000021284000a3ff001021204002029d0c3c8a
:10c1100088268b8d2c00bf8f2800b68f2400b58f0a
:10c120002000b48f1c00b38f1800b28f1400b18fa1
:10c130001000b08f3000bd270800e003f4828baf01
:10c14000f00da48ecd73400f7826658e2128400017
:10c15000212080023b74400f5c8182af029d093c2c
:10c160007c26248d3073400f21284000796c400fcd
:10c1700021204000029d083c8026058d21a0400022
:10c18000f00db08ee88182afcd73400f2120000208
:10c1900021204000cd73400f212800022190400053
:10c1a000212880023273400f212080028c76400fbc
:10c1b000212040007826658ecd73400f212040005d
:10c1c000212840003073400f2120800221284000a8
:10c1d000cd73400f21204002219840002120000211
:10c1e000bc8182afcd73400f212880026cff00100c
:10c1f000d40da48ee0ffbd271400b1af029d113c09
:10c200001000b0af218080008c26248e1800bfafb4
:10c210002b75400f21280002212000020c00400451
:10c22000212800002b75400f000000000200400490
:10c2300021180000211800021800bf8f1400b18fd0
:10c240001000b08f2000bd270800e003211060001f
:10c25000f9ff00108c26238e000085900f00a0109f
:10c26000029d023c886c438c1000678c0002e63013
:10c27000fdffc014ff00a830200068ac010084243a
:10c280001000698c0002257dfdffa0100000000059
:10c2900000008590f4ffa014000000000800e003f7
:10c2a0000000000000a0023cc033458c03000324c2
:10c2b0000300a3106c8087870800e00300000000e3
:10c2c00002000624fcffe614000000009630400b3c
:10c2d00000000000e0ffbd2700a0023c1000b0af4e
:10c2e0001800bfaf1400b1af282e5024029d033cac
:10c2f0009026648c2b75400fc81e058e05004018d3
:10c300001800bf8f1400b18f1000b08f0800e00339
:10c310002000bd27801b400fc09f113c635c400f75
:10c32000000000005d1b400fdc262436441a058ef9
:10c330000a004550c09f113c8652400f212000004a
:10c34000f48082a77e1b400f48282436ffff042478
:10c350002b0044100b000424c09f113c5d1b400fb8
:10c3600004272436601a058e0a004550c09f113cf0
:10c370008652400f01000424f48082a77e1b400fe8
:10c380004c282436ffff0524290045100b00042407
:10c39000c09f113c5d1b400fa4272436ac1c058eaa
:10c3a0000a004510f48087978652400f0600042447
:10c3b000f48082a77e1b400f5c282436ffff0624f2
:10c3c000170046500b000424f48087971000e050bb
:10c3d00008000424585c400f1082848f831b400f98
:10c3e00000000000029d083c1800bf8f1400b18fb0
:10c3f0001000b08f28210425a930400b2000bd2754
:10c400008652400f01000524d4ff0010c09f113c4c
:10c410008652400f21280000eeff001000000000af
:10c420008652400f06000524e8ff0010f48087972d
:10c430008652400f02000524d6ff0010c09f113c19
:10c44000d0ffbd2719fc02242000b2af1c00b1af01
:10c450002c00bfaf2800b4af2400b3af1800b0afba
:10c4600021908000ffffb13046008210368280a705
:10c47000e8fe25260200a32c85006010ff0014248e
:10c4800000a0063c282ed424e41c848e14019210b3
:10c49000c0601100001d8d8ece00b211c0c8110009
:10c4a000e81b9f8e4401f2132358910180500b002a
:10c4b00021485401211800000c0023adc81e83ae92
:10c4c00033002d3a35002c3a0100aa2d01008b2da6
:10c4d00025484b01890020150000000032000e2481
:10c4e000c4002e123400303a60005f3a0100182e6a
:10c4f0002bc81f0024781903c300e015660003242d
:10c50000240123126d00263a6800243a0100c52c4c
:10c510000100822c2598a2000e01601272000824ee
:10c52000029d073ca426e58cf80b848e029d123cec
:10c53000cd73400f000000006c0b848e3273400fef
:10c5400021284000a826448e218040002b75400ff2
:10c550002128400069014004a826548e9c8290af97
:10c5600005ff2426ff00223a0700932c2b28020007
:10c57000241865020400601074808787b129400f79
:10c580000000000074808787020006247700e61010
:10c5900018010824aa00281205ff3226ffff4632a0
:10c5a000f8fe382602000f2f0700d42c0100ed39c9
:10c5b00001008e3a2460ae0174008011c050110059
:10c5c000c03811002328f10000a0043c282e842448
:10c5d000801005002118440000007394ffff7026ae
:10c5e000ffff1f320200f92fc60020571000a427ba
:10c5f000f5fe2d260200ac2d4400801580180500a4
:10c600002180640000001396fbff7f26fffff933b3
:10c610000200322f560040122c00bf8f0700c82c9a
:10c620000801253a010007392b1005002420e200fb
:10c63000500080102800b48f090106244d002612f6
:10c64000029d093c9426248d1800128e2b75400ff4
:10c6500021284002e3004004029d0a3cbc26458d8f
:10c660002b75400f21204002df0040040c00048e97
:10c670007529400f21280000029d103c0e75400fc7
:10c680002120400034210426260000101000a2af13
:10c690007c003412c018110000a0103c23987100d7
:10c6a000282e142680f813002180f4030000199628
:10c6b000ffff3827ffff0f330200ee2d3700c011b8
:10c6c000e0fe2526c674400f02000496ac1e858e3f
:10c6d0002b75400f212040001401401835002c3ae2
:10c6e00033002d3a0100aa2d01008b2d01001324e7
:10c6f00025484b0179ff2011368293a77522400f00
:10c700000000000097ff001005ff242680c00500f0
:10c71000217804030400ee8d029d143c342184260c
:10c720001000aeafa930400f0000000000a00c3c8c
:10c7300098549025029d0b3c38216525213020021c
:10c74000212000026962400f029d113ca930400f78
:10c75000212000021000a68f3c2125266962400f8f
:10c7600021200002a930400f212000022c00bf8fa1
:10c770002800b48f2400b38f2000b28f1c00b18f2b
:10c780001800b08f0800e0033000bd2700a00b3c6c
:10c79000282e642596ff0010232851010200a22ca8
:10c7a00048ff401033002d3a9300800442301200bd
:10c7b000c674400f000000008040130021381401af
:10c7c0001800e58c3b74400f212040003cff001016
:10c7d0000c0002ae23c03103029d103c809818006b
:10c7e00098260f8e217074020c00cfad33ff00101d
:10c7f000211800007c0592ae8c8292a701001224c1
:10c8000057ff0010d88292a3801b400f0000000049
:10c81000635c400f00000000212040023800052426
:10c820001f2b400f00000000585c400f1082848fc7
:10c83000831b400f000000004aff001005ff242664
:10c8400000a00b3cd44c648d7529400f21280000ba
:10c850000e75400f21204000029d0a3c34214425e2
:10c86000a930400f1000a2af00a0093c9854302519
:10c87000029d113c3821252621200002b1ff001025
:10c880001801062400a00d3c282eb425c674400fc4
:10c89000e61b8496c81e858e2b75400f2120400014
:10c8a00008ff405c33002d3a801b400f0000000061
:10c8b000635c400f0000000021204002ff000524bf
:10c8c0001f2b400f00000000585c400f1082848f27
:10c8d000831b400f00000000fafe001033002d3ac9
:10c8e00023589101029d093c80500b009426288d0d
:10c8f000213854010c00e8ac21100000f0fe0010bb
:10c90000c81e82aeb153400f2128200298ff401468
:10c910002c00bf8f029d093ca930400f34212425f3
:10c9200000a0083c98541025029d063c3821c524df
:10c93000212000026962400f21302002a930400fff
:10c9400021200002029d053c1000a68f83ff0010ed
:10c950004421a5246b0028127d000a242e002a52af
:10c960007c0c8c8e86000f2477002f12390018243f
:10c97000fcfe381605ff2426770040120004102420
:10c980000004192488bf123c286059aef5fe00103f
:10c9900005ff2426340b848e029d143c3273400f15
:10c9a00021288000a026848e3073400f212840006b
:10c9b000ebfe0010348382afc04011002338110118
:10c9c000029d043c803007009826858c2110d400fd
:10c9d000029d033c0c0045ac9c26628cb8fe001006
:10c9e000c81e82ae0c00048ecd73400f2128400279
:10c9f0001fff00102120400001008430c674400f4a
:10ca000025208600212040003273400f212840005d
:10ca10006aff00108040130008000b24d2ff8b1126
:10ca200086000f245000401201000524cdfe45165b
:10ca300005ff2426801b400f00000000635c400fb0
:10ca400000000000029d023cb426448c2b75400f70
:10ca5000f80b858e9400400421200000b40c868ed3
:10ca60000700c42c8c00801001000424980c888ed0
:10ca70000700072d8400e01004000424d00c8a8ee7
:10ca80000500492d7c00201102000424ec0c8c8e42
:10ca900006008b2d740060150a000424029d0d3cd5
:10caa000b826a48d2b75400f6c0b858e0f004204a9
:10cab00084030424c521400f64000424710005246c
:10cac000010004241f2b400f029d123c585c400fb4
:10cad0001082848f831b400f00000000029d0e3cdb
:10cae000a426c58d92fe0010f80b848e1f2b400fdc
:10caf00068000524efff00100000000098fe001001
:10cb00009c8294af801b400f00000000635c400fcc
:10cb1000000000000800092402004912e303042475
:10cb2000b40304243eff001068000524801b400f5e
:10cb300000000000635c400f000000002120400264
:10cb40005fff001021282002b62f400fb40e848e04
:10cb500084fe001005ff242688bf1f3c2460f0af30
:10cb600080fe001005ff2426801b400f00000000ff
:10cb7000635c400f00000000029d0d3cac26a58dbb
:10cb80002b75400ff80b848e3300420418000424e8
:10cb9000b40c928e0a004e2e2b00c0550c000424bb
:10cba000980c988e0a000f2f2300e0550c000424e7
:10cbb000d00c9f8e0500f92f1b002057060004247f
:10cbc000ec0c838e1400702c130000161e0004243d
:10cbd000029d133cb026658e2b75400f6c0b848e26
:10cbe0000600420468000524c521400f64000424a7
:10cbf00071000524b3ff0010212000001f2b400fff
:10cc0000ac030424c521400f6400042471000524f2
:10cc1000acff0010212000001f2b400f76000524e0
:10cc2000ecff0010029d133c1f2b400f75000524e4
:10cc3000e4ff0010ec0c838e1f2b400f73000524c3
:10cc4000dcff0010d00c9f8e1f2b400f74000524ba
:10cc5000d4ff0010980c988e1f2b400f6d000524f8
:10cc6000ccff0010b40c928e1f2b400f1200052435
:10cc70008bff0010029d0d3c1f2b400f75000524fb
:10cc800083ff0010ec0c8c8e1f2b400f73000524cb
:10cc90007bff0010d00c8a8e1f2b400f74000524e0
:10cca00073ff0010980c888e1f2b400f6d00052419
:10ccb0006bff0010b40c868ee0ffbd2700a0053c82
:10ccc0001400b1af1800bfaf1000b0af282eb124d0
:10ccd0009805238e0300022421200000f98180a3ff
:10cce000f88284afdc8184af4c8384af8e00621005
:10ccf000748184af01a0063c6081cb2421600000d8
:10cd000001008325ffff703001000a26ffff443138
:10cd100001008524ffffb93001002627ffffce3038
:10cd20000100df25ffffe7330100ef24ffffe831bb
:10cd300001000d25ffffa93180c00c0080181000f4
:10cd4000010022258078040021500b0321f86b009c
:10cd5000ffff4c308068190080300e008080070093
:10cd60008010080080c8090021c000002118ab0114
:10cd7000000058ad2128cb000000f8af2150eb0196
:10cd800021200b0221f84b0021782b0300048e2d6b
:10cd9000000058ad000078ac0000b8ac000098acc2
:10cda0000000f8afd6ffc0150000f8ad340b248e9c
:10cdb0003273400f21288000029d083cc026048d5c
:10cdc0003073400f21284000029d073cf80b248e51
:10cdd000c426e58ccd73400f348382af6c0b248e58
:10cde000029d103c3273400f21284000c826048e5b
:10cdf0009c8282af2b75400f2128400048004004e0
:10ce0000c826098e00a01f3c01a0193c029d083cc9
:10ce1000029d033c029d103cbc70e427b0a538275e
:10ce200002000b2401000a24cc26078dd026068e92
:10ce3000d426658c0400022408008bac08000aafdd
:10ce4000f6ff0924040082ac040000af2178000042
:10ce50008c8289a7f48287afc08186af588385af63
:10ce6000d88280a3348280a30a8380a7a48280a36f
:10ce7000508380af108380afbc70e0afb0a520af0f
:10ce8000548080afb0828faff08280af7522400fa8
:10ce90009f8080a398052d8e0200ae390100cc2d15
:10cea0000100ab2d25506c01190040150100042430
:10ceb00001a0113cfc8280af60912326212000005c
:10cec0002168000000006dac04006dac08008424f3
:10ced00000048c2808006dac0c006dac10006dac2b
:10cee00014006dac18006dac1c006dacf5ff801526
:10cef000200063241800bf8f1400b18f1000b08f82
:10cf000000040b242000bd270800e003fc828baf47
:10cf10001031400f33000524e6ff001001a0113c42
:10cf2000b8ff00109c8289af330005241f2b400fef
:10cf300001000424c521400f6400042404000424db
:10cf40001f2b400f350005246bff001001a0063c8d
:10cf500081bf063c00f6c890bfff0924e8ffbd274b
:10cf6000243809011400bfaf00f6c7a09e15400f7a
:10cf70001000b0afaa15400f00000000e315400fed
:10cf800000000000bf2b400f000000002e33400fb8
:10cf9000000000007c2f400f0000000000a0053cb6
:10cfa000282eb0244006048e88bf053c00020224cf
:10cfb000010003242860a2ac2500831000040c2487
:10cfc00088bf0b3c24606cad1b22400f00000000aa
:10cfd00001000424577e400f070005244e0004245e
:10cfe000f47c400f21280000d17c400f000000009d
:10cff000c67c400f000000000a22400f0000000025
:10d00000281b400f000000004a2f400f00000000c6
:10d01000852c400f000000005c1b0e8e01000d24cb
:10d020002500cd11029d1f3cc814400f80bf103c4d
:10d030000108059280ff06242510a600010802a21f
:10d040001400bf8f1000b08f0800e0031800bd2748
:10d0500000040a242860aaac1b22400f0000000034
:10d0600001000424577e400f070005244e000424cd
:10d07000f47c400f21280000d17c400f000000000c
:10d08000c67c400f000000000a22400f0000000094
:10d09000281b400f000000004a2f400f0000000036
:10d0a000852c400f000000005c1b0e8e01000d243b
:10d0b000ddffcd15029d1f3c029d183cdc26f98f3b
:10d0c000d8260f8f0020042488bf033ca81f19ae68
:10d0d0008c1f0fae80bf103ca86164acc814400f19
:10d0e000000000000108059280ff06242510a6001c
:10d0f000010802a21400bf8f1000b08f0800e003e7
:10d100001800bd2714838697e8ffbd270d00c010c7
:10d110001000bfafcc80879700a0093c00a0083c5e
:10d1200040280700947022254c7003252b20e60030
:10d130002110a200060080142128a300148380a7d8
:10d14000cc8080a71000bf8f0800e0031800bd2727
:10d150000000a4941031400f00004594cc808a97c1
:10d160001000bf8f010046251800bd270800e0030e
:10d17000cc8086a7a5808393e8ffbd270100022409
:10d180001400bfaf050062101000b0af1400bf8fd5
:10d190001000b08f0800e0031800bd279f80849323
:10d1a0002b008010a58080a3580083100200052466
:10d1b0003d008510030008246f00881004000b2434
:10d1c0007a008b1000a00f3c05000e2484008e1006
:10d1d000282ef025d005038e0800702c08000012c0
:10d1e000a882848f029d043c801003004c2183247c
:10d1f00021f843000000f98f080020030000000020
:10d20000c674400f00000000029d073ce026e48c3d
:10d210003b74400f21284000029d063ce426c58c4b
:10d220003b74400f21204000212800007529400f49
:10d23000212040000e75400f212040001400bf8fb8
:10d240001000b08f1800bd270800e003088382a7f4
:10d25000040004241031400f35000524801b400fca
:10d26000000000001b22400f00000000831b400f45
:10d270000000000000a0043c282e9024b405038e7a
:10d280002406048e04006450010004241031400f71
:10d2900034000524010004241031400f330005241c
:10d2a000cdff0010d005038e00a0073c282ef024ef
:10d2b000b405048e60000624070086500300042491
:10d2c0001031400f38000524600004241031400f55
:10d2d00034000524030004241031400f35000524d8
:10d2e000801b400f000000001b22400f00000000c8
:10d2f000831b400f00000000040004241031400f85
:10d3000033000524b4ff0010d005038ed1ff0010b8
:10d31000060004240100053c00c2a434b8ff00103c
:10d32000a88284af00e10434b5ff0010a88284af66
:10d3300000960434b2ff0010a88284af004b04248e
:10d34000afff0010a88284af80250424acff00103a
:10d35000a88284afc0120424a9ff0010a88284af61
:10d3600060090424a6ff0010a88284afb00404243e
:10d37000a3ff0010a88284af00a00a3c282e5025ed
:10d38000b405048e60000924d3ff895004000424ee
:10d390001031400f38000524600004241031400f84
:10d3a00034000524ccff00100400042400a00d3c30
:10d3b000282eb025b405048e60000c24c6ff8c50c6
:10d3c000050004241031400f3800052460000424b7
:10d3d0001031400f34000524bfff00100500042465
:10d3e000040004241031400f35000524801b400f39
:10d3f000000000001b22400f00000000831b400fb4
:10d4000000000000b405188e2406048e04000453a6
:10d41000030004241031400f3400052403000424c9
:10d420001031400f330005246bff0010d005038e30
:10d43000a6808293090040149f8083930100632497
:10d44000ff0065300600a42c0600801401000624ad
:10d450009f8080a35d34400ba58086a30800e00375
:10d46000000000009f8083a35d34400ba58086a34d
:10d47000e0ffbd2700a0023c1400b1af1000b0af28
:10d480001800bfafc86d502408001f920a001992ff
:10d49000090018920b000f92008a1f0000a0093c9f
:10d4a0000072190000a00d3cdc33aa8d215838020f
:10d4b0002160cf01f84e312506000824040007241e
:10d4c000ffff8431ffff6531040028ae600227ae04
:10d4d0001031400ff84e2aad080004920b0005925f
:10d4e000090006920a000392080024a2090026a25d
:10d4f0000a0023a20b0025a2f8808397ffff623069
:10d500000500401002220200860005240b0023a221
:10d51000040025ae0a0024a21800bf8f1400b18faa
:10d520001000b08fa91e400b2000bd27d480828f31
:10d53000e8ffbd271a0040101000bfaf00a0043c58
:10d5400000a0053cdc33a38cc86d828c0300431023
:10d55000d48080af1100401401000d24c86d8724d1
:10d560000400e68cfdffc3243700642c0b00801000
:10d5700001000d24029d0c3c805003006c218b2582
:10d5800021484b010000288d080000010000000028
:10d59000b41e400f0000000001000d2414808daf68
:10d5a0001000bf8fb91d400b1800bd276f1f400f23
:10d5b0000000000001000d24f9ff001014808daf61
:10d5c000c21e400f0000000001000d24f4ff0010f7
:10d5d00014808daf1c35400f0000000001000d24a9
:10d5e000efff001014808dafda2c400f0000000018
:10d5f00001000d24eaff001014808dafe22d400fd2
:10d600000000000001000d24e5ff001014808daf24
:10d61000d0ffbd2700a00a3c00a0093c2000b4af09
:10d620001800b2af1000b0af2800bfaf2400b5aff4
:10d630001c00b3af1400b1af5c515225282e342525
:10d64000b405868e01a0083c0400458e3c01478e3f
:10d65000bca503251100042403000224bca505adcc
:10d66000080064ac040066ac380162ac3c0160acfc
:10d670002600e0102180000009000010029d153cea
:10d6800035000d120a00432601000f263c014e8e84
:10d69000fffff0312b680e021d00a0112800bf8f84
:10d6a00011000b2422000b1212000c2af4ff80152b
:10d6b0000a000d2412000e24f4ff0e1601000f269e
:10d6c00012004c260c008a910d00899121584001ce
:10d6d00000220b002128200121408500ffff04319a
:10d6e00066000524cc828aa32c8389a31031400fc5
:10d6f000a68288a701000f263c014e8efffff03165
:10d700002b680e02e7ffa01511000b242800bf8f25
:10d710002400b58f2000b48f1c00b38f1800b28f87
:10d720001400b18f1000b08fdf1e400b3000bd27fa
:10d730001d004292212000000d00462c0200c01066
:10d74000cc8282a3010004241031400f7d00052407
:10d75000e9ff001001000f260c0079900d00789071
:10d7600021382003009a070021f8000321887f0256
:10d77000ffff333205000f24cc8299a32c8398a39a
:10d78000c1ff6f12a68291a7208e117cc674400f34
:10d790002120200214002006e826a58efc0b848e92
:10d7a0002b75400f21284000b8ff410401000f26cf
:10d7b000c674400f212020020f002206e826a58e05
:10d7c000000c858e2b75400f212040002120600227
:10d7d000adff41046d0005241031400f0000000032
:10d7e000c5ff001001000f263273400f21204000ba
:10d7f000ebff0010fc0b848e3273400f21204000a1
:10d80000f0ff0010000c858ed480838fe8ffbd27c9
:10d8100000a0023c1000b0af1400bfaf19006010b0
:10d82000282e502400a0043cc86d838cb405058ebe
:10d8300003006510d48080af1100601401000d2436
:10d84000c86d87240400e68cfdffc3243700642cd8
:10d850000b00801001000d24029d0c3c8050030041
:10d8600048228b2521484b010000288d080000012b
:10d8700000000000b41e400f0000000001000d2455
:10d8800014808dafb0808e8f1400c0519805068e25
:10d8900000a0043c5c51838cb4050f8e03006f1014
:10d8a000b08080af0b006014010005245c51992406
:10d8b0000800248f140018244d00981015009f2c88
:10d8c0002600e013210002241100032443008310ea
:10d8d000010005240c8085af9805068e0100042404
:10d8e0000b00c41080bf093c9805038e0200102471
:10d8f0000f00701004000a2411006a1080bf0d3c54
:10d900001400bf8f1000b08f0800e0031800bd277f
:10d91000000e288dc003077df4ffe0549805038ea8
:10d920001400bf8f1000b08fb91d400b1800bd2729
:10d930001400bf8f1000b08f4421400b1800bd278a
:10d94000000eac8dc0038b7deeff60151400bf8f01
:10d950001000b08f391e400b1800bd27ddff821468
:10d9600001000524061f400f0000000001000524ef
:10d97000d9ff00100c8085af6f1f400f0000000022
:10d9800001000d24bfff001014808dafc21e400f98
:10d990000000000001000d24baff001014808dafbc
:10d9a0001c35400f0000000001000d24b5ff0010e1
:10d9b00014808dafda2c400f0000000001000d2410
:10d9c000b0ff001014808dafe22d400f000000006a
:10d9d00001000d24abff001014808daf8435400f83
:10d9e0000000000001000524bbff00100c8085af83
:10d9f000ea2e400f0000000001000524b6ff0010d1
:10da00000c8085afb080828fe8ffbd2716004010e4
:10da10001000bfaf00a0043c00a0053cdc33a38c89
:10da20005c51828c03004310b08080af0d004054e5
:10da3000010004245c5187240800e48c14000624af
:10da40001a0086101500882c0a00001121000b24f2
:10da5000110009241a00891013000a240e008a10ec
:10da6000010004240c8084af1000bf8f391e400bce
:10da70001800bd2717008b10bc000c24f9ff8c1474
:10da800001000424ea1e400f0000000001000424ed
:10da9000f5ff00100c8084aff81e400f000000005e
:10daa00001000424f0ff00100c8084afea2e400f28
:10dab0000000000001000424ebff00100c8084af84
:10dac0008435400f0000000001000424e6ff001030
:10dad0000c8084af061f400f0000000001000424ea
:10dae000e1ff00100c8084af00e85d4100701a4037
:10daf00000601b4070ffbd278c00baaf8800bbaf31
:10db000044781b7c00187b3700609b407c00a2aff0
:10db10007800a3af6800bfaf6400b9af6000b8afd2
:10db20005c00b2af5800b1af5400b0af5000afaf1f
:10db30004c00aeaf4800adaf4400acaf4000abaf5f
:10db40003c00aaaf3800a9af3400a8af3000a7af9f
:10db50002c00a6af2800a5af2400a4af2000a1afe1
:10db600012100000101800008400a2af8000a3afc4
:10db700000a0053cc033a48c1000033c88bf023ccd
:10db800001000524341043ac0700851004000d2467
:10db90001f008d1003000a2478008a146800bf8fcc
:10dba00036000010988082871480868f0600042437
:10dbb0004500c41000a0123ca4808c9380bf103c90
:10dbc000010e0b9201008425ff008a30088387979d
:10dbd0007f0069310100082480bf063c80bf033c00
:10dbe0000300452d010e09a2148088af100ec0acb1
:10dbf000948080af200e67ac5f00a014a48084a343
:10dc00000c35400fa48080a35c0000106800bf8f1b
:10dc10000c808f8f0b000e242100ee1100a0123c0f
:10dc2000a380849380bf083c010e099101009f24ca
:10dc3000ff00e533088387977f0030310100062419
:10dc400080bf033c80bf023c0300b92c010e10a131
:10dc50000c8086af100e60ac948080af200e47ac75
:10dc6000ac8080af44002017a3809fa30c35400fe9
:10dc7000a38080a3410000106800bf8f3a004014c9
:10dc8000a4808e930100cc25ff008d310300ab2dc5
:10dc900039006015a4808ca3d9ff0010000000009b
:10dca0009452518edfff2012a38084930300182426
:10dcb000a68098a3b08085af8136400fa38080a353
:10dcc0002e0000106800bf8fc86d44266002838c50
:10dcd0000200672cb8ffe01421804002feff62249e
:10dce0002188000009000010600282ac2148300247
:10dcf00008002491701c400f188085276002088e50
:10dd0000010031262b10280200a0103cf7ff401420
:10dd1000c86d1026c86d58266002128f18808b9728
:10dd20002188580209002f9208002e92006a0f00e5
:10dd30002160ae01ffff8a31a0ff6a15a4808c9399
:10dd40000300022401001f2409001924a68082a3d5
:10dd5000d4809faf148099af4b35400fa48080a32f
:10dd6000060000106800bf8f040045146800bf8fd4
:10dd7000a68084a3988080a76800bf8f6400b98fb5
:10dd80006000b88f5c00b28f5800b18f5400b08f24
:10dd90005000af8f4c00ae8f4800ad8f4400ac8f69
:10dda0004000ab8f3c00aa8f3800a98f3400a88fa9
:10ddb0003000a78f2c00a68f2800a58f2400a48fe9
:10ddc0002000a18f8400a28f8000a38f1300400049
:10ddd000110060007c00a28f7800a38f006060417a
:10dde000c00000008c00ba8f8800bb8f00709a4082
:10ddf0009000bd2700e8dd4100609b401800004214
:10de000074808387d8ffbd27020002241c00b1afb5
:10de10002000bfaf1800b0af1000a427368280a743
:10de2000060062102188a000b153400f00000000de
:10de3000029d043c06004010342184242000bf8f42
:10de40001c00b18f1800b08f0800e0032800bd2728
:10de5000a930400f0000000000a0073c9854f024b7
:10de6000029d063c3821c524212000026962400f32
:10de700021302002a930400f212000021000a68f7f
:10de8000029d053c212000026962400f4421a52427
:10de9000a930400f212000022000bf8f1c00b18f4d
:10dea0001800b08f0800e0032800bd277e8084970b
:10deb000e0ffbd27201e047c1800bfaf1400b1afe7
:10dec000120060181000b0af01000224510062106f
:10ded0000082838f00a0093cc033288d03000624f4
:10dee000490006116c8084a7a07c400f0000000050
:10def000029d0c3c01000b24242384255c8282af0c
:10df000074808ba7a930400f7e8080a76e808d879c
:10df1000010011244b00b1117a000f3ca07c400f8e
:10df2000000000005c829f8f0880988f23c85f00ec
:10df30002b8019030e00001680bf103c1060078e66
:10df40004000e37c1a0071100000000080bf103c0c
:10df500010680a8e4000497d200031111800bf8fe3
:10df60001400b18f1000b08f0800e0032000bd271f
:10df70007a00053c00e102340012a53401000424bb
:10df800000e10634008282af388280af6c8080a7c7
:10df9000748080a77a8080a78c7e400f788080a7cd
:10dfa0001060078e4000e37ce9ff715480bf103c95
:10dfb0008715400f0500042410600692fdff082419
:10dfc0002420c800106004a280bf103c10680a8e94
:10dfd0004000497de2ff31151800bf8f8715400fc3
:10dfe0000600042410680b92fdff0c2424886c01a9
:10dff000106811a21800bf8f1400b18f1000b08fed
:10e000000800e0032000bd2701000a24b6ff00102d
:10e010007c808aa7004b0524afff651400a0093c53
:10e020007a00043c0012853400e107340100042426
:10e0300000e106348c7e400f008287afa5ff001000
:10e040007e808497004b0e240012e53501000424e5
:10e05000004b062400828eaf8c7e400f6e8080a71e
:10e06000a07c400f00000000acff00105c8282af7b
:10e07000d0ffbd271800b2af00a0053cffff9230d3
:10e0800080181200805da4242800bfaf2400b5af23
:10e090001400b1af1000b0af218864002000b4af0d
:10e0a0001c00b3affcff338e0400348e21286002c5
:10e0b0003b74400f21208002212040006b75400fef
:10e0c0000000308e21a8400021200002cd73400fb7
:10e0d000212800022180400021206002cd73400fe2
:10e0e00021288002212840003b74400f212000029b
:10e0f0006b75400f21204000212040003273400ffb
:10e1000021284000212840003b74400f2120a0021c
:10e11000218040002096127c0000228e21204002a7
:10e12000c674400f588282af0d0040062120400087
:10e13000212800023273400f212040002800bf8fa9
:10e140002400b58f2000b48f1c00b38f1800b28f4d
:10e150001400b18f1000b08f0800e0033000bd271d
:10e16000029d063c3273400fec26c58c21204000f6
:10e170003273400f212800022800bf8f2400b58f82
:10e180002000b48f1c00b38f1800b28f1400b18f21
:10e190001000b08f0800e0033000bd2701a0093c4b
:10e1a000c0ffbd27609124250b000524f50106243e
:10e1b0002c00b5af2800b4af3c00bfaf3800beaff5
:10e1c0003400b7af3000b6af2400b3af2000b2af19
:10e1d0001c00b1af3925400f1800b0af029d083cbc
:10e1e000f026078d4083868f1000a7af1000a58f03
:10e1f00000a0043c00a0033c588186a7288180a78a
:10e20000788185af08539524b85c742421100000f0
:10e21000085382acb85c60a40400a2ae020080a6e1
:10e220000800a2ae040080a60c00a2ae060080a6e4
:10e230001000a2ae080080a61400a2ae0a0080a6bc
:10e240001800a2ae0c0080a61c00a2ae0e0080a694
:10e250002000a2ae100080a62400a2ae120080a66c
:10e26000fc8280af2a818d97c700a01100a0173cc7
:10e2700000a0123cbc42588e58819997c875ec9604
:10e2800021483803ffff8831ffffbe2501a0133c62
:10e290002bb0090123583803fca66e260700c533ae
:10e2a000c875e7265a01c01628818a970100032401
:10e2b0002a606d00b2008011213060004000a01083
:10e2c00001001f243300bf10020010242900b010e9
:10e2d000030003241f00a310040002241500a21051
:10e2e000050004240b00a41006000824af01a814a4
:10e2f00040c806004040060021b807010000e8962b
:10e30000ffff03312bb069009401c0162b1063018d
:10e310000100c624406006002118870100006894af
:10e32000ffff03312b2069007e0180142bc863019d
:10e330000100c6244040060021f807010000e897cc
:10e34000ffff03312b9069004c0140162bb863018d
:10e350000100c624402806002198a7000000689606
:10e36000ffff03312bf069005201c0172b786301c6
:10e370000100c624404006002118070100006894ef
:10e38000ffff03312b8869002e0120162bf8630153
:10e390000100c62440100600216047000000889557
:10e3a000ffff03312b806900500100162b28630109
:10e3b0000100c6242a10cd00710040102118c000b1
:10e3c00040800600217807020000e895ffff033136
:10e3d0002b606900050080510100c6242b88630171
:10e3e000ee01201680f806000100c6244040060019
:10e3f00021c8070100002897ffff03312bc06900e7
:10e40000050000530100c6242bb06301d801c016db
:10e41000808806000100c62440f006002118c703ca
:10e4200000006894ffff03312bb869000500e0523b
:10e430000100c6242b106301c20140148060060055
:10e440000100c62440400600217807010000e8953d
:10e45000ffff03312b206900050080500100c62416
:10e460002bc86301ac012017802806000100c624d8
:10e470004080060021f807020000e897ffff033103
:10e480002b906900050040520100c6242b986301bf
:10e490009601601680f006000100c6244040060088
:10e4a0002118070100006894ffff03312bc06900a9
:10e4b000050000530100c6242b2063018001801455
:10e4c000807806000100c62440b8060021b0e702ab
:10e4d0000000c896ffff03312b886900100020520e
:10e4e0000100c6242b8063010d0000520100c624e8
:10e4f00080f80600ffff52312128ee030000b88c9f
:10e5000040c81200801812002198750021f03403d1
:10e5100001004a25000078ae0000c8a70100c6240b
:10e52000404006002110070100004894ffff03311e
:10e530002b6069000f0080510100c3242bc86301c8
:10e540000c0020130100c32480c00600ffff5e31d1
:10e5500021980e030000768e40201e0080b81e0019
:10e560002188f5022178940001004a25000036ae8a
:10e570000000e8a52a106d0091ff401421306000d2
:10e5800028818aa7fc8283af288197979801e0525f
:10e59000029d143c8e00e012fc8280af0000909639
:10e5a00000a0113c80781000781836262160f60112
:10e5b0000000858d0000a48effffe9263073400f18
:10e5c000030032317c8288971000a48f218840009c
:10e5d000212840002180000078819e8f2b75400ffc
:10e5e0001400a8a77f0142041400b0a7010003266d
:10e5f0002ac8770071002013218060002a00401291
:10e60000010013241400531202001824fd005816b0
:10e6100040181000404810002140340100000795c8
:10e6200080301000802007002128d500211096009e
:10e630000000a48c3073400f0000458c1000a48fa4
:10e64000218840002b75400f212840000e01420414
:10e650001400b0a7010010264090100021c85402f9
:10e6600000003897809810008088180021603602da
:10e67000217875020000e48d3073400f0000858d15
:10e680001000a48f218840002b75400f21284000e6
:10e69000510142041400b0a7010010262a101702ed
:10e6a0004600401021180002402010002110940064
:10e6b0000000439480701000806803002158d50149
:10e6c0002150b6010000648d3073400f0000458d6d
:10e6d0001000a48f218840002b75400f2128400096
:10e6e000f40042041400b0a70100112640281100d4
:10e6f0002110b40000004394807011008068030072
:10e70000020012262158d501030013262180b601ec
:10e710000000648d3073400f0000058e1000a48f40
:10e72000218040002b75400f2128400040501200ee
:10e7300080f8120021185401da0040042120f5036a
:10e74000000069940000848c804009002138160183
:10e750003073400f0000e58c1000a48f2180400032
:10e760002b75400f212840004030130080201300fb
:10e770002118d400c70040042120950000007194a6
:10e780000000848c807811002160f6013073400f06
:10e790000000858d1000a48f218840002b75400f4c
:10e7a000212840007b004004010063262a107700e6
:10e7b00021806000bdff4014402010001400b59778
:10e7c00078819eaf7c8295a7e88291affc8283af6f
:10e7d0007c8287973c00bf8f403007002128d400ff
:10e7e0000000a4943800be8f3400b78f3000b68f7d
:10e7f0002c00b58f2800b48f2400b38f2000b28f77
:10e800001c00b18f1800b08f1c38400b4000bd2792
:10e810002b986801a6fe601201000324ffff5e3101
:10e8200040b01e0080b81e000000d18d2178f50296
:10e830002130d40201004a250000f1ad9cfe0010f9
:10e840000000cca4d3fee0530100c6248090060053
:10e85000ffff583121c84e0200003e8f409818003b
:10e860008028180021b8b50021b0740201004a25a3
:10e870000000feaec6fe00100000c8a6b5fee052c5
:10e880000100c62480b00600ffff4f312188ce0270
:10e8900000002c8e40200f0080180f002110750002
:10e8a0002180940001004a2500004caca8fe001015
:10e8b000000008a6affee0510100c624802006003b
:10e8c000ffff4c3121108e000000528c40f80c00ec
:10e8d00080800c0021c8150221c0f40301004a25e4
:10e8e000000032afa2fe0010000008a7b1fea05049
:10e8f0000100c62480980600ffff573121f06e0208
:10e900000000d18f40b017008018170021787500e3
:10e910002120d40201004a250000f1ada4fe001020
:10e92000000088a483fe20530100c62480c0060096
:10e93000ffff533121280e030000b68c40b81300ae
:10e9400080f013002188d5032178f40201004a25c4
:10e95000000036ae76fe00100000e8a56dfe4050c7
:10e960000100c62480800600ffff523121f80e020c
:10e970000000e58f40c0120080c8120021983503c6
:10e9800021f0140301004a25000065ae60fe00106e
:10e990000000c8a72a107700218060001400b3a7e8
:10e9a0001000b1af83ff001021f0200221c0270327
:10e9b00000000897ffff03312b2869004dfea0508f
:10e9c0000100c6242b8863014afe20520100c624a0
:10e9d00080780600ffff44312160ee010000908d39
:10e9e000401004008018040021f8750021905400a4
:10e9f00001004a250000f0af000048a63dfe0010cf
:10ea00000100c624217074000000cd9580581000cc
:10ea100080500d0021f87501219056010000e48f0f
:10ea20003073400f0000458e1000a48f21884000f5
:10ea30002b75400f21284000630042041400b0a74a
:10ea400001001026404810002140340100000795c5
:10ea500080301000802007002128d500211096006a
:10ea60000000a48c3073400f0000458c1000a48f70
:10ea7000218840002b75400f21284000f6fe4304fa
:10ea8000010010261400b0a71000b1aff1fe001075
:10ea900021f020021000b0af1400b2a737ff001021
:10eaa00021f000021000b0af1400b1a724ff001045
:10eab00021f000021000b1af0bff001021f0200286
:10eac000ffff4c312110ee010000458c40f80c0096
:10ead00080800c002190150221c8f40301004a2512
:10eae000000045ae77fe0010000028a7ffff56315a
:10eaf00021b8ce030000ef8e40201600808816005b
:10eb0000211035022160940001004a2500004fac1d
:10eb100061fe0010000088a5ffff533121c0ae0048
:10eb20000000178f40f013008018130021b075000b
:10eb30002188d40301004a250000d7ae4bfe001007
:10eb4000000028a6ffff5f3121808e010000058ea6
:10eb500040c81f0080901f0021c055022198340337
:10eb600001004a25000005af35fe0010000068a630
:10eb7000ffff443121782e020000f08d4060040038
:10eb80008010040021f855002190940101004a25cd
:10eb90000000f0af1ffe0010000048a6ffff593133
:10eba00021f0ee030000d68f40b8190080c0190094
:10ebb000219815032190f40201004a25000076ae49
:10ebc00009fe0010000048a6010010261000b1af99
:10ebd0009cff001021f020021000b1afaefe00102b
:10ebe00021f020021000b1af80fe001021f02002c1
:10ebf000f426828e3c00bf8f3800be8f3400b78f62
:10ec00003000b68f2c00b58f2800b48f2400b38f4e
:10ec10002000b28f1c00b18f1800b08f0800e003f5
:10ec20004000bd27c8ffbd2700a0083c029d033c53
:10ec30003000beaf2c00b7af2800b6af2400b5af90
:10ec40002000b4af1c00b3af3400bfaf1800b2afa8
:10ec50001400b1af1000b0af282e1e25029d073c56
:10ec6000029d063c029d053c0827622400a0043c4e
:10ec7000f826f68cfc26d48c0027b58ca412d28ff3
:10ec80000000518c78089324ff0317240000248e81
:10ec9000cd73400f2128c0020000648ec674400f5f
:10eca0002180400021204000cd73400f21288002a8
:10ecb00021204000cd73400f2128a00221204000d8
:10ecc000cd73400f21284002212840003273400fad
:10ecd000212000020400248e000022aecd73400fdc
:10ece0002128c0020400648ec674400f21804000b9
:10ecf00021204000cd73400f2128800221204000b8
:10ed0000cd73400f2128a00221204000cd73400f79
:10ed100021284002212840003273400f21200002a8
:10ed20000800248e040022aecd73400f2128c002bb
:10ed30000800648ec674400f2180400021204000ee
:10ed4000cd73400f2128800221204000cd73400f59
:10ed50002128a00221204000cd73400f212840022d
:10ed6000212840003273400f212000020c00248e25
:10ed7000080022aecd73400f2128c0020c00648e23
:10ed8000c674400f2180400021204000cd73400f09
:10ed90002128800221204000cd73400f2128a002ad
:10eda00021204000cd73400f21284002212840003f
:10edb0003273400f212000021000248e0c0022ae7e
:10edc000cd73400f2128c0021000648ec674400f1e
:10edd0002180400021204000cd73400f2128800277
:10ede00021204000cd73400f2128a00221204000a7
:10edf000cd73400f21284002212840003273400f7c
:10ee0000212000021400248e100022aecd73400f8a
:10ee10002128c0021400648ec674400f2180400077
:10ee200021204000cd73400f212880022120400086
:10ee3000cd73400f2128a00221204000cd73400f48
:10ee400021284002212840003273400f2120000277
:10ee50001800248e140022aecd73400f2128c0026a
:10ee60001800648ec674400f2180400021204000ad
:10ee7000cd73400f2128800221204000cd73400f28
:10ee80002128a00221204000cd73400f21284002fc
:10ee9000212840003273400f212000021c00248ee4
:10eea000180022aecd73400f2128c0021c00648ed2
:10eeb000c674400f2180400021204000cd73400fd8
:10eec0002128800221204000cd73400f2128a0027c
:10eed00021204000cd73400f21284002212840000e
:10eee000212000023273400ff8fff7261c0022aeeb
:10eef0002000732665ffe106200031267480898793
:10ef0000020011240a00311101000a248080838745
:10ef10002a006a107c808487010013241f0093500c
:10ef20009805d58f01000a240d008a509805cb8fd3
:10ef30003400bf8f3000be8f2c00b78f2800b68ff3
:10ef40002400b58f2000b48f1c00b38f1800b28f3f
:10ef50001400b18f1000b08f0800e0033800bd2707
:10ef600003001e24f3ff7e153400bf8f3000be8fd8
:10ef70002c00b78f2800b68f2400b58f2000b48fe7
:10ef80001c00b38f1800b28f1400b18f1000b08f27
:10ef90003800bd270800e0037c8080a7030014240c
:10efa000e1ffb41601000a24029d173ca930400f6e
:10efb0002823e4260d0000106482848fd7ff831479
:10efc000010013249805d08f03000b24d3ff0b16e8
:10efd000029d0d3ca930400f2823a4259805cc8f15
:10efe000350090116c808e876482848f00a0093c6c
:10eff000c674400f64063325029d083c2c2305256a
:10f00000212060026962400f2130400000a0063cd0
:10f01000029d073cbc52d624f882868f3423e52417
:10f020006962400f2120c00200a0053c2c70b12471
:10f03000f081868f029d043c3c2385246962400f49
:10f040002120200201a0033c6ca172247402c68f0f
:10f05000029d023c442345246962400f2120400266
:10f0600001a01f3c8ca1f027029d193c9002c68f85
:10f070004c2325276962400f21200002a930400f50
:10f0800021206002a930400f2120c002a930400f8a
:10f0900021202002a930400f21204002a930400f3a
:10f0a00021200002029d183ca930400f5423042760
:10f0b0009cff00107c808487ccffd1556482848fb4
:10f0c000029d103c029d113c08270f2600a0123c17
:10f0d000582335260000f18d74705426029d133c90
:10f0e000ff0012240000248ec012c58fcd73400f84
:10f0f000ffff5226dc12c48f0427658e3073400f49
:10f1000021b04000212840003273400f2120c0026e
:10f11000212080022128a002213040006962400f96
:10f120005c8182af21208002a930400f040031268b
:10f13000edff43060000248eacff00106482848f34
:10f14000ffff84302140000048008010300002247e
:10f15000102707241b008700f401e0001270000054
:10f16000ffffc6312b6806002560a801430080150b
:10f1700002c0c770e80307241b008700f401e00009
:10f1800012100000ffff46302b18060025c868004b
:10f1900009002053640007240248c77001000824b6
:10f1a000233889003000c4240000a4a0ffffe4300d
:10f1b0000100a524640007241b008700f401e0007f
:10f1c00012600000ffff86312b58060025506801b1
:10f1d000090040510a0007240240c7703000ce24c5
:10f1e000236888000000aea0ffffa4310100a52421
:10f1f000010008240a0007241b008700f401e00036
:10f2000012c80000ffff26332bc006002578080334
:10f210000800e011cccc0b3c0248c7703000c2247f
:10f22000231889000000a2a0ffff64300100a5247c
:10f2300001000824cdcc6a351900ea00104800000e
:10f24000c078277d1b008700f401e0001230000029
:10f25000ffffc2302b200200251888000300601435
:10f26000300042240800e0030000a0a00000a2a09b
:10f270000100a5240800e0030000a0a03000cf2476
:10f28000234098000000afa0ffff04310100a52437
:10f29000b8ff001001000824b0ffbd279080838fc5
:10f2a0003800b4af020014244000b6af2b10830224
:10f2b00000a0163c3c00b5af4c00bfaf4800beaf4d
:10f2c0004400b7af3400b3af3000b2af2c00b1afe1
:10f2d0002800b0af806dc0a2fc8080af1c8280afe0
:10f2e000d000401021a8000001a0053caca1a4243e
:10f2f00000a01e3c0e000010020093242000a52751
:10f300002000a6a31e62400f2100a0a3fc80978fbf
:10f310000000728221885702fc8091af9080898f13
:10f32000010094262b808902be0000120100732682
:10f33000000066920a000724201c067cc5006710a6
:10f340005e000824edff6814806dc42600a0163c02
:10f35000806dc582213800000d00a0102118c00268
:10f36000fc80868f806d6b242150eb000100e72428
:10f3700021b0eb00000049810000c88200a0163ccb
:10f380002330c900f7ff00152118c002fc8086afaa
:10f390004860400f806dc426fc80878fdfff4714d4
:10f3a000806dc0a21c82898f2a500900dbff4011aa
:10f3b00000a0023c78285f94ffff23250501072465
:10f3c0002128200107006330907ec827fe00e71344
:10f3d00078284224ffffa624020044245900c010cc
:10f3e0000400052539006010010008242f00681072
:10f3f00002000b2427006b1003000c241f006c106c
:10f4000004000d2417006d1005000e240f006e106f
:10f4100006000f2408006f50000099940000989493
:10f42000010007530000b58cffffc62402008424ae
:10f430000400a52400009994010027530000b58c16
:10f44000ffffc624020084240400a5240000919438
:10f45000010027520000b58cffffc624020084245f
:10f460000400a52400009294010047520000b58cce
:10f47000ffffc624020084240400a5240000979402
:10f480000100e7520000b58cffffc624020084246f
:10f490000400a52400009094010007520000b58ce0
:10f4a000ffffc624020084240400a52400009f94ca
:10f4b000a100e7530000b58cffffc624020084249e
:10f4c0000400a5241f00c0100000000000008c9460
:10f4d000010087510000b58c020082940100475062
:10f4e0000400b58c04008394010067500800b58cbb
:10f4f00006008894010007510c00b58c08008b941d
:10f50000010067511000b58c0a008c9401008751ee
:10f510001400b58c0c008d940100a7511800b58c17
:10f520000e008e94f9ffc3240e0084248000c711be
:10f530001c00a824ffff662402008424e3ffc014fb
:10f540000400052575ff401121880000029d0d3c37
:10f550001027a62500a00e3c0000d78c7828d025c7
:10f56000907ed22700000496ffff8530c050050032
:10f5700023404501801808002110770000005f94a7
:10f58000fffff927ffff383302000f2f6f00e05114
:10f59000ff03a52a05ff8c24ffff87310700eb2c12
:10f5a0006a006055ff03a52a5bff8d24ffffa6318b
:10f5b0000900c42c65008054ff03a52a04010e2411
:10f5c0006100ae1008010f245f00af10090118247c
:10f5d0005d00b810be0019245b00b910bf001f24e5
:10f5e0005900bf10050102245700a2100601032490
:10f5f0005500a3101801a82c54000051ff03a52aa0
:10f60000f0000a245000aa10f1000b244f00ab5068
:10f61000ff03a52a1f2b400f0000448e5f0000103f
:10f620001c82898f4c00bf8f4800be8f4400b78f6b
:10f630004000b68f3c00b58f3800b48f3400b38fd4
:10f640003000b28f2c00b18f2800b08f0800e0038b
:10f650005000bd27029d0b3c0c276a25fc80898f3a
:10f660000000528d0a002625806dc4262128400204
:10f67000fc8086af1000a0af1400a0af2b62400f3b
:10f680001800a0af1000a2af0c00401021880000ad
:10f690001000b027212000002b62400f21284002db
:10f6a000010031262b68020003002e2a04001026d8
:10f6b0002460ae01f7ff8015000002ae1000a48f99
:10f6c000140080141c82978f1400a48f06008054ad
:10f6d0001c82828f1c82848f806dc0a201008324d3
:10f6e0000eff00101c8283af00a01f3c80c00200f0
:10f6f000907ef9274860400f218019031c82848f77
:10f70000000002ae01008324806dc0a203ff001040
:10f710001c8283af00a0123c407817007828512645
:10f720004860400f2180f101e7ff0010000002a6b1
:10f7300080ff00101c00b58cffffc624020084244b
:10f7400060ff00100400a524ff03a52a0b00a014ed
:10f750000004ad2a00000596a500a72c0700e014c0
:10f76000ae00ac2c05008011aa0004240300a410f4
:10f77000ab000624a7ffa614000000000800a05557
:10f78000010031260000059656ffb824ffff0f3315
:10f790000200ee2d0800c0550000448e0100312605
:10f7a0002ac82902020010266eff201704005226e4
:10f7b000dbfe00109080898f1f2b400fffffa530cc
:10f7c000f6ff00101c82898f02ff00100000158dcb
:10f7d000d0ffbd2701a0023c2400b5af029d053c2f
:10f7e0008ca855246023a5242120a0022800b6afb0
:10f7f0002000b4af1c00b3af1400b1af1000b0af25
:10f800002c00bfaf1800b2affc8080af1e62400f6b
:10f810008ca840a000a0033c282e762400a0143c15
:10f82000bf001124806d9326e414d02600000396b7
:10f830000100042461006410020006246600665082
:10f840000800048e00000a96ffff4925ffff2831bb
:10f850000200072d4500e014029d0c3c01003126fa
:10f86000c2002f2af1ffe0151c0010262180c002e3
:10f8700004000010218800000e01282a2400001135
:10f880001c00102600000396010016245600761076
:10f89000020018245b0078500800048e00000296d5
:10f8a000ffff4324ffff7f300200f92ff2ff2053b8
:10f8b00001003126029d043c64238524213020026e
:10f8c000212060026962400f21384002806d8582ec
:10f8d0000800a010fc80858f212060020000878036
:10f8e0000100842400008680fcffc0142128e5006c
:10f8f000fc8085af2120a002212860021e62400ffb
:10f90000010031260e01282adeff00151c001026fa
:10f91000fc80868f029d113c6c2325266962400f76
:10f9200021206002029d103c2120a0021e62400f97
:10f93000212860022120a0021e62400f54230526c8
:10f940002120a0022c00bf8f2800b68f2400b58f85
:10f950002000b48f1c00b38f1800b28f1400b18f39
:10f960001000b08fa930400b3000bd2764238525df
:10f9700021206002213020026962400f21384002bc
:10f98000806d8b8208006011fc80858f21206002d1
:10f9900000008e800100842400008d80fcffa015f3
:10f9a0002128c501fc8085af2120a0021e62400fe6
:10f9b00021286002aaff0010010031260800048ef1
:10f9c0007529400f21280000f074400f21204000cd
:10f9d0009cff001021904000cd73400f1800058e51
:10f9e000f7ff0010212040000800048e7529400f09
:10f9f00021280000f074400f21204000a7ff0010d4
:10fa000021904000cd73400f1800058ef7ff0010c5
:10fa100021204000c8ffbd2701a0023c2400b3af55
:10fa2000029d053c8ca853247423a5242120600248
:10fa30003000b6af2c00b5af2800b4af2000b2af95
:10fa40001c00b1af1800b0af3400bfaffc8080af76
:10fa50001e62400f8ca840a000a0033c282e7424f6
:10fa600000a0153cbf001024806db226e41491263e
:10fa7000029d163c00002896ffff0725ffffe63099
:10fa80000200c42c530080141000a427010010268b
:10fa9000c2000c2af7ff80151c0031262188800245
:10faa0002180000005000010029d143c010010267a
:10fab0000e010a2a2f0040111c00312600003f963b
:10fac0000801163afffff927ffff383302000e2f17
:10fad0002b7816002468cf01f5ffa05101001026f5
:10fae00009010324f1ff031205ff05260700a22cdc
:10faf000efff40540100102641ff06260300c42cee
:10fb0000ebff8054010010261000a427b153400fd2
:10fb100021280002e6ff4054010010261000a78fa4
:10fb200021204002642385266962400f21300002b3
:10fb3000806da7820800e010fc80858f21204002a4
:10fb4000000089800100842400008880fcff0015eb
:10fb500021282501fc8085af212060022128400258
:10fb60001e62400f010010260e010a2ad3ff401525
:10fb70001c003126fc80868f029d113c6c232526bb
:10fb80006962400f21204002029d103c212060024a
:10fb90001e62400f21284002542305261e62400f9a
:10fba00021206002a930400f212060023400bf8f65
:10fbb0003000b68f2c00b58f2800b48f2400b38f8f
:10fbc0002000b28f1c00b18f1800b08f0800e00336
:10fbd0003800bd27b153400f21280002acff40542c
:10fbe000010010261000a78f212040026423c526a3
:10fbf0006962400f21300002806da9820800201147
:10fc0000fc80858f2120400200008b80010084242d
:10fc100000008a80fcff401521286501fc8085af2b
:10fc2000212060021e62400f2128400298ff001030
:10fc300001001026b8ffbd2700a0053c3400b3af7b
:10fc40003000b2af2c00b1af4000bfaf3c00b5af49
:10fc50003800b4af2800b0af282eb1249805238e09
:10fc6000029d043c030002241427938c0e006210b2
:10fc7000219000009a8083870100092450006910b8
:10fc8000218000004000bf8f3c00b58f3800b48f4a
:10fc90003400b38f3000b28f2c00b18f2800b08faa
:10fca0000800e0034800bd279c80878701000624e8
:10fcb000f1ffe6149a808387efff60149c8080a791
:10fcc0008c808d8f6900a01100a0043cf0298590e4
:10fcd00001a0023cffffa32521506000aca14624f7
:10fce000f0298424aca145a0070063300100cc2496
:10fcf0005e00401101008b244700601001000824c1
:10fd00002900681002000924220069100300102451
:10fd10001b00701004000e2414006e1005000f2448
:10fd20000d006f1006001424070074500000679146
:10fd300001008b90feffaa250100cba00200cc247d
:10fd400002008b2400006791ffff4a25000087a175
:10fd500001006b2501008c2500006691ffff4a25fc
:10fd6000000086a101006b2501008c250000759123
:10fd7000ffff4a25000095a101006b2501008c259d
:10fd800000007891ffff4a25000098a101006b2533
:10fd900001008c2500007991ffff4a25000099a100
:10fda00001006b2501008c2500007f91ffff4a2593
:10fdb00000009fa101006b252a00001001008c2586
:10fdc00074808b8702006a29aeff40119a8080a759
:10fdd00001a0043caca18d802f000c24aaffac151f
:10fde0004000bf8faca186240100cf80bbffe2257d
:10fdf0002c004e2ca5ffc0113c00b58f029d1f3c6e
:10fe000080c002009423f92721a819030000b48eb2
:10fe10000800800200000000000062910100639170
:10fe2000020064910300659104006e9105007091d9
:10fe30000600689107006991000082a1010083a17a
:10fe4000020084a1030085a104008ea1050090a1f9
:10fe5000060088a1070089a1f8ff4a2508006b2544
:10fe600008008c25edff4055000062910100082438
:10fe7000010003249a8088a77fff001090808daf37
:10fe8000029d023c4c2855242120c0002b62400fcb
:10fe90002128a0020c0040101000a2af1000b427cf
:10fea000212000002b62400f2128a0020100102613
:10feb0002b2802000400032a040094262420a30017
:10fec000f7ff8014000082ae1000a48f740080142d
:10fed000000000001400a48f6d00801400000000da
:10fee000dbfe4a260700502d0b000012c0701200e6
:10fef0002368d20180600d0021589101c674400f23
:10ff000002006495ac1e258e2b75400f2120400009
:10ff10008900401827011124212800007529400f6d
:10ff2000212060020e75400f21204000212040005a
:10ff30001031400fffff453253ff00104000bf8fcc
:10ff4000029d083c502814252120c0002b62400f40
:10ff5000212880020c0040101000a2af1000b12731
:10ff6000212000002b62400f212880020100102672
:10ff70002b50020004000b2a0400312624484b01b8
:10ff8000f7ff2015000022ae1000a48f6600801439
:10ff9000000000001400a48f5f0080140000000027
:10ffa000212800007529400f212060020e75400fa6
:10ffb00021204000212040008037400f21284002ae
:10ffc00031ff00104000bf8f82808387010004242e
:10ffd00088bf0c3c36006010646084ad2aff645416
:10ffe0004000bf8f1082848f235e400f828080a7e5
:10fff00025ff00104000bf8f853e400f000000002d
:020000041d01dc
:1000000021ff00104000bf8f029d073c5428f524bb
:100010002120c0002b62400f2128a002aaff40101f
:100020001000a2af1000b427212000002b62400f67
:100030002128a002010010262b4002000400092afa
:100040000400942624300901f7ffc014000082ae9a
:100050009eff00101000a48f808090870100032471
:1000600008ff0352808080a706ff0010808083a7ce
:10007000a63c400f0000000003ff00104000bf8faf
:10008000f43d400f00000000fffe00104000bf8f55
:100090005f62400f0000000091ff001021984000b7
:1000a0004860400f000000008aff001021904000cf
:1000b000801b400f000000000060604199aa123cc4
:1000c0006655153c81bf053c55665836aa99b4362d
:1000d00030f2a0ac81bf043c30f2b8ac30f2b4ac2a
:1000e00000f0918c05000f240452f17d00f091acda
:1000f00000f08e900100cd3500f08da000f0998cbd
:100100000000337ffdff601601001f2430f2a0ac19
:10011000dcfe001082809fa75f62400f000000009d
:100120009fff0010219840004860400f0000000031
:1001300098ff0010219040003100511228014f2af1
:100140001e00e0112901152425011424cefe5416a9
:100150004000bf8f212800007529400f2120600238
:1001600021204000f074400f03001224c6fe5254b8
:100170004000bf8fc09f023c5d1b400f1c284434d1
:10018000029d043c78238424a930400ff08082af84
:1001900000a01f3c9854f327029d193cf080868fe5
:1001a000212060026962400f80232527a930400f7b
:1001b00021206002b4fe00104000bf8f1c005512c9
:1001c0002b011824b0fe58164000bf8f21280000d4
:1001d0007529400f21206002f074400f212040005b
:1001e00009000724a8fe47144000bf8f029d063c6b
:1001f000a930400f8823c424a27c400f00000000d7
:10020000212800007529400f21206002f074400f62
:1002100021204000050005249bfe45544000bf8f6f
:10022000b530400f0000000097fe00104000bf8f67
:10023000212800007529400f21206002f074400f32
:1002400021204000070003248ffe43144000bf8f8d
:10025000801b400f00000000322a400f01000424e0
:100260001b22400f00000000831b400f0000000015
:100270009f8080a383fe0010a68080a3e0ffbd279f
:1002800000a0033c1400b1af1000b0af2188800083
:1002900058067024029d043c442485242120000239
:1002a0001800bfaf1e62400f580660a0029d023cbe
:1002b00021302002212000026962400f6c23452476
:1002c000029d053c212000021e62400f5423a524fc
:1002d000212000021800bf8f1400b18f1000b08fd2
:1002e000a930400b2000bd27c0ffbd2700a00d3c5a
:1002f000c871ac253c00bfaf3800beaf3400b7af0b
:100300003000b6af2c00b5af2800b4af2400b3afb7
:100310002000b2af1c00b1af1800b0af00008b8559
:1003200000a0023c80800b00805d5524029d173c9c
:1003300021981502ff010a241827e58e21b08000bc
:100340000000648efeff4925cd73400f1000a9af59
:1003500000a0083c78180725211807020000648ccb
:100360001827e58e00a0143c21904000c871822619
:10037000cd73400f04005424218840002120400206
:10038000cd73400f212840022190400021202002ff
:10039000cd73400f21282002212840002120400257
:1003a0003273400f029d1e3ca475400f2120400077
:1003b0001c27c58fcd73400f2120400000a0043cb6
:1003c000c8719f240200f987000062ae8080190086
:1003d000219815020000648ecd73400f1827e58e1a
:1003e00000a0183c78180627212806020000a48cdb
:1003f0001827e58ecd73400f2190400021884000e2
:1004000021204002cd73400f21284002219040005e
:1004100021202002cd73400f2128200221284000f6
:100420003273400f21204002a475400f212040006c
:100430001c27c58fcd73400f21204000000062ae05
:10044000000099861000b88f80801900219815024d
:100450000000648e1827e58efbff0627cd73400f42
:100460001000a6af00a0053c7818af2421700f0241
:100470000000c48d1827e58ecd73400f21904000f9
:100480002188400021204002cd73400f21284002e6
:100490002190400021202002cd73400f212820020e
:1004a000212840003273400f21204002a475400fe4
:1004b000212040001c27c58fcd73400f2120400014
:1004c00002008d86000062ae80800d00219815022a
:1004d0000000648ecd73400f1827e58e00a00c3c01
:1004e00078188b2521500b020000448d1827e58ecb
:1004f000cd73400f21904000218840002120400210
:10050000cd73400f2128400221904000212020027d
:10051000cd73400f21282002212840003273400f64
:1005200021204002a475400f212040001c27c58fc8
:10053000cd73400f2120400004008986000062ae88
:1005400080800900219815020000648ecd73400f51
:100550001827e58e00a0083c21904000781802255d
:10056000213802020000e48ccd73400f1827e58e7d
:100570002188400021204002cd73400f21284002f5
:100580002190400021202002cd73400f212820021d
:10059000212840003273400f21204002a475400ff3
:1005a000212040001c27c58fcd73400f2120400023
:1005b00006008386000062ae808003002198150249
:1005c0000000648ecd73400f1827e58e00a0043c18
:1005d00078189f2421c81f020000248f1827e58e59
:1005e000cd73400f2190400021884000212040021f
:1005f000cd73400f2128400221904000212020028d
:10060000cd73400f21282002212840003273400f73
:1006100021204002a475400f212040001c27c58fd7
:10062000cd73400f2120400008009886000062ae84
:1006300080801800219815020000648e1827e58e2e
:10064000cd73400f0a00942600a0063c7818c524fc
:10065000217805020000e48d1827e58ecd73400f48
:10066000219040002188400021204002cd73400f9e
:10067000212840022190400021202002cd73400f0c
:1006800021282002212840003273400f21204002ff
:10069000a475400f212040001c27c58fcd73400f4b
:1006a000212040001000ae8f65ffc105000062ae42
:1006b000029d043c202783240000658cff01062452
:1006c0000000b084807810002170f5010000cd8d0d
:1006d0000000cdae0200ac8480580c0021507501a2
:1006e0000400a9840000488d803809000400c8aec9
:1006f0002118f5000600a2840000648c80f8020036
:100700000800c4ae0800b98421f0f5030000d88fba
:1007100080b819000c00d8ae0a00b38421a0f502fd
:100720000000928e808813001000d2ae0c00af84bf
:100730002180350200000e8e80680f001400ceaebe
:100740000e00ab842160b50100008a8d80480b004b
:100750001800caae214035010000078df8ffc624fd
:100760001c00c7ae1000a524d5ffc1042000d6266a
:100770003c00bf8f3800be8f3400b78f3000b68f7b
:100780002c00b58f2800b48f2400b38f2000b28fc7
:100790001c00b18f1800b08f0800e0034000bd2797
:1007a000c0ffbd27803805002800b4af21a0a000fd
:1007b0000e00e524c21805003800beafc0100300cb
:1007c00021f0a0032c00b5af2000b2af1800b0afed
:1007d0003c00bfaf3400b7af3000b6af2400b3afba
:1007e0001c00b1af1000ddaf23a8d40023e8a203a2
:1007f0004000c4af1000b0276900a01a219000008b
:1008000001008a26c25f0a0021484b0143400900cb
:100810008030080021b0d0002ab814002188800060
:10082000219800005000e0124000d98fffff8f2672
:10083000213879020000f88c2130e001000018ae68
:100840000700e331040005264700e0110400e4241a
:100850003100601001001f2429007f1002000224d3
:1008600022006210030009241b00691004000a24fe
:1008700014006a1005000b240d006b1006000c24f8
:1008800007006c500000878c0400e38cfeff862676
:10089000040003ae0800e424080005260000878c4d
:1008a000ffffc6240000a7ac040084240400a52494
:1008b0000000888cffffc6240000a8ac040084243c
:1008c0000400a52400008d8cffffc6240000adac01
:1008d000040084240400a52400008e8cffffc6249d
:1008e0000000aeac040084240400a52400008f8c1a
:1008f000ffffc6240000afac040084240400a5243c
:100900000000988cffffc6240000b8ac04008424cb
:100910001500c0100400a5240000838cf8ffc62435
:100920000000a3ac04008c8c0400acac08008b8ce1
:100930000800abac0c008a8c0c00aaac1000898caf
:100940001000a9ac1400828c1400a2ac18009f8c7b
:100950001800bfac1c00998c200084241c00b9ac8a
:10096000edffc0142000a524029d0e3c2427cd25b8
:100970000000a78d21200002212880028061400f05
:1009800004000624010052260000cc8e2a205502c5
:1009900000002cae04007326a2ff80140400312650
:1009a0001000dd8f21e8c0033c00bf8f3800be8ff0
:1009b0003400b78f3000b68f2c00b58f2800b48f6d
:1009c0002400b38f2000b28f1c00b18f1800b08fad
:1009d0000800e0034000bd2790ffbd2700a0053cb4
:1009e0006c00bfaf6800beaf6400b7af6000b6afc9
:1009f0005c00b5af5800b4af5400b3af5000b2af15
:100a00004c00b1af4800b0af282ea4247c0c838cde
:100a10000800022482036210029d073ca412848c09
:100a20003027e58ccd73400f01a0153c029d093c99
:100a30003028282500a00a3c0000118dc48182af17
:100a400078085225ff031324218040000000448ec3
:100a5000c674400ff8ff732621204000cd73400f6d
:100a6000212800020400448ec674400f000022ae0c
:100a700021204000cd73400f212800020800448e41
:100a8000c674400f040022ae21204000cd73400ff9
:100a9000212800020c00448ec674400f080022aecc
:100aa00021204000cd73400f212800021000448e09
:100ab000c674400f0c0022ae21204000cd73400fc1
:100ac000212800021400448ec674400f100022ae8c
:100ad00021204000cd73400f212800021800448ed1
:100ae000c674400f140022ae21204000cd73400f89
:100af000212800021c00448ec674400f180022ae4c
:100b000021204000cd73400f212800021c0022ae9e
:100b100020005226cdff610620003126029d103ca8
:100b200030280f260000e48dcf22400f00a0103c9b
:100b30001c23400f21980000029d0e3c3028cd253b
:100b4000ba40400f0000a48d282e0c2690158b8de6
:100b50003b00601121100002029d123c30285126fa
:100b6000180000100000328ec674400f2120400093
:100b700021206002282e1e26c674400f21884000c6
:100b8000212840003073400f21202002b415c58f6a
:100b9000cd73400f212040000000448e3073400f81
:100ba000212840009015d98f0100732600a0103c29
:100bb0002bc07902000042ae040052262000001330
:100bc00021100002282e57249015e28e42b0020018
:100bd00001005430e4ff410425209602c674400f02
:100be000282e1e26212840003273400f212040006d
:100bf00021206002c674400f218840002128400057
:100c00003073400f21202002b415c58fcd73400fe3
:100c1000212040000000448e3073400f2128400006
:100c20009015d98f0100732600a0103c2bc07902cb
:100c3000000042ae04005226e2ff0017211000021d
:100c4000029d063c029d023c3427d48c3827538ced
:100c500021208002cd73400f2128600201a01f3c9b
:100c60006081e3270000648c3073400f212840002e
:100c700001a0193c60813827000002afc674400f04
:100c800001000424212840003073400f21208002fd
:100c900021204000cd73400f2128600201a00f3cad
:100ca0006081ee250400c48d3073400f2128400080
:100cb00001a00d3c6081ac25040082adc674400fdc
:100cc0000200042401a0123c2120800221284000bf
:100cd0003073400f6081572621204000cd73400fb4
:100ce000212860020800e48e01a0113c60813626b4
:100cf0003073400f212840000800c2ae03001224c8
:100d00000c00d126c674400f21204002212840004b
:100d10003073400f2120800221204000cd73400f0e
:100d2000212860020000248e3073400f21284000eb
:100d3000000022aec674400f010044262128400066
:100d40003073400f2120800221204000cd73400fde
:100d5000212860020400248e3073400f21284000b7
:100d6000040022aec674400f020044262128400031
:100d70003073400f2120800221204000cd73400fae
:100d8000212860020800248e3073400f2128400083
:100d9000080022aec674400f0300442621284000fc
:100da0003073400f2120800221204000cd73400f7e
:100db000212860020c00248e3073400f212840004f
:100dc0000c0022aec674400f0400442621284000c7
:100dd0003073400f2120800221204000cd73400f4e
:100de000212860021000248e3073400f212840001b
:100df000100022aec674400f050044262128400092
:100e00003073400f2120800221204000cd73400f1d
:100e1000212860021400248e3073400f21284000e6
:100e2000140022aec674400f06004426212840005c
:100e30003073400f2120800221204000cd73400fed
:100e4000212860021800248e3073400f21284000b2
:100e5000180022aec674400f070044262128400027
:100e60003073400f2120800221204000cd73400fbd
:100e7000212860021c00248e3073400f212840007e
:100e80001c0022aec674400f0800442621284000f2
:100e90003073400f2120800221204000cd73400f8d
:100ea000212860022000248e090052263073400f52
:100eb00021284000ff00442a200022ae91ff801428
:100ec0002400312601a0053c6081a7240800e48ca1
:100ed0000c00e58c029d063c3273400f1800a6af53
:100ee0001800a48f282e17263c27858ccd73400f21
:100ef0002120400001a0033c7c0cff8e21204000fb
:100f00006081a2ae08001324608162240900f313fb
:100f1000040044ac5c0de88e01001024c7021011df
:100f2000029d0a3c780deb8e58027011029d0d3c1b
:100f30006081a48e01a0133c608171260800258e7b
:100f40003273400f029d163c1800be8f21204000d6
:100f50003c27c58fcd73400f3028d426029d193c05
:100f6000302838270000048f01000524b40006242f
:100f7000248282af3925400f029d123c0000848eee
:100f80008000052400010624302850262526400f25
:100f9000748282af0000048e21280000960006248f
:100fa0002526400fd88182af029d0f3c3028ee25c8
:100fb0000000c48d80000524c80006241027400fbf
:100fc000b08182af5083958f1000a2afac8282af08
:100fd0002c8280af0602a016048380af7c0ce38ec7
:100fe00008001f2421100000648280af508282af6d
:100ff00033047f10e48180affaff75240200b22e23
:1010000028024052029d153c500be48e3273400f73
:10101000300ce58e21884000d881908f212040003f
:101020002b75400f21280002a90640047482848f8a
:10103000212800023073400f00000000029d0b3c8d
:101040007c27658d980ee48e219040002b75400f13
:10105000208382af5707400421680000029d1e3c98
:1010600084818daf9c818daf3483848f2b75400f2d
:1010700021284002ad0642047c0cf58e6482928fda
:10108000029d153ce481918f2c82948f239851020c
:10109000c36f13002670b3012398cd0101000c2407
:1010a000188293afa58280a30c038c12288280a3a0
:1010b0007c0cf68e080010240203d0125082848f1c
:1010c000c674400f6482848f508282af7c0cf18e94
:1010d00008001224ed0232121800aa8f3483848f84
:1010e000cd73400f3c27458d2083848f3073400f94
:1010f00021284000029d093cd427258d2120400055
:101100003b74400f000000007827c48f5c8182afe1
:101110005c81918f2b75400f212820023b034004f6
:101120007827cb8f212020022b75400f212800002b
:1011300033034004216000007402e48e7427a58efe
:10114000cd73400f029d163cd827c58e21984000d4
:10115000cd73400f21202002212840003273400f20
:10116000212060027c0cee8e08000d240500cd11bc
:101170007402e2ae2c82988f01000f24fa020f1342
:10118000f882908f7c0cf18e08000824120028123f
:101190001c81838f0100142421200000648280af11
:1011a000ec8284afd2057410508284af0b006014bf
:1011b0001800a58f029d0c3cf882908f4c27848ddf
:1011c000208180af7c8190af2b75400f21280002d9
:1011d00002064004029d183c1800a58f3c27a48cf1
:1011e0002b75400f8c1fe58e19034204a81fe48e57
:1011f0007c0ce28e0800072447004710a5828883f4
:10120000460000557c0cf18e4c11f48e0200112426
:10121000b20891120000000000a0083c946d022565
:101220000400588c0800438c0c00448c10004f8c38
:1012300014004e8c18004d8c1c004c8c2000538cdc
:1012400024004b8c000058ac040043ac080044acb4
:101250000c004fac10004eac14004dac18004cac60
:1012600020004bac1c0053acec82918fdc81858f4d
:10127000240051ac6c0bf48ecd73400f2120800202
:101280007827c48f219040003073400f21288002be
:1012900021204000cd73400f21282002212840004a
:1012a0003273400f212040024c83858f9c82908fa7
:1012b000dc8182afcd73400f212000027827c48fdc
:1012c000212800023073400f21a040001800a98f90
:1012d00021204000cd73400f3c27258d21904000f8
:1012e00021204000cd73400f2128200221284000fa
:1012f0003273400f212080022180400021204002d3
:10130000cd73400f21286002212840003273400f26
:10131000212000024c8382af7c0cf18e0800132444
:101320000400331201000924600cf08e71010912cf
:1013300000a00a3c7c0cf18e0800122440013212fd
:1013400001000924600cf08e3e0109527c0cea8eeb
:101350004c83928ff88292af00a0093c946d2825af
:101360000000048d21284002211000003073400f3e
:10137000ec8182af5c8182af5c81878fff7f113c03
:10138000ffff3136ec81858f3273400f2420f1004e
:1013900000a0063c946dc5240400a48c2198400054
:1013a0003073400f212840025c8182af5c819f8fa7
:1013b0002420f1033273400f2128600200a0043c76
:1013c000946d99240800248f21a040003073400fb1
:1013d000212840025c8182af5c81838f21288002ba
:1013e0003273400f2420710000a0183c946d0f2729
:1013f0000c00e48d218040003073400f2128400212
:101400005c8182af5c818e8f212800023273400f95
:101410002420d10100a00d3c946dac251000848dda
:10142000219840003073400f212840025c8182af38
:101430005c818b8f212860023273400f2420710160
:1014400000a00a3c946d49251400248d21a0400081
:101450003073400f212840025c8182af5c81888f0d
:10146000212880023273400f242011012180400086
:1014700000a0023c946d47241800e48c3073400fa8
:10148000212840025c8182af5c81868f2128000286
:101490003273400f2420d10000a0053c946dbf247e
:1014a0001c00e48f219840003073400f2128400237
:1014b0005c8182af5c81998f212860023273400f7a
:1014c0002420310300a0043c946d83242000648c0c
:1014d00021a040003073400f212840025c8182af80
:1014e0005c81988f212880023273400f24201103e1
:1014f00000a00f3c946dee252400c48d2180400097
:101500003073400f212840025c8182af5c818d8f57
:10151000212800023273400f2420b10121884000ad
:10152000ec8182af2c0df08e212840022b75400fec
:1015300021200002660240041800ab8f2120000227
:10154000cd73400f3c27658d212040002b75400f47
:10155000212840024c024004029d0c3c7827c28f97
:101560007827c48fec8182afec81908f2b75400f70
:101570002128000240024004212000022b75400f68
:101580002128000039024004217000001800af8fac
:101590007402f18e3c27e48d2b75400f2128200228
:1015a0008b024204212020025c8190af9002e48ee5
:1015b000cd73400f7427a58ed827c58e5c81848f8c
:1015c000cd73400f21984000212840003273400f16
:1015d00021206002c482848f9002e2ae3073400ffb
:1015e000212840027c0cf88e060016246c0216138b
:1015f000908182af7c0ce38e070019245902791088
:10160000029d043c7c0ce58e07001f244302bf10a2
:10161000029d103c7c0ce78e080006248e00e650ec
:10162000240fe48e21100000f08182aff081938faf
:10163000580ef28e010002240c8393af9b044212d9
:10164000248393af580ef08e020014246402141207
:10165000029d0c3c8c8282870500400405005328c3
:10166000040060527c0cf08e21400000f08188afb5
:101670007c0cf08e0800092413000912029d0e3c18
:10168000029d0c3c029d0a3c029d163c7827cb8fa4
:101690001c28cf8e7427be8e2028cd8de827948df0
:1016a0001028558df081848fd0818faf44838daf0a
:1016b000dc8294af4c828bafc88195afc828400fb5
:1016c00048839eaff08182af4c11f98e010018243f
:1016d00079003813000000001810e38e0600601433
:1016e000f081918f2c0de58e2b75400f212020026b
:1016f0007d004004212000001810e68e01001f2408
:101700007100df502c0df08e029d133c2128200229
:101710001482928f3073400f212040022428658e5e
:10172000cd73400f212040008c8182afff7f053cac
:101730008c81888fffffa734242807017011f08e59
:10174000219840002b75400f21200002c200420466
:10175000212860029e6c400f212020022128400099
:10176000219040003073400f212020025802e2ae49
:101770007d30400f212040023c02e2ae5c0ff08e33
:10178000148291af212020022b75400f21280002e6
:101790004700400421282002780ff08e2b75400f5f
:1017a0002120000201004204f08190af9805f08ee4
:1017b00001000924f6000912029d0b3c74809587f4
:1017c000020011240a00b1120100142480808387d2
:1017d000af0074107c80848701001524930195501c
:1017e0009805f68e010006248b0186509805e48e3c
:1017f0006c00bf8f6800be8f6400b78f6000b68f2b
:101800005c00b58f5800b48f5400b38f5000b28f76
:101810004c00b18f4800b08f0800e0037000bd2776
:10182000029d063ca412848ccd73400f2827c58ce2
:10183000029d043c2c27858c7afc0010212040005e
:101840007c0cea8e0800142430045411f882928f24
:10185000c2fe001000a0093c2b75400f2128400259
:1018600071ff410421100000400fe48e2128400246
:10187000cd73400f00000000dc0be58ecd73400ff0
:101880002120400069ff0010f08182af3028ac2594
:10189000ec0ee58e8e24400f0000848da5fd001017
:1018a0006081a48e029d1e3cf6fd00102190000078
:1018b000beff0010f08190afca27400ff081848fe7
:1018c00085ff0010f08182af212020022b75400f90
:1018d000212800028dff4104029d133cf08190af4e
:1018e0008aff001021880002f08184af86ff00107b
:1018f00021888000946d5425f882928f2158000031
:101900001000902670818baf050011242198600192
:101910000000048e3073400f212840022120400037
:10192000212860023273400fffff312621984000ca
:10193000f7ff2106040010263c80838f1b006014f3
:10194000708182af4c83928fe80ff08e2128400087
:10195000f88292af2b75400f212000026e044004e4
:1019600000800c3c262890012b75400f212060023e
:101970006a04400424818e8f2481838f03006018c1
:10198000ffff6f2424818faf2118e001b40cf88e83
:101990002b20030371fe801000a0093c01000324ea
:1019a0003c8083af6dfe0010248180af01001924bc
:1019b0006afe791400a0093c480df18e00801f3c9e
:1019c000dc81928f2620f103f88292afe80ff08e2f
:1019d000cd73400f21280002212040002b75400fbd
:1019e0002128600240044004212020022481838faa
:1019f00003006018ffff6724248187af2118e000ef
:101a0000980ce88e2b10030154fe401000a0093cf6
:101a10004c83938f21204002212860023c8080afbc
:101a20003073400f248180af212040003273400f7b
:101a30002128600248fe00104c8382af30284925df
:101a40000000248d0a000524e841400f000106240f
:101a500035fd0010780deb8e2b75400f2120000016
:101a600012044004029d023c029d113c2828258e50
:101a7000cd73400f21200002212040003273400f1f
:101a800021284002f08182af32ff001021884000ff
:101a900052ff8314010015249805f08e03001624cc
:101aa0004eff161600000000029d123ca930400fa8
:101ab000282344269805f38e990570126c80908730
:101ac00000a01f3c6406f627c674400f6482848f12
:101ad000029d033c2c2365242120c0026962400f33
:101ae0002130400000a0193cbc523527029d183c13
:101af000f882868f342305276962400f2120a002d7
:101b000000a00f3c2c70f125029d0e3cf081868fc9
:101b10003c23c5256962400f2120200201a00d3c15
:101b20006ca1be25029d0c3c7402e68e44238525e3
:101b30006962400f2120c00301a00b3c8ca17025dd
:101b4000029d0a3c9002e68e4c2345256962400fb7
:101b500021200002a930400f2120c002a930400fef
:101b60002120a002a930400f21202002a930400fdf
:101b70002120c003029d123ca930400f2120000209
:101b8000a930400f5423442616ff00107c80848720
:101b9000029d153c30286a2500a01e3c00a00c3c8c
:101ba0002c28b48e0000528dc870d6270080133cbc
:101bb000805d9e251d0000100c8280afcc27e58f34
:101bc0000000448e3273400f0400de27262062029c
:101bd0005c8184af2c28a48e5c81908f2b75400f84
:101be000212800020c82868f040052262128000042
:101bf000230040042188d6007529400f21200002cf
:101c00000e75400f2120400001a0093c000022a2d7
:101c10000c82828f60813125000425260100482432
:101c20002a384502e5fee0100c8288af7c0cee8e6f
:101c300008000d24e1ffcd15029d1f3c100bf88e0e
:101c400001000f24deff0f17cc27e58f0000c38fa4
:101c50002c28a48e26c863025c8199af5c81908f8a
:101c60002b75400f212800020c82868f040052261b
:101c70000400de2721280000dfff41042188d60070
:101c80005c8194afdcff0010218080022083848f70
:101c90003483858f3073400f029d143ccc27858e92
:101ca0003073400f21204000029d033cd027658cfb
:101cb000cd73400f21204000cc27858e10fd0010f1
:101cc000212040007529400f21280000f074400faa
:101cd00021204000fdfc0010648282af740ef08e63
:101ce00051000f2ef3fce0557c0cf68e7482848f2d
:101cf0003073400f2482858fc00be48e2b75400f0c
:101d000021284000fe0440043300782afe040057d6
:101d10002b2812022bc812020a0020132882838368
:101d20002bf83002fa04e013000000001c0fe68ece
:101d30002b20d100f604801000000000648291afd7
:101d400028828383010007246503671002000224b0
:101d500061036210030068386482828f0a100800f1
:101d6000d3fc0010648282af5082938f2120000246
:101d70003073400f21286002029d193cdc27248f1c
:101d8000219040007c8182af2b75400f21280002fa
:101d9000f7054004ff7f053c029d023c4c27448c24
:101da0002b75400f21280002d4054004029d033cfe
:101db000240ff18e212800022b75400f21202002d4
:101dc000aa054004029d0f3cec8293aff08280afe5
:101dd0001c81838fe1026014010002242081838f23
:101de000d00cf28e2b804302f60200120100672411
:101df000010013241c8193aff7fc0010208180aff9
:101e00005c818cafccfc00102188800121886001ae
:101e1000c9fc00105c818baf0300172474fe97503f
:101e20007c8080a773fe00106c00bf8f0300142419
:101e30006dfed41601000624029d133c282364265f
:101e4000a930400f000000001eff001000a01f3c42
:101e50003b74400f400fe58e240fe48e3273400f29
:101e600021284000e2fc0010ec8282afec818eafb2
:101e7000c6fd00102180c0017827cd8f2180a001f0
:101e8000c2fd0010ec818daf6027858dcd73400fb2
:101e9000212040027827c58f029d143c3273400fe9
:101ea00021204000212840003b74400f21202002c7
:101eb000ec27848e3073400f21284000ec27858e5c
:101ec0003b74400f21204000a6fd00107827c48fee
:101ed000029d0a3c6027458dcd73400f21204002b2
:101ee0007827c58f029d103c3273400f212040009f
:101ef000212840003b74400f21202002e827048e57
:101f00003073400f21284000e827058e3b74400fb6
:101f10002120400093fd00107827c48f3c10e48ef0
:101f20003273400f9027058e212840002b75400ffb
:101f300021204002b8fd405c7c0ce78e9027058e86
:101f40003273400f212040025810e58e029d123c52
:101f5000cd73400f21204000f027458e44fe001035
:101f6000212040009027858c3c10f08e3273400f6a
:101f700021200002212040002b75400f2128400223
:101f8000a1fd43047c0ce58e212040023073400ffc
:101f9000212800025810e58e35fe00102120400057
:101fa000240ff08e212840022b75400f21200002c3
:101fb00091fd43047c0ce38e212040023073400fde
:101fc00021280002400fe58e29fe0010212040004c
:101fd000cd73400f2128000274fd00105c8182af98
:101fe000f427848df482928f2b75400f21284002b4
:101ff00099fd43048c8282873c0ee38e01000d2400
:1020000071056d10029d0f3c6305701003001924cb
:102010000a05791004001f24fd047f10029d073c6f
:1020200005000524f0046550029d023c06001124c1
:10203000dc0471100b001024d20470100c00142466
:10204000c80474100d000e24be046e100e00182477
:10205000b40478100f00042444026410029d1f3c55
:10206000a80fe78e010006247bfde6148c82828790
:102070003c0ee28e0b00452c77fda0148c828287eb
:1020800021284002cc0ff18ecd73400f2120200279
:102090007827c48f219040003073400f2128200200
:1020a00021204000cd73400f2128600221284000ec
:1020b0003273400f2120400266fd0010f08182af94
:1020c000500be48e3273400f300ce58e21884000b7
:1020d000d881908f212040002b75400f21280002cd
:1020e000440540047482848f212800023073400f1d
:1020f00000000000029d073c00a0033c3428e624b9
:10210000029d053c208382af781863240000c28cb6
:102110004027a48c21b06000ff010524f8ffa5240e
:1021200021980000000044ac000073ac040044acf3
:10213000040073ac080044ac080073ac0c0044ac61
:102140000c0073ac100044ac100073ac140044ac31
:10215000140073ac180044ac180073ac1c0044ac01
:102160001c0073ac20004224ecffa1042000632477
:10217000029d093c01a0083c608104254427348d60
:102180000b0013242c0010242c00922421a8000200
:10219000218016020000048e3273400fd4ff458e5a
:1021a000d8ff458e3273400f21204000dcff458e62
:1021b0003273400f21204000e0ff458e3273400f04
:1021c00021204000e4ff458e3273400f2120400063
:1021d000e8ff458e3273400f21204000ecff458e12
:1021e0003273400f21204000f0ff458e3273400fc4
:1021f000212040001000458e3273400f2120400006
:102200001400458e3273400f212040001800458e87
:102210003273400f212040001c00458e3273400f66
:10222000212040002000458e3273400f21204000c5
:102230002400458e3273400f212040002800458e37
:102240003273400f212040002c00458e3273400f26
:10225000212040002120400001007326cd73400f53
:1022600021288002f5016a2a000002ae04005226ed
:10227000c6ff40150400b02601a00c3c60818b25f0
:102280004000a0af3800a0af3c00abaf4000ae8f25
:10229000fc8280affdffcd25dc04a0191400adaf9a
:1022a0004000b08f3800aa8f01a0143c8088100035
:1022b0006081952621a05501219836020000648e88
:1022c0000000858e3273400f010015241400b28f78
:1022d00021204000fcff1e262a48b20201000224f1
:1022e0000700d033fc8282af000064ae6f00201183
:1022f000040092264d0000520000648e3e0015122c
:1023000002001e2433001e1203000b2428000b12af
:1023100004000c241d000c1205000d2412000d12e7
:1023200006000e2408000e520000648e0400858e04
:102330003273400f08009226000062aefc829eaf0e
:10234000020015240000648e0000458e3273400f99
:102350000100b526fc82988f000062ae01000f27b5
:10236000fc828faf040052260000648e0000458e70
:102370003273400f0100b526fc82838f000062aeed
:1023800001007924fc8299af040052260000648e7b
:102390000000458e3273400f0100b526fc82868f07
:1023a000000062ae0100df24fc829faf04005226d1
:1023b0000000648e0000458e3273400f0100b52688
:1023c000fc82878f000062ae0100e424fc8284afaf
:1023d000040052260000458e0000648e3273400fc8
:1023e0000100b526fc82858f000062ae0100a824a2
:1023f000fc8288af040052260000648e0000458ee7
:102400003273400f0100b526fc829e8f1400b08ffe
:102410000100c9272a20b002000062aefc8289af09
:1024200022008010040052260000648e0000458eb9
:102430003273400f0800b5260400458e3273400ffa
:10244000212040000800458e3273400f21204000bb
:102450000c00458e3273400f212040001000458e45
:102460003273400f212040001400458e3273400f1c
:10247000212040001800458e3273400f212040007b
:102480001c00458e3273400f21204000fc828b8f50
:102490001400b48f08006a252a20b40220005226b6
:1024a000000062aee0ff8014fc828aaf3c00ac8f7b
:1024b000218836021000858d3273400f0000248e73
:1024c0003c00ab8f212040003273400f1400658d1b
:1024d0003c00b08f212040003273400f1800058e61
:1024e0003c00aa8f212040003273400f1c00458d14
:1024f0003c00a98f212040003273400f2000258d21
:102500003c00a88f212040003273400f2400058d2d
:102510003c00a38f212040003273400f2800658cbf
:102520003c00a78f212040003273400f2c00e58c27
:10253000fc82868f21a840000800c424c674400f86
:10254000fc8284af212840004000a28f01005f245c
:102550004000bfaf3b74400f2120a0023c00be8f63
:102560003800b88f4000b38f0400d9270400142727
:102570000b00722a000022ae3c00b9af43ff4016a8
:102580003800b4af00a0043c029d0e3c029d0d3cff
:102590003828a525c87583244827c48d0000a28c3f
:1025a0002a8180a763000524f6ffa524000044ac1f
:1025b000000060a4040044ac020060a4080044ac25
:1025c000040060a40c0044ac060060a4100044acfd
:1025d000080060a4140044ac0a0060a4180044acd5
:1025e0000c0060a41c0044ac0e0060a4200044acad
:1025f000100060a4240044ac120060a4280042240f
:10260000e9ffa10414006324029d193c4c27258f87
:10261000500be48e3273400f1c00b9af029d183c82
:102620005027058f3483948f219040002120800211
:10263000cd73400f2000b4af212840003273400f0b
:10264000212040021800af8fbc13f28e3c27e48d8e
:102650002198e00221a84000648182af2b75400fd1
:10266000212840021e054204ec13ff8e029d083c07
:1026700001a0123c3c280725b814f18e6091508ec1
:102680000000f38c212020022b75400f212800022e
:102690000f0540042120000220010524ffffb4247f
:1026a0002f00001004007026212020022b75400fff
:1026b000212840023b004004212040020800128ee5
:1026c000212020022b75400f212840023f004004aa
:1026d000212040020c00128e212020022b75400f79
:1026e0002128400243004004212040021000128ea5
:1026f000212020022b75400f212840024700400472
:10270000212040021400128e212020022b75400f40
:10271000212840024b004004212040021800128e64
:10272000212020022b75400f212840024f00400439
:10273000212040021c00128ef9ff94261c00132653
:10274000212020022b75400f212840025300400415
:1027500021204002ffff9426af038006040070266c
:102760000000128e212020022b75400f21284002ec
:10277000cdff43040400128e212040023073400f2d
:1027800021282002000002ae0400128e2120200227
:102790002b75400f21284002c9ff43040800128e08
:1027a000212040023073400f21282002040002ae95
:1027b0000800128e212020022b75400f2128400294
:1027c000c5ff43040c00128e212040023073400fdd
:1027d00021282002080002ae0c00128e21202002c7
:1027e0002b75400f21284002c1ff43041000128eb8
:1027f000212040023073400f212820020c0002ae3d
:102800001000128e212020022b75400f212840023b
:10281000bdff43041400128e212040023073400f8c
:1028200021282002100002ae1400128e2120200266
:102830002b75400f21284002b9ff43041800128e67
:10284000212040023073400f21282002140002aee4
:102850001800128e212020022b75400f21284002e3
:10286000b5ff43041c00128e212040023073400f3c
:1028700021282002180002ae1c00128ef9ff9426b7
:102880001c001326212020022b75400f2128400216
:10289000b1ff4304ffff9426212040023073400f14
:1028a00021282002abff00101c0002ae029d113c4b
:1028b000f427248ef482918f2b75400f212820025b
:1028c00061fb4304580ef08e2c0df08e708291af98
:1028d000fc8193af212820022b75400f212000029c
:1028e000500042042120000256fb00100a8380a7fa
:1028f0002081838fec0cea8e2b4843013f0320118b
:1029000001006b243cfd00101c8180af600cec8e3c
:1029100001000b248ffa8b514c83928ff882858fa4
:102920006c0bf28ecd73400f212040027827c48fac
:10293000212840023073400f219840004c83858f3e
:10294000cd73400f21204000212840003273400ffa
:10295000212060027ffa0010219040001ffa62548b
:102960001800a58f1cfa0010208180af1428e58f75
:10297000cd73400f212040027427a58e218840008e
:10298000608291af21204002cd73400f0000000013
:1029900021804000988282af212060022b75400f79
:1029a000212840000b004004212020022b75400ffd
:1029b00021286002aafd4204f08191afa9fd001018
:1029c000a80fe78e21280000208187af02fa0010af
:1029d000ec8285afa2fd0010f08190af7c818e8fdc
:1029e000ff7f0f3cffffed355c27048f2b75400ff9
:1029f0002428cd01f9f943041800a58ff082928fa5
:102a0000080de68e01005f262bc8df00170020139b
:102a1000f0829faf21800000f08280afeef90010bd
:102a2000ec8290af2b75400f2128600205fb430418
:102a30000a8380a70a838a97010049252086097c9a
:102a40006500082afffa00150a8389a702000b24f3
:102a5000580eebae212820023b74400f212060026b
:102a60006c8182afa0ff0010f98192a3029d133cfc
:102a7000e427658ecd73400f2120000221284000fd
:102a80003073400f21200002ec8282af240ff08ec1
:102a9000212040002b75400f21280002cef942046e
:102aa000ec8290afcdf900101800a58f2828458c36
:102ab000cd73400f21200002212840003073400fc9
:102ac00021204002f08182af22fb001021884000cb
:102ad00058f9001021282002a1fc0010e481828f07
:102ae00073f90010a58283a3cd73400f2128000243
:102af000212840002b75400f21206002bcfb4304bd
:102b00002481838f2481868f0100c5242118a00091
:102b1000bbfb0010248185af24818e8f0100cd2561
:102b20002118a00199fb001024818daffaffaf2678
:102b30000200ee2d3b00c0514083958f029d183c52
:102b4000b827048f1081908f2b75400f2128000229
:102b50008d004004029d193cc027258f2b75400f26
:102b60002120000289004004080fe48ecd73400f3d
:102b700021284002029d103c2c27058e2188400010
:102b8000888182af2b75400f212040000400410452
:102b90004083958f2c27118e888191af4083958f2c
:102ba00001a0063c6081c42480f815002190e40354
:102bb0000000448e3073400f212820022482848f2d
:102bc0002128200221a040003073400f488282afac
:102bd000d881858f21984000888282af940ff28e31
:102be0003273400f212040022188400021208002c2
:102bf0002b75400f2128400001004204488291af0c
:102c0000b081858f3273400f212040022180400027
:102c1000212060022b75400f212840000100420452
:102c2000888290af2883928f1000401a218800007c
:102c3000029d103c302808268882938f04000010e3
:102c40000000108d2a183202090060102ab0b2026a
:102c50000000048e212860022b75400f040010260e
:102c6000f8ff430401003126e48191af2ab0b2029b
:102c70001000c0122188a00201a00b3c805015005a
:102c8000608169254882938f218049010000048e6c
:102c9000212860022b75400f040010267a0440049e
:102ca00021202002010031262a603202f8ff8055df
:102cb0000000048e2c82968f010013243e01d31253
:102cc0006482928f7c0cf08e07000824edf8085681
:102cd000029d153c500be48e3273400f300ce58e94
:102ce000d881858f219840002b75400f212040000e
:102cf000e4f84304029d153cc674400f232055029e
:102d000001a00b3c8048120060816a257482858f87
:102d100021182a010000718c21a040003073400f5f
:102d200021202002212840003b74400f21208002f6
:102d300021a8400021206002212820023073400f8a
:102d4000948182af21204000cd73400f2128a00242
:102d5000212800007529400f21204000f074400f09
:102d6000212040006482928f029d153c21b05200c8
:102d70002120c002648296afc674400f2190c00229
:102d8000c0f80010508282af080fe48e3273400ffb
:102d90008481858f21204000cd73400f212840027f
:102da0009c81858f3273400f2120400072ff0010fc
:102db000029d103c3c82858f029d1e3c9c82908f20
:102dc000cd73400f212000027827c48f21280002f4
:102dd0003073400f2188400021204000cd73400f08
:102de00021284002212840003273400f2120200278
:102df000240fe58ef882848f219040003073400fbd
:102e00003c8282af21804000308382af21200000cd
:102e10002b75400f2128400085004004029d0c3c8a
:102e200021280000029d143c029d133c548285af72
:102e3000029d113c5827248e5482908f2b75400f91
:102e400021280002510040045827248e212000022e
:102e50002b75400f212800000500410421280002a5
:102e600021300000548286af2180c000212800025a
:102e70003273400f21204002029d093c4c27258dd2
:102e8000980ee48e3073400f21b04000212840009e
:102e90003073400f2120c0022c27858e2120400056
:102ea000c16d400f688182af029d033ca027658cf5
:102eb000cd73400f212040009027658e6881848f5c
:102ec000c16d400f21804000029d083ca427058d64
:102ed000cd73400f21204000212840003273400f65
:102ee0002120000221a04000029d023ca827458c21
:102ef0006881848fcd73400f029d113c21284000d2
:102f00003073400f21208002029d073cac27e58ce6
:102f10003273400f21204000b027258e21804000d1
:102f2000108182af2b75400f212040003e004204eb
:102f3000b027308e029d113cb427248e2b75400f94
:102f40002128000238004204b427308e029d113c33
:102f5000b827248e2b75400f21280002240040043e
:102f6000b827258e029d113cc027258e2b75400f5a
:102f70002120000208004004216000002083928f7d
:102f800084818caf38f800109c818caf2180800048
:102f9000b6ff0010548284afc027258e029d113cdd
:102fa0003073400f21200002c427258e21204000cd
:102fb000cd73400f21804000080fe48e212840008f
:102fc0003273400f848182af029d0b3cc827658d10
:102fd000cd73400f2120400021204000cd73400fd1
:102fe000212800022083928f1ff800109c8182af5d
:102ff000029d133c3073400f21200002bc27658ed8
:1030000021204000cd73400f21804000080fe48e46
:10301000212840003273400f848182af029d0a3c18
:10302000ebff00106c27458dc8ff0010108190af9a
:103030008027858d2b75400f2120000279ff4304e6
:1030400021280000029d1f3c8427e58fc16d400fa1
:1030500021200002029d193c8827258f029d143ce7
:10306000cd73400f212040003083848f2c27858e24
:10307000c16d400f21a84000029d183c8c27058f90
:1030800021204000cd73400f029d133c21284000b9
:103090003073400f2120a0023083848f9027658eeb
:1030a000c16d400f21904000029d0f3c9427e58d9b
:1030b000cd73400f21204000212840003273400f83
:1030c00021204002029d0e3c9827c58d3083848fbd
:1030d000cd73400f21b04000212840003073400fd5
:1030e0002120c002029d0d3c9c27a58d3273400f0c
:1030f000212040003c82928f4dff0010548282af0d
:103100000ffb0010a58294a30efba01028828383de
:10311000eb2a400f0000000009fb0010288282a368
:1031200068fa111600a01f3c7c0ceb8e08000a24e4
:1031300051006a11029d023c029d143c3028452436
:1031400000a01e3c029d113c2c28938e0000b08ce8
:103150007470d627029d153c48243e260080123c00
:1031600007000010ff0011246962400f5c81868f08
:103170009630400f2120c00268002006029d093cc5
:103180000000048ecc27a58e3273400fffff31263e
:103190002c28848e262842022b75400f5c8185af37
:1031a000040010262120c002efff41042128c003a3
:1031b000edff00105c8193af740eed8e2b884d02f5
:1031c000c1fe20527c0cf08e1800b98f4882848f8b
:1031d0003c27258f3273400f2188400201a0183c04
:1031e0008078120060810e272180ee011e00532698
:1031f00021a040000000058e212080022b75400f89
:10320000040010261c03400402000724010031269c
:103210002af83302f8ffe0570000058e020014245c
:10322000a9fed4567c0cf08e3883908f01a0053c0b
:1032300080301000010007246081a4244882948f0c
:103240002c8287af2188c4001e0013260000248e24
:103250002b75400f21288002110340042120000219
:10326000010010262a101302f8ff40140400312632
:1032700095fe00107c0cf08e029d0d3c029d1e3cc4
:103280003028ac2500a0183c029d0f3c00a00e3c4d
:103290002c28d48f0000918d747016274824f525b2
:1032a000805dd2250080133c100be38e01001924b1
:1032b000020079500000428e0000228e2620620219
:1032c0005c8184af2c28c48f5c81908f2b75400f5c
:1032d0002128000204003126040052262120c002c9
:1032e000030041042128a0025c8194af2180800268
:1032f0006962400f213000029630400f2120c00249
:1033000001a0083c608107250004e6242af8260273
:10331000e6ffe057100be38e029d093cc8fa00104f
:1033200050242425029d033ce827658ccd73400f73
:1033300021204002029d193c1028258f90fd00108d
:1033400021884000029d163c0828c58ecd73400f91
:1033500021204002029d0f3c6427e58d88fd00106e
:1033600021884000029d0d3c0028a58dcd73400fa3
:1033700021204002029d0c3c0428858d80fd001018
:1033800021884000029d0b3cf827658dcd73400fce
:1033900021204002029d0a3cfc27458d78fd00104b
:1033a00021884000029d093cec27258dcd73400ffc
:1033b00021204002212040006c81908fcd73400f6e
:1033c00021280002029d083c1828058d2188400014
:1033d00021204002cd73400f608291af2120400038
:1033e00069fd0010212800021428458ccd73400f80
:1033f00021204002212040006c81908fcd73400f2e
:10340000212800027427a58ef1ff001021884000ba
:10341000e827e58ccd73400f212040022120400099
:103420006c81908fcd73400f21280002029d063cd5
:103430001028c58ce6ff001021884000029d043c46
:103440000828858ccd73400f2120400221204000a8
:103450006c81908fcd73400f21280002029d033ca8
:103460000c28658cdaff0010218840007c818d8f4c
:10347000ff7f0e3cffffcc352c27e48d2b75400fd2
:103480002428ac0151fa4304ec8293aff082868f7a
:10349000080dff8e0100d9242bc0f9034afa00174a
:1034a000f08299afd827c58ecd73400f21204002fe
:1034b000212840003073400f21200002ec8282afaf
:1034c000212040002b75400f2128200240fa4204a1
:1034d000ec8291af3ffa00101c81838f8c27400f44
:1034e000ec82848fca27400f212040008228400fa1
:1034f0002120400048f70010ec8282af7c81918f40
:10350000ff7f143cffff88365c27648c2b75400fcf
:103510002428280227fa4304240ff18ef0828b8f8f
:10352000080dea8e010069252b20490126fa801436
:10353000f08289afd827c58ecd73400f212040027d
:10354000212840003073400f21200002ec8282af1e
:10355000240ff08e212040002b75400f21280002ff
:103560001bfa4204ec8290af1afa00101c81838f80
:10357000029d073c7c81868fffffbf342428df003b
:103580002b75400fe027e48c04fa4104029d023cb5
:10359000e3ff0010f0828b8f029d183c0028058ffe
:1035a00021204002cd73400f029d163c2120400097
:1035b0006c81908fcd73400f212800020428c58ea6
:1035c00083ff001021884000f827e58dcd73400f60
:1035d00021204002212040006c81908fcd73400f4c
:1035e00021280002029d0e3cfc27c58d78ff0010ab
:1035f00021884000bdfa001021282002f882838f24
:1036000020818baff4f60010ec8283af4000af8fc7
:10361000a6fb001080880f00a011e88e210112295e
:10362000680040124400a8af805808006081948f61
:103630002120760100a00e3c01a0163c01a0053c13
:103640002400b4af2a818f97805dcd256091b0248e
:103650006081ca267882948f2160700121f06d010b
:1036600021b06a012800afa73400a4af0e000010fb
:103670003000acaf4400aa8f3400b28f3000b38f5b
:103680000100502504004926040063262101082a70
:103690004400b0af3400a9af3000a3af0400de2770
:1036a000430000110400d6263400bf8f0000e48fd1
:1036b0003273400f2000a58f029d193c5c273827ec
:1036c0000000058f3073400f212040002120400072
:1036d0000000d08e2b75400f21280002e6ff410428
:1036e0004400aa8f2120a0022b75400f2128000240
:1036f000e1ff41044400aa8f5815e28ee200400425
:103700000000d0afc674400f21204000029d073c4e
:103710006027e58ccd73400f212040003000b18f31
:10372000212840002b75400f0000248ea400400487
:103730003400a88f2800b39701a00e3cffff713220
:10374000fca6c525806811002190a5010000448ecb
:103750000000d08f2b75400f212800020900430480
:103760000400c48e00a01f3c40c01100c875f9279a
:103770004400af8f21201903000050ae00008fa439
:103780000400c48e2b75400f0000c58ebaff4104a3
:103790004400aa8f6200272e2800b19701006626f8
:1037a0000000e2380a302202b2ff00102800a6a76b
:1037b0002800be972400b58f2a819ea7788294aff7
:1037c000608195af2482848f3073400f1000a58fe5
:1037d000d813e58e2b75400f2120400001004204d4
:1037e0002a8180a72a819097640000121c81838f10
:1037f0006f006014010005242081838fd00cf48eab
:103800002bb083026600c01201006c2401000b245f
:103810001c818baf208180af029d1f3c6427e58f08
:103820002b75400f6c0be48ea00040041c00a68f8b
:1038300021380000948287afb50100169482858fed
:103840006c0be48e3273400f029d103c7027048e87
:10385000219040009c8282af2b75400f21284000b0
:10386000a80142047027128e029d153c7427a58e74
:103870002b75400f21204002a30142047427b28e11
:103880001c81838f430060102110000001000b2475
:1038900040006b104c83828f00a0093c946d33254f
:1038a00004006a8e946d2aad0800648e0c00718e3f
:1038b00010007f8e1400658e1800798e1c00788ea3
:1038c00020006f8e24006e8e040064ae080071ae7e
:1038d0000c007fae100065ae140079ae180078ae13
:1038e0001c006fae20006eaeec82918f1800ac8f82
:1038f000240071ae3c27848d2b75400f8c1fe58e04
:1039000078014204a81fe48e4c11f68e02001e249a
:103910006a01de1200000000dc81858f029d1e3ce2
:10392000cd73400f212040027827c48f2128400208
:103930003073400f2198400021204000cd73400f8c
:103940002128200221a04000212060023273400f74
:10395000212840004c83858f21204002cd73400fe9
:10396000dc8182af212040003273400f2128800289
:103970006482928fc3f500104c8382af01000d2446
:103980009c016d102081998f0ac80300a2ff0010ce
:10399000208199af508282afbfff0010ec8282afce
:1039a0002180000020818caf9bff00102a8180a71e
:1039b0009aff6514029d1f3c98ff0010208180af84
:1039c0002120a0020000108d2b75400f212800023d
:1039d000211800000a0041042400a3af21200002a6
:1039e0003073400f2128a002029d093c3c2733255b
:1039f0000000658ecd73400f212040002400a2af4f
:103a00003400aa8f2000a58f3273400f0000448d30
:103a1000212840000000d08f3073400f2120000289
:103a200021904000212000023073400f2128a00285
:103a30002400a58f3073400f212040002128400032
:103a40003273400f2120400221a0400021200000bd
:103a50002b75400f2128400037ff41042800b39701
:103a600021208002cd73400f212880023000ac8fce
:103a7000212840003273400f0000848d3000ab8f4e
:103a80002cff0010000062ad423002000100423005
:103a9000c674400f25204600212040003273400f9d
:103aa000212840001aff0010029d073cf882858ff4
:103ab0002b75400f4c27c48c5eff41042138000059
:103ac000029d023c6827518c5bff0010948291afed
:103ad0003073400f21282002effa0010609142aeaf
:103ae00001a0113c6081342680f01f002180d403a6
:103af000fcff118e2120a0022b75400f21282002ef
:103b0000060043040000118e212020023073400f74
:103b100021284002fcff02ae0000118e2120a002ed
:103b20002b75400f21282002060043040400118e4b
:103b3000212020023073400f21284002000002aef5
:103b40000400118e2120a0022b75400f2128200295
:103b5000060043040814e38e212020023073400f36
:103b600021284002040002ae0814e38e01a0073ca5
:103b7000801003006081e62421804600fcff118e46
:103b80002120a0022b75400f212820020a004304a7
:103b90000000118e029d083c5427058d3273400fa2
:103ba00021204002212840003073400f21202002b4
:103bb000fcff02ae0000118e2120a0022b75400fe9
:103bc000212820020a0043040400118e029d093cb2
:103bd0005427258d3273400f2120400221284000b8
:103be0003073400f21202002000002ae0400118e2d
:103bf0002120a0022b75400f212820020a00430437
:103c00002414e58e029d0a3c5427458d3273400fe3
:103c100021204002212840003073400f2120200243
:103c2000040002ae2414e58e01a0103c8060050063
:103c300060810b2621808b01fcff118e2120a002c8
:103c40002b75400f212820020a0043040000118e2a
:103c5000029d0d3c5827a58d3273400f2120400254
:103c6000212840003073400f21202002fcff02aecb
:103c70000000118e2120a0022b75400f2128200268
:103c80000a0043040400118e029d0e3c5827c58d86
:103c90003273400f21204002212840003073400f32
:103ca00021202002000002ae0400118e2120a0027b
:103cb0002b75400f212820020a0043044014fe8e79
:103cc000029d043c5827858c3273400f212040020e
:103cd000212840003073400f21202002040002ae52
:103ce0004014fe8e01a0193c80c01e0060812f2769
:103cf00021800f03fcff118e2120a0022b75400fa5
:103d0000212820020a0043040000118e029d1f3c5e
:103d10005827e58f3273400f2120400221284000b0
:103d20003073400f21202002fcff02ae0000118ef4
:103d30002120a0022b75400f212820020a004304f5
:103d40000400118e029d063c5827c58c3273400f2b
:103d500021204002212840003073400f2120200202
:103d6000000002ae0400118e2120a0022b75400f2e
:103d7000212820020a0043045c14678e029d023c45
:103d80005827458c3273400f2120400221284000e3
:103d90003073400f21202002040002ae5c14678eb5
:103da0002120a00280880700218034020000118eab
:103db0002b75400f212820020a0043040400118eb5
:103dc000029d033c2c27658c3273400f212040025a
:103dd000212840003073400f21202002000002ae55
:103de0000400118e2120a0022b75400f21282002f3
:103df0000a0043047814698e029d083c2c27058d27
:103e00003273400f21204002212840003073400fc0
:103e100021202002040002ae7814698e2120a00225
:103e200080980900218874020000308e2b75400fa5
:103e300021280002060043040400308e21200002e5
:103e40003073400f21284002000022ae0400308e63
:103e50002120a0022b75400f2128000204fa410402
:103e6000029d083c212000023073400f21284002af
:103e7000fef90010040022ae02001624388391af30
:103e8000e6fc00102c8287afc674400f648291afad
:103e900001000524508282af86fb00102c8285af82
:103ea000c674400f648290af508282af21900002ae
:103eb0000100022483fb00102c8282af8c27400f6c
:103ec00021202002ca27400f212040008228400fd5
:103ed000212040009c82928fec8282af8efe0010e7
:103ee000218840003b74400f400fe58e240fe48e84
:103ef0003273400f21284000ec8282af82fe001016
:103f000021884000029d153c5dfe00109c8292af0e
:103f10006738400f0000000021804000508282afcf
:103f2000212000002b75400f212840005d00400437
:103f30001c81838f5082908f212800002b75400fa9
:103f400021200002510040041c81938f2120000297
:103f50002b75400f21280000450040041c818a8fea
:103f6000212800022b75400f212000003a00400458
:103f70001c81958f5882848f3073400f6481858fa8
:103f80007c15e58e3073400f2120400021884000d1
:103f9000a08182af212000002b75400f2128400016
:103fa0001d0040046c0be48e3273400f9482858fa9
:103fb000029d103c7027048e219040009c8282afad
:103fc0002b75400f21284000110042047027128eeb
:103fd000029d153c7427a58e2b75400f21204002b1
:103fe0002efe410400a0093c7427b28e2afe001068
:103ff0009c8292af2081838fec0ce48e2b70830027
:104000001100c0114c838f8f02fe00101c8180af05
:10401000f6ff0010029d153c9482858f3273400f8d
:10402000029d143c6c27858e21b04000cd73400f5b
:1040300021202002212840003073400f2120c0029f
:10404000dcff0010029d103c01007824208198af15
:10405000f1fd0010ec828fafc7ffa0565882848f0d
:1040600021f0000050829eafc2ff0010ec829eaf94
:1040700001001224bbff5255212800024c83908f6f
:10408000ec8290afbbff0010508290afb0ff605643
:104090002120000221480000508289afb5ff0010a6
:1040a000ec8289af01000824a3ff68545082908fee
:1040b000b0ff0010ec8290afe0ffbd271400b1af5d
:1040c0001c00bfaf1800b2afc87c400f1000b0afeb
:1040d00040000f2488bf0e3c218840000420cfad53
:1040e000c87c400f88bf103c21204000004000ae3b
:1040f000ca7c400f0000000000400d8e80bf123cc3
:104100003000ac3500400caec07c400f0000000019
:1041100081bf0b3c2120200200f0638dca7c400f40
:104120000000000088bf053c00700a2488bf093cdd
:104130000006082488bf073c001006240040042421
:1041400000200224a461aaac84612aad0460e8ac1a
:10415000a461a6aca461a4aca461a2acd433400f0a
:1041600001001124235e400f1082848f00a0033cc5
:10417000780870241082848f21280002000406240d
:10418000080051aee45e400f000000007642400f90
:1041900000000000ab37400f000000000d3f400f53
:1041a000000000000236400f000000004134400fc4
:1041b00000000000f0ff00101082848f0700a0189c
:1041c000688080af000080a06880868f0100c224d4
:1041d0002a184500fbff6014688082af0800e003e6
:1041e00000000000688080af0f00a01821300000a0
:1041f00020000724000088800100032d25106600a0
:104200000400401068808b8f01000624000087a006
:1042100068808b8f0100842401006a252a484501ab
:10422000f4ff201568808aaf0800e003000080a03a
:10423000029d023c886c438c2024047c1000668c18
:104240000002c530fdffa014ff008730200067acde
:104250001000688c0002047dfdff8010000000004b
:104260000800e003000000000000838c0000a28c26
:104270000800e003231062000800832c090060108e
:10428000029d073c802804005424e6242110a60047
:104290000000448c08008000000000000100083c81
:1042a00000c202350800e003000000000800e0033f
:1042b000b00402240800e003600902240800e003bf
:1042c000c01202240800e003802502240800e00355
:1042d000004b02240800e003009602340800e003cb
:1042e00000e102342150a000b0ffbd2721380000ba
:1042f000212800006f008004214000002130a0032d
:10430000c26f040021608d0043180c004058030068
:1043100023488b00300022250000c2a0212060002d
:104320000100e724f6ff601c0100c62464000011b0
:104330002120fd002130fd000100e4242d00072490
:104340000000c7a05700800421489d00ffff2e9168
:10435000ffff882400004ea10100a5240700833040
:10436000ffff27254f00000501004625380060109b
:1043700001000f242f006f1002001824270078106e
:10438000030019241f007910040002241700621092
:1043900005000b240f006b1006000c2408006c10a5
:1043a000ffffe724feff2391feff8824010043a1c5
:1043b0000100a524feff272502004625ffffe72474
:1043c0000000e990ffff08250000c9a00100a52416
:1043d0000100c624ffffe7240000ed90ffff082541
:1043e0000000cda00100a5240100c624ffffe724a2
:1043f0000000e490ffff08250000c4a00100a524f0
:104400000100c624ffffe7240000ee90ffff08250f
:104410000000cea00100a5240100c624ffffe72470
:104420000000ef90ffff08250000cfa00100a524a9
:104430000100c624ffffe7240000f890ffff0825d5
:104440000000d8a00100a524160000050100c62424
:10445000ffffe490f8ff08250000c4a0feffed90e8
:104460000800a5240100cda0fdffe9900200c9a02d
:10447000fcffe3900300c3a0fbffec900400cca082
:10448000faffeb900500cba0f9ffe290f8ffe724dc
:104490000600c2a00000f9900700d9a0ecff0105ba
:1044a0000800c624213045015000bd270800e00364
:1044b000ffffc0a02320040090ff0010010008248b
:1044c00020000824000088a09eff00100100e424c2
:1044d000e8ffbd271000b0af1400bfafba5f400fb8
:1044e00021808000ffff49241300000037002005d1
:1044f000214000002120000200008280d0ff4a24d9
:104500000200432d360060102a2809012a00a0105d
:104510000100072427600800ffff252521388901b5
:104520002a5805010700e630230060110200072425
:104530001d00c01001000d241800cd50ffffa52460
:104540001300c71003000e240f00ce1004000f2428
:104550000b00cf10050010240700d010060018240f
:104560000400d8504038070004000724feff25252a
:1045700040380700ffffa52440380700ffffa524af
:1045800040380700ffffa52440380700ffffa5249f
:1045900040380700ffffa524ffffa5242a100501ce
:1045a0000500401040380700f8ffa5242a10050137
:1045b000fdff4014003a0700010008252a302801b9
:1045c00000004771ccffc0100100842412100000cd
:1045d0001400bf8f1000b08f0800e0031800bd2743
:1045e0001400bf8f1000b08f211000000800e003fe
:1045f0001800bd2798fbbd276004b6af5c04b5afbb
:104600005004b2af4c04b1af4804b0af6404bfafc4
:104610005804b4af5404b3af029d023c029d033c66
:104620001000b5274028548c4428738c21b0a0007a
:10463000219000002188a00221808000212000021a
:10464000ca6c400f21288002f074400f21204000e6
:104650003000442401003126ffff24a221286002fb
:10466000cd73400f212000029e6c400f212040009e
:104670002180400001005226212000002b75400fb0
:1046800021284000eeff4004212000024f00401a84
:1046900021385502ffff4526ffffe8902130a0009a
:1046a0000700a3300000c8a20100c4264700c010c4
:1046b000ffffe52431006010010009242900691082
:1046c00002000a2422006a1003000b241b006b1056
:1046d00004000c2414006c1005000d240d006d1056
:1046e00006000e2407006e50ffffa790ffffa69064
:1046f0000200c4260100c6a2feffe524feff4626f6
:10470000ffffa790ffffc624000087a0ffffa5249e
:1047100001008424ffffaf90ffffc62400008fa09c
:10472000ffffa52401008424ffffb090ffffc624f3
:10473000000090a0ffffa52401008424ffffb1909a
:10474000ffffc624000091a0ffffa52401008424e0
:10475000ffffb390ffffc624000093a0ffffa52436
:1047600001008424ffffb490ffffc624000094a042
:10477000ffffa5241500c01001008424ffffa990ad
:10478000f8ffc624000089a0feffa890010088a0c1
:10479000fdffa290020082a0fcffa390030083a073
:1047a000fbffbf9004009fa0faffb990050099a0fd
:1047b000f9ffb890060098a0f8ffb590f8ffa5247f
:1047c000070095a0edffc0140800842421205602a4
:1047d0006404bf8f6004b68f5c04b58f5804b48f37
:1047e0005404b38f5004b28f4c04b18f4804b08f7f
:1047f0006804bd270800e003000080a0d0ffbd27ab
:104800002400b3af2000b2af1c00b1af1800b0afae
:104810002800bfaf2198a0002180800021900000d7
:104820000c0000102188a0003273400f01005226b6
:104830001000a5278d6d400f212040001000a48f8f
:10484000f074400f2180400030004224000022a27a
:1048500001003126212800022b75400f2120000085
:1048600021200002f0ff40042128000221185302f9
:104870002800bf8f2400b38f2000b28f1c00b18f9f
:104880001800b08f3000bd270800e003000060a0d2
:10489000d8ffbd271c00b1af2188a0001000a527bc
:1048a0002400bfaf2000b2af8d6d400f1800b0af35
:1048b000219040001000b08f212800002b75400f80
:1048c00021200002029d033c582866242128200252
:1048d0001d004014212000020100c290582863905e
:1048e000029d053c000023a25c28a5242120200273
:1048f0001e62400f010022a2212040022b75400fb2
:10490000212800001b00401421202002ba5f400f24
:1049100000000000029d083c5828092521202202a1
:1049200001002791582806912400bf8f2000b28fe4
:104930001c00b18f1800b08f2800bd27010087a090
:104940000800e003000086a07d51400f0000000039
:10495000029d053c5c28a5241e62400f21202002f8
:10496000212040022b75400f21280000e7ff401056
:1049700021202002ba5f400f0000000021285100d2
:10498000ff51400f212040022400bf8f2000b28f32
:104990001c00b18f1800b08f0800e0032800bd276d
:1049a000ff008930029d083c0033090000300725d4
:1049b0002120c70000f0838cff00a530403c637cc1
:1049c000120002240b00a2108000647c1300aa28ad
:1049d0000a00401511000b2413000c240500ac1034
:1049e0004000647c14000d240900ad50c000647cbc
:1049f000212000000800e00321108000fdffab54df
:104a000021200000010064300800e0032110800034
:104a10000800e00321108000c09f023c20008010ad
:104a2000dc264634010003241b0083100200062408
:104a3000490086100300072444008710040008245e
:104a400048008810050009244c00891006000a243b
:104a50004d008a1007000b2445008b1008000d2420
:104a60004c008d100b000f2434008f140000000048
:104a7000c09f033c80c805004428623421202203e3
:104a80000000988cffff05242c0005170000000093
:104a9000717d400baa000524c09f073c0427e63423
:104aa0000000cd8cffff07242600a7110400c424ba
:104ab00000008e8c2300c711213080000400842464
:104ac00000008f8c1f00e711213080000400842437
:104ad0000000988c1b000713213080000400842400
:104ae0000000998c170027132130800004008424d3
:104af0000000828c130047102130800004008424c1
:104b00000000838c0f006710213080000400842493
:104b10000000888c0b0007112130800004008424e1
:104b20000000898c070027112130800004008c24ac
:104b30000000848d03008710213080010800e0030d
:104b400063000224717d400b2120c000c09f093cfe
:104b5000d3ff00102c272635c09f083cd0ff001043
:104b6000b4260635c09f0a3ccdff001054274635b9
:104b7000c09f0c3ccaff0010cc278635c09f0b3c61
:104b8000c7ff00107c276635c09f043cc4ff00109f
:104b9000a4278634c09f063c1c28c3340000678cc1
:104ba000ffff0624212060002500e61021280000d8
:104bb00004006a8c040064242100461101000524cd
:104bc00008006b8c020005241d0066110800642497
:104bd0000c006c8c03000524190086110c00642461
:104be00010006d8c040005241500a611100064242b
:104bf00014006e8c050005241100c61114006424f5
:104c000018006f8c060005240d00e61118006424be
:104c10001c00788c07000524090006131c0064247e
:104c20002000798c08000524050026132000642448
:104c300024006e8c09000524c0ffc61524006424de
:104c4000717d400b0100a524ff008e30029d0d3cbc
:104c5000e0ffbd2700530e000030ab251400b1afbc
:104c60001000b0af1800bfaf21604b0100f0888d7d
:104c7000ffff043c253804010100f02400f0692501
:104c8000efff063c21884901ffffc534ffff0332d7
:104c9000e8030224212020021200621024280502c9
:104ca000217d400f21202002212020020d004010f4
:104cb0002128000200104f30002043300d00e01585
:104cc000080004240f006014212000001800bf8f8a
:104cd0001400b18f1000b08f211080000800e00395
:104ce0002000bd27717d400f00000000f2ff001082
:104cf00000104f306483908f00010236f3ff0010e4
:104d0000648382af6483918f07000424800022367d
:104d1000eeff0010648382af2110800003000324a3
:104d200001008438ffff42240800e0030a106400f9
:104d3000d0ffbd271400b1af010011241000b0afa7
:104d4000ff0030322400b5af2000b4af1c00b3af79
:104d50001800b2af2800bfaf2120000211000524c7
:104d60002190000021a00000219800006852400f0f
:104d700001001524080040540100302621200002c3
:104d80006852400f13000524266055000a902c023b
:104d90000100942601003026ff001132212020025c
:104da0006852400f110005240800405401001126ec
:104db000212020026852400f130005242668550068
:104dc0000a900d020100942601001126ff003032e6
:104dd000212000026852400f1100052406004014f3
:104de000212000026852400f1300052426105500b0
:104df0000a9022020100942614004016029d083ced
:104e00006483848f40008334648383af0200912adb
:104e10005005723a0100303a01004f2e2470f00123
:104e2000ffff02340a106e022800bf8f2400b58fe6
:104e30002000b48f1c00b38f1800b28f1400b18f04
:104e40001000b08f0800e0033000bd2700331200cf
:104e5000003007252118c70007000010ffff0534a8
:104e60000c008550010005240400732650056b2eac
:104e7000e7ff60110200912a10f06a8c040063249d
:104e8000024c0a00f6ff2515ffff4431dfff00103a
:104e90002c8180afddff00102c8185af82180400cb
:104ea00004000010030084302110850082180300e4
:104eb000ff004430fcff6014030065300800e0038d
:104ec00021108000d0ffbd27a802a22c2400b5af7e
:104ed0002000b4af1c00b3af1400b1af2800bfafc7
:104ee0001800b2af1000b0af2188a00021a8800048
:104ef00021a000005e004010219800000100042461
:104f00006852400f110005243c00401001000424a9
:104f100002000424110005246852400f02001024ee
:104f20000800401401001226020004246852400fb9
:104f300013000524010059380aa019020100732644
:104f400001001226ff005032212000026852400f5b
:104f50001100052406004014212000026852400f71
:104f600013000524010043380aa043020100732600
:104f700031006012029d063c1020d224002b140048
:104f80002138b2004c051024980ae62405000010d0
:104f90004c05e4241f007150fffc113c3900000651
:104fa000f8ffc6240000858cfcff1026ff03a83004
:104fb000fcff8424f7ff1115004ca37c5405c48c1e
:104fc0000000a4aea753400f802ab07c1a0002163e
:104fd000211800002800bf8f2400b58f2000b48f57
:104fe0001c00b38f1800b28f1400b18f1000b08f67
:104ff000211060000800e0033000bd276852400f18
:1050000013000524010058380100142fc0ff0010c0
:10501000010013245005c48cffff2f362480af00fd
:105020000000a4ae82861000a753400f00000000cd
:10503000e8ff0212211800006483928f0600032407
:1050400040004236648382af2800bf8f2400b58fb2
:105050002000b48f1c00b38f1800b28f1400b18fe2
:105060001000b08f211060000800e0033000bd2761
:105070006483848f0500032420008234f2ff001033
:10508000648382af02006c3a01008b2dc25710007e
:1050900024484b010600201102000e244653400f05
:1050a00021208002006b02002138b20102000e2490
:1050b00008006e124c05e624c6ff01062118000008
:1050c0006483938f0100032401006236deff001029
:1050d000648382af4c05082405000010980ae3247d
:1050e0000a009110fcffc624f5ff0005f8ff6324b9
:1050f0000000c58cfcff0825ff03a730f8fff11462
:10510000004ca47caeff00105405648cfffc113ce5
:10511000ffff2f365005648c2480af00828610007c
:10512000c1ff00100000a4aec0ffbd271c00b1af3e
:10513000010011241800b0afff0030323800beafbc
:105140003000b6af2c00b5af2800b4af2000b2af2e
:105150003c00bfaf3400b7af2400b3af2120000242
:10516000110005242190000021a0000021f0000082
:1051700021b000006852400f01001524080040547f
:1051800001003026212000026852400f1300052440
:10519000261055000a9822020100522601003026ee
:1051a000ff001132212020026852400f1100052417
:1051b0000800405401001126212020026852400faf
:1051c00013000524262055000a98040201005226e7
:1051d00001001126ff003032212000026852400fea
:1051e00011000524080040140200032421200002bd
:1051f0006852400f13000524261055000a98220219
:105200000100522602000324140043120300042468
:105210000f0044126483838f211800003c00bf8f6d
:105220003800be8f3400b78f3000b68f2c00b58f9a
:105230002800b48f2400b38f2000b28f1c00b18fe0
:105240001800b08f211060000800e0034000bd2767
:1052500008007f34f0ff001064839faf55550f3c6a
:105260005655ee3518006e02c36f13001060000033
:10527000029d073c23588d0140500b0021484b01f3
:1052800023406902003308001030e5242190c50056
:105290001200001021a84002010010240c007050e0
:1052a000010094260200712c880020121000a48fa7
:1052b000a753400f21805e020f00c012801202002f
:1052c000010003243b00c312252054000100942652
:1052d000a8028b2e22006051500514241000a42730
:1052e000b153400f21288002ebff40146483838f69
:1052f000edff00100200712c25b8540000b4170017
:10530000ffffd13621200002717d400f21282002ad
:10531000211840003d0040105005a42600107830b0
:105320006500001700207930090020576483998fa9
:1053300000001f8e0500f117010016245005a38ef2
:105340001000aa8fe2ff6a10010094266483998fef
:105350000700032480002237b0ff0010648382af6f
:105360002e00d413fdff153cffffa536717d400fc5
:10537000f0ff4426ff0064321253400f21804000aa
:105380004653400f212060021253400fff0044306b
:10539000001016324800c016002017329fffe0525e
:1053a000211800006483998f07000324eaff00108e
:1053b00080002237ffff023c25888200212820023e
:1053c000717d400f212000022118400021b8a00269
:1053d0002c0040105405a426001065303600a0149f
:1053e00000206630d9ffc014004411000000098e6f
:1053f000003c09000400de270800b526d3ff07158e
:1054000021b00000ceff00105405e38e717d400fe7
:105410001000a58fc1ff001021184000f9ff1e3cad
:10542000ffffc537717d400ff0ff4426ff00643257
:105430001253400f218040004653400f212060024c
:10544000ff0044301253400f020012242300721256
:1054500003006c2a0f00801103000e2401000d24ac
:10546000ccff6d1600101632029d133cfdff113c5f
:1054700000506426717d400fffff2536c4ff0010e9
:1054800021804000717d400f1000a58fd2ff0010d9
:1054900021184000bfff6e1600101632029d103c0e
:1054a000fdff113c00400426717d400fffff2536b3
:1054b000b7ff0010218040006483988f0800032408
:1054c0000001023755ff0010648382af4000623450
:1054d0000600032451ff0010648382af029d0f3c3d
:1054e000fdff113c0030e425717d400fffff2536a4
:1054f000a7ff001021804000d0ffbd27029d023c85
:105500002400b5af1800b2af1000b0af2800bfaf95
:10551000003050242000b4af1c00b3af1400b1af72
:1055200000000a8e2190000021a80002890040118d
:10553000648380af00100d8e9100a0110010102622
:105540000010038e65006010001004260100042482
:105550006852400f140005249500401002000424f6
:105560006852400f140005249100401002000624e8
:105570000100c4246852400f140005248c00401020
:1055800001000424110005246852400f0100142476
:105590000800401402000424010004246852400f53
:1055a00013000524010043380a98830201005226a3
:1055b00002000424110005246852400f0200102448
:1055c000400040100200042401001126ff00303288
:1055d000212000026852400f1100052406004014eb
:1055e000212000026852400f130005242638540081
:1055f0000a982702010052264d00401603000d2490
:10560000ffff053c717d400f2120a00200104530b6
:105610006c00a014002046303800c0146483828fd0
:105620001253400f010004240010a426717d400f86
:10563000ffff053c001047306200e01400204830b6
:105640002e0000156483828f1253400f0200042441
:105650000020a426717d400fffff053c001048305c
:105660005800001500204930240020156483828fe3
:105670001253400f030004242120a002fdff0b3c25
:10568000717d400fffff653500104a304d00401519
:1056900000204c3018008015211800002800bf8f12
:1056a0002400b58f2000b48f1c00b38f1800b28f78
:1056b0001400b18f1000b08f211060000800e003cb
:1056c0003000bd276852400f1300052401004938ff
:1056d0000a980902bcff001001005226217d400fec
:1056e00000000000001044303600801400204530d7
:1056f00097ffa010010004246483828f0700032415
:1057000080004234648382af2800bf8f2400b58fad
:105710002000b48f1c00b38f1800b28f1400b18f1b
:105720001000b08f211060000800e0033000bd279a
:1057300029004d12aaaa193cd8ff401621180000d2
:105740006483848f0600032440008234eeff00103f
:10575000648382af217d400f2120000200104c3075
:10576000180080152118400000206b30e3ff6055c1
:105770006483828f00100d8e71ffa015001010261b
:10578000217d400f2120000200104f300d00e01558
:105790002118400000206e306affc0510010038eb7
:1057a0006483828f07000324d6ff001080004234f8
:1057b0006483938f0200032402006236d2ff00103c
:1057c000648382af64839f8f080003240001e23763
:1057d000cdff0010648382afabaa3837190078027e
:1057e00010a8000042a01500409014002188540227
:1057f0002380710201000f261253400fff00e43195
:105800004c53400f00000000ffff0e3403004e1009
:1058100000000000a1ff0010211800004a54400fb2
:10582000000000009dff001021180000c0ffbd27f0
:10583000a802a22c3000b6af2800b4af2400b3af4a
:105840002000b2af3800bfaf3400b7af2c00b5af07
:105850001c00b1af1800b0af21a0a00021b08000a3
:10586000219800008c0040102190000001000424c9
:105870006852400f11000524490040100100042423
:1058800002000424110005246852400f0200102475
:105890000800401401001126020004246852400f41
:1058a00013000524010049380a9809020100522614
:1058b00001001126ff003032212000026852400f03
:1058c0001100052406004014212000026852400ff8
:1058d00013000524010043380a98230201005226d0
:1058e000690040126483858f1000a427b153400fd4
:1058f00021288002060040101000a88f6483878f43
:105900000200e62c1a00c010060003241000a88f25
:1059100017001611211800004c53400f0000000022
:10592000ffff09348900491021804000029d0d3c91
:10593000006313002120c0021020ab25a753400fa5
:1059400021a88b012c81838f802202002800601007
:105950002188b002010002245400625025189400ee
:1059600001001624140076104c050b3a2118000093
:105970003800bf8f3400b78f3000b68f2c00b58f42
:105980002800b48f2400b38f2000b28f1c00b18f89
:105990001800b08f211060000800e0034000bd2710
:1059a0006852400f13000524010043380100732c96
:1059b000b3ff00100100122401004a3a0100632dd8
:1059c0000100492d24806900510000160200563a5a
:1059d0000100c82e24386800e5ffe05021180000bf
:1059e0004a54400f00000000e1ff001021180000a1
:1059f00025b89400007c1700fffff7352120200216
:105a0000717d400f2128e0024070100021a0d501d7
:105a1000211840003a0040105005842600107830cc
:105a20005300001700207930080020576483918fbd
:105a300000003f8e0500f7176483918f5005828e1a
:105a4000c7ff56102c81838f6483918f0700032436
:105a500080002236648382af3800bf8f3400b78f56
:105a60003000b68f2c00b58f2800b48f2400b38f80
:105a70002000b28f1c00b18f1800b08f2110600081
:105a80000800e0034000bd27060003244000a234c4
:105a9000f1ff0010648382af6483848f05000324c8
:105aa00020008234ecff0010648382afffff143cbf
:105ab00025b8740021202002717d400f2128e002ca
:105ac0004020100021a09500211840002400401023
:105ad00054058426001065302500a014002066308f
:105ae000d9ffc014003c17000000288e008c08006d
:105af000d6fff1146483918fd1ff00105405828e7c
:105b0000717d400f2128c002c4ff00102118400001
:105b1000f9ff123cf0ffa426717d400fffff4536d0
:105b2000180040102118400000107430100080163a
:105b3000002066308effc050211800006483918fd2
:105b400007000324c3ff00108000223664838a8f7d
:105b50000400032410004235bfff0010648382afad
:105b6000717d400f2128c002daff0010211840008b
:105b70006483858f080003240001a234b6ff00105f
:105b8000648382af5555043c565582341800620236
:105b9000c3ff130010c80000029d0d3c23c03f034b
:105ba00040b818002178f80223706f0200ab0e0095
:105bb0000030ac25fdff133c2120ac02717d400f6d
:105bc000ffff6536d8ff001021184000d0ffbd2729
:105bd000821006000300c3302400b5af2000b4af2c
:105be0002800bfaf1c00b3af1800b2af1400b1afb4
:105bf0001000b0af21a0a0000200601401005524e5
:105c000082a8060021308000fb00a0122190000035
:105c100000008290010083900200989000ce020064
:105c200000fc030025883f0303009090009a1800b1
:105c300025783302277012002520f0012168d50154
:105c4000212880020700b1310b56400f0400d024f8
:105c5000ea004014010053262a487502e60020118c
:105c60000100922670002012010014245c003412fe
:105c7000020004244b002452000007920300052474
:105c800037002512040006242500261205000724eb
:105c90001300271206000824e1002856000019927c
:105ca00000000892010007920200059200260800f9
:105cb0000034070025a08600001a050003000292a8
:105cc00025f883022520e2030b56400f21284002cd
:105cd000ca00401404001026010052260100732659
:105ce000000018920100119202000d920076180037
:105cf000007c110003000a922558cf0100620d00bc
:105d000025486c0125202a010b56400f212840020e
:105d1000ba00401404001026010052260100732628
:105d2000000004920100079202000392002e04007a
:105d30000034070025a0a60003001f9200120300f4
:105d400025c8820225203f030b56400f2128400220
:105d5000aa004014040010260100522601007326f8
:105d60000000119201000f9202000c92006e1100cf
:105d700000740f00030009922550ae01005a0c0078
:105d800025404b01252009010b56400f21284002d8
:105d90009a004014040010260100522601007326c8
:105da000000007920100069202000392002e0700f5
:105db0000014060025f8a2000300199200a20300b7
:105dc00025c0f403252019030b56400f212840025b
:105dd0008a00401404001026010052260100732698
:105de00000000f9201000e9202000b9200660f005d
:105df000006c0e000300089225488d0100520b0034
:105e000025202a01252088000b56400f212840021a
:105e10007a00401404001026010073262a1075022f
:105e2000750040100100522600000c9201000b92f8
:105e300002000892004e0c0000540b000300059273
:105e400025302a01003a08002520c70025208500ba
:105e50000b56400f21284002680040140400102611
:105e6000000006920100029202001492002c02002f
:105e7000001e060025c8650000fa140003001892f1
:105e800025883f03010045260b56400f2520380288
:105e90005a004014040005260100ad9004000e9243
:105ea0000200aa90005e0e0000640d0025206c0127
:105eb0000300a890004a0a00253889000200452600
:105ec0000b56400f2520e8004c0040140800052622
:105ed0000100a290080006920200bf9000a60600f2
:105ee000001c02000300b19025c0830200ca1f00fd
:105ef00025781903030045260b56400f2520f10194
:105f00003e0040140c0005260100ac900c000d92e0
:105f10000200aa9000260d00005c0c0025408b00ba
:105f20000300a790004a0a00252809012520a700a0
:105f30000b56400f04004526300040141000052683
:105f40000100a390100002920200b99000fe02002e
:105f500000a403000300af902588f40300c21900d9
:105f600025703802050045260b56400f2520cf012d
:105f700022004014140005260100ac9014000d927c
:105f80000200aa9000260d00005c0c0025408b004a
:105f90000300a790004a0a002530090106004526a3
:105fa0000b56400f2520c70014004014180005268a
:105fb000180003920100b4900200b89000ce0300d4
:105fc00000fc14000300ae9025783f03008a1800ff
:105fd0002528f1012520ae000b56400f070045266d
:105fe000060040141c001026080073262a107502b3
:105ff0008dff401408005226211000002800bf8f9a
:106000002400b58f2000b48f1c00b38f1800b28f0e
:106010001400b18f1000b08f0800e0033000bd27de
:106020000100189202000e92007e1900008c1800e8
:1060300003000b922560f101006a0e0025508d01ce
:1060400025204b010b56400f21284002ebff401446
:10605000040010260100522611ff001001007326d3
:10606000c8ffbd27821006000300c3302c00b5af67
:106070002800b4af1800b0af3000bfaf2400b3affa
:106080002000b2af1c00b1af2180800021a0a00091
:10609000020060140100552482a806007800a012b6
:1060a000218800002720110021309500212880023e
:1060b0001000a427b153400f0300d23071004014e8
:1060c0001000a98f0100332602660900003c2b7dd9
:1060d000003a2a7d2b40750200000ca201000ba2a1
:1060e00002000aa2030009a2010091266400001127
:1060f000040010262500401201000524120045125c
:1061000002000724680047161000a4271000a427e7
:10611000b153400f212820025a0040141000b48fc0
:106120000100312602fe1400003c997e003a987e60
:1061300000001fa2010019a2020018a2030014a26d
:1061400001007326040010261000a427b153400f4d
:10615000212820024b004014010073261000a28f5a
:10616000021e0200003c447c003a457c2b30750244
:10617000000003a2010004a2020005a2030002a283
:10618000010031263e00c010040010261000a42794
:10619000b153400f212820023a0040141000a78f6d
:1061a00001002526024e0700003ce87c003ae67c10
:1061b0001000a427000009a2010008a2020006a204
:1061c000b153400f030007a20400732602002526e6
:1061d0001000a42700ff123c2a004014ff00143cca
:1061e0001000aa8f2478520124705401026e0f000f
:1061f00002640e00003a4b7d04000da205000ca2c3
:1062000006000ba2b153400f07000aa20300252687
:106210001000a4271b004014040031261000b88f82
:1062200024381203241814030216070002fc03008a
:10623000003a197f080002a209001fa20a0019a251
:10624000b153400f0b0018a20e0040142b30750202
:106250001000a48f2448920024409400022e0900cc
:1062600002a40800003a927c0c0005a20d0014a2c2
:106270000e0012a20f0004a2c4ffc01410001026ca
:10628000211000003000bf8f2c00b58f2800b48f84
:106290002400b38f2000b28f1c00b18f1800b08f84
:1062a0000800e0033800bd27b153400f2128200229
:1062b000f4ff40141000ad8f0100312602960d004e
:1062c000003caf7d003aae7d000012a201000fa29b
:1062d00002000ea203000da2010073268bff001026
:1062e00004001026e8ffbd271000b0af1400bfafb8
:1062f00018008010218080000000828c090040146a
:10630000212040000400038e0b0060142120600057
:10631000212000021400bf8f1000b08f2061400bbd
:106320001800bd272061400f000000000400038e0c
:10633000f7ff6010212060002061400f0000000086
:10634000212000021400bf8f1000b08f2061400b8d
:106350001800bd271400bf8f1000b08f0800e003a5
:106360001800bd27e0ffbd271400b1af1000b0af8b
:106370001800bfaf0000c28c40200500031a0200c5
:1063800025288300ff00b030ff005130ad7e400f64
:1063900001000424fdff401000000000137f400fa7
:1063a000010004243600401400000000e37e400f8a
:1063b0000100042408004730fcffe0100100042421
:1063c000f47e400f34000524390040140000000022
:1063d000277f400f01000424fdff40100000000053
:1063e000c87e400f010004243a004010212800021a
:1063f000f47e400f010004243f0040140000000020
:10640000277f400f01000424fdff40100000000022
:10641000c87e400f010004244000401021282002c3
:10642000f47e400f010004244500401400000000e9
:10643000277f400f01000424fdff401000000000f2
:10644000c87e400f010004244600401000000000f8
:106450001e7f400f01000424e37e400f010004244e
:1064600010004e30fcffc0111800bf8f1400b18f18
:106470001000b08f010002240800e0032000bd27b7
:106480001e7f400f01000424e37e400f010004241e
:1064900010004630fcffc010ffff02241800bf8f21
:1064a0001400b18f1000b08f0800e0032000bd275a
:1064b0001e7f400f01000424e37e400f01000424ee
:1064c00010004830fcff0011ffff0224f4ff001011
:1064d0001800bf8f1e7f400f01000424e37e400f91
:1064e0000100042410004930fcff2011ffff0224aa
:1064f000ebff00101800bf8f1e7f400f0100042427
:10650000e37e400f0100042410004a30fcff4011dc
:10651000ffff0224e2ff00101800bf8f1e7f400f14
:1065200001000424e37e400f0100042410004b30de
:10653000fcff6011ffff0224d9ff00101800bf8f7d
:106540001e7f400f01000424e37e400f010004245d
:1065500010004c30fcff8011ffff0224d0ff001020
:106560001800bf8f1e7f400f01000424e37e400f00
:106570000100042410004d30fcffa011ffff022495
:10658000c7ff00101800bf8fd0ffbd272400b1af98
:1065900021888000180004242000b0af2c00bfaf79
:1065a0007760400f2800b2af21804000348182af75
:1065b000bb000012211000000200273a0400263a16
:1065c0000100e52c0100d22c0080043488bf023c7d
:1065d0002518b200003044acb700601401002b3a1b
:1065e00001006a2d254852014c00201101000424ad
:1065f0003481908f7760400f001004243481848fa1
:10660000040002ae0400838c0400601421300000fa
:10661000ba0000100000828c0400a38c80280600c1
:1066200021c8a3003481858f000020af0400b28c04
:106630000100d82480881800217832020000e0ade3
:106640000400a48c0200ce2480680e002160a40106
:10665000000080ad0400ab8c0300d02480501000fb
:1066600021484b01000020ad0400a38c0400c82485
:10667000803808002110e300000040ac0400b98c11
:106680000500df2480c01f0021901903000040aee8
:106690000400af8c0600d124807011002120cf01ae
:1066a000000080ac0700cd240400ac8c80800d007d
:1066b0000800c62421580c020004ca28d6ff401541
:1066c000000060ad3481918f100006240100042485
:1066d00021280000140020aed07d400f100020ae15
:1066e00001000424157e400f1026052434818f8f6d
:1066f00080bf0e3c0400e68d00100d2404000c2425
:10670000205ac52501000424040007241000adaf61
:10671000217e400f1400acaf01000424d17e400f55
:106720002128000081bf093c00f0288d01000324ce
:10673000c00c077d7a00023c04c8e30000125f34fd
:106740001b00f903f40120030100183ca086063762
:106750000100042400e0123cff0010240800112472
:10676000007f400f1228000001000424d97e400f52
:1067700001000524c0084536057d400f02000424b1
:1067800000a0063c5005d224500018240001052426
:1067900097000d24c0010c24c3000b240a000f2411
:1067a0007b000e24320004245005cdac04004dae15
:1067b0001c004fae44004eae4c0044ae58004baef1
:1067c0005c004cae840045ae20004cae480045aea7
:1067d00054004bae800045ae880058ae940058aed1
:1067e0005e000a2440000924020008243700072420
:1067f000800002241c00032449001f24ba0019242d
:10680000140051ae2c0050ae080040ae0c0040ae5b
:10681000100040ae180040ae240040ae280050ae3c
:106820003c0040ae400040ae500040ae600040ae84
:106830006c0040ae640040ae680040ae700040aef8
:10684000740040ae980040ae9c0040aea00040ae48
:106850003481848fdc004aaea80049aeb80058ae3f
:10686000c00048aec40047aecc0042aed00043ae3c
:10687000d4005faed80059aea40040aeac0040ae2c
:10688000b00040aeb40058aebc0040ae0f000524ce
:106890001800a627d958400f1800a0af3481828f66
:1068a0002c00bf8f2800b28f2400b18f2000b08f42
:1068b0000800e0033000bd277760400f2120000072
:1068c0003481848f000002ae0000888c100000111b
:1068d000212800000c0080ac080080ac21200000c2
:1068e000d07d400f1000062421200000157e400faf
:1068f000102705243aff001001002b3a0400401035
:10690000000000002061400f212040003481848f6e
:106910002061400f00000000211000002c00bf8ffc
:106920002800b28f2400b18f2000b08f0800e00350
:106930003000bd2721308000212800000400c38cd6
:1069400080200500213883000000e0ac0100a22473
:106950000400d98c80c00200217819030000e0ad4a
:106960000400cd8c0200ae2480600e0021588d0101
:10697000000060ad0400c98c0300aa2480400a0016
:1069800021200901000080ac0400c38c0400a7246e
:106990008010070021c84300000020af0400cf8c06
:1069a0000500b824807018002168cf010000a0ad58
:1069b0000400cb8c0600ac2480500c0021484b0115
:1069c000000020ad0700a8240400c48c8038080013
:1069d0000800a5242118e4000004a228d7ff4014d1
:1069e000000060ac0800e00300000000d8ffbd27f5
:1069f0001c00b3af1800b2af1400b1af1000b0afbd
:106a00002000bfaf2180c000219880002190a0000d
:106a1000218800000800c014211000002000bf8f52
:106a20001c00b38f1800b28f1400b18f1000b08f0c
:106a30000800e0032800bd270c7e400f2120000045
:106a40000c00658e821002006d00a2100000688e9e
:106a5000238845002b1011020100405021802002a4
:106a60005c00001280300500ffff04260000438e0a
:106a70002128c800213880000000a3ac0700843022
:106a8000212800005300e010040046263b0080103f
:106a900001000a2431008a1002000b2428008b1008
:106aa00003000c241f008c1004000d2416008d1010
:106ab00005000e240d008e1006000f2405008f1017
:106ac00080c005000400518efeff0726000011adb6
:106ad000080046260000d28c21480803000032ad91
:106ae000ffffe7240400c6242128000080100500d1
:106af0000000df8c21c8480000003fafffffe72403
:106b00000400c62421280000801805000000c58c60
:106b100021206800000085acffffe7240400c624a4
:106b200021280000806005000000cb8c21508801e6
:106b300000004badffffe7240400c624212800001d
:106b4000807805000000ce8c2168e8010000aead21
:106b5000ffffe7240400c6242128000080900500e0
:106b60000000c98c21884802ffffe724000029aefd
:106b70000400c6241700e010212800000000cb8c80
:106b8000806005002150880100004bad0400c58cd9
:106b9000f8ffe724000005ad0800c38c21280000a1
:106ba000000003ad0c00c48c000004ad1000c28cca
:106bb000000002ad1400df8c00001fad1800d98c5e
:106bc000000019ad1c00d88c2000c624ebffe01497
:106bd000000018ad0c0065aef97d400f21200000cb
:106be000211000022000bf8f1c00b38f1800b28f4d
:106bf0001400b18f1000b08f0800e0032800bd27fb
:106c000097ff001021802002d8ffbd270100022439
:106c10001c00b1af2400bfaf2000b2af1800b0af6e
:106c20000800a210218880002400bf8f2000b28fae
:106c30001c00b18f1800b08f211060000800e00325
:106c40002800bd2700a0033c500572241000a0af0f
:106c5000200005241000a627d958400f800040ae20
:106c6000f1ff4004ffff03241000a0af2120200209
:106c70002b0005241000a627d958400fac0040aec9
:106c8000e9ff4004ffff03241000a0af21202002f1
:106c90002d0005241000a627d958400fb40040ae9f
:106ca000e1ff4004ffff0324580104241000a4afb7
:106cb0001000a78f21202002210005241000a62704
:106cc000d958400f840047aed7ff4004ffff03248c
:106cd000b00040ae212020022c0005241000a62781
:106ce000d958400f1000a0afcfff4004ffff03248e
:106cf000b80040ae212020021000a6272e00052457
:106d0000d958400f1000a0afffff03242400bf8f0d
:106d10002000b28f1c00b18f1800b08f21106000ce
:106d20000800e0032800bd27d8ffbd2700a0063ccf
:106d3000010002241c00b1af1800b0af5005d124ef
:106d40002000bfaf1000a6270700a21021808000fe
:106d50002000bf8f1c00b18f1800b08f2110600081
:106d60000800e0032800bd27200005241000a0af84
:106d7000d958400f800020ae2120000221000524b8
:106d80001000a627f2ff4004ffff03241000a0af6d
:106d9000d958400f840020ae212000022b0005248a
:106da0001000a627eaff4004ffff03241000a0af55
:106db000d958400fac0020ae212000022c00052441
:106dc0001000a627e2ff4004ffff0324b00020ae1e
:106dd000d958400f1000a0afffff03242000bf8f41
:106de0001c00b18f1800b08f211060000800e00374
:106df0002800bd27d8ffbd271c00b3af1800b2afd5
:106e00001400b1af2000bfaf1000b0af2188c000a8
:106e1000219880002190a0000800c01421100000db
:106e20002000bf8f1c00b38f1800b28f1400b18fe9
:106e30001000b08f0800e0032800bd2701000424e3
:106e4000037e400f1000708e822002000400698ec5
:106e5000f3ff9010211000002b100402ac00401032
:106e6000231890002b282302215020020a5065008d
:106e70009e004011803010002140c900010007260b
:106e800000000c8dffff43250004eb2c2140600027
:106e9000218000000b80eb0000004cae0700633047
:106ea00092000011040047265400601001000d24d8
:106eb00047006d1002000e243b006e1003000f24eb
:106ec0002f006f10040011242300711005001824f6
:106ed00017007810060019240c007910803010007b
:106ee000802810002120a90001001f260000908c9e
:106ef0000004e22f040050ae218000000b80e2036a
:106f0000feff482508004726803010002160c90098
:106f1000010012260000838d00044b2e218000000a
:106f20000000e3ac0b804b02ffff08250400e724c0
:106f300080c010002188090301000d2600002f8e5b
:106f40000004ae2d218000000000efac0b80ae01ec
:106f5000ffff08250400e72480201000211089008d
:106f6000010019260000508c00043f2f0000f0acf7
:106f7000218000000b803f03ffff08250400e72469
:106f800080601000211889010100052600006b8c2b
:106f90000004b22c218000000000ebac0b80b2009a
:106fa000ffff08250400e7248088100021782902cb
:106fb000010006260000ee8d0004cd2c218000008b
:106fc0000000eeac0b80cd00ffff08250400e72495
:106fd00080201000211089000100182600005f8c1d
:106fe0000004192f21800000ffff08250000ffacde
:106ff0000b8019033d0000110400e72401000c265a
:10700000801810002130690000048d2d0000cb8c09
:107010000a600d000100922580800c000000ebac9e
:10702000211009020004452e0000448c0a9005003e
:107030000100512680f812000400e4ac21c0e903ed
:107040000004392e00000f8f0a881900010026263f
:10705000807011000800efac2168c9010004c32c46
:107060000000ac8d0a3003000100d22480580600d5
:107070000c00ecac212869010004502e0000a48c07
:107080000a90100001005826801012001000e4ac95
:1070900021c8490000041f2f0000318f0ac01f00c3
:1070a00001000c27807818001400f1ac2168e90178
:1070b00000048e2d0a600e000000a38d80300c00ad
:1070c0001800e3ac2158c9000000708d010085252f
:1070d0001c00f0ac0004b22c21800000f8ff082551
:1070e0000b80b200c5ff00152000e724100070ae31
:1070f0002000bf8f1c00b38f1800b28f1400b18f17
:107100001000b08f211040010800e0032800bd27c7
:1071100054ff001000046324e8ffbd27010002248f
:107120001000bfaf0800a21002000424eb7d400f46
:10713000010004241000bf8f020004242128000055
:10714000137d400b1800bd27137d400f0000000089
:107150001000bf8f01000424f97d400b1800bd27eb
:10716000e8ffbd27140080ac100080ac01000524ae
:107170001000bfaf137d400f020004241000bf8f2a
:1071800001000424f97d400b1800bd27e8ffbd274e
:107190001000bfafeb7d400f010004241000bf8f33
:1071a0000200042421280000137d400b1800bd2795
:1071b0000800e0030000000000a0063c6405c78c46
:1071c000e0ffbd270100a5380800e2340a38450079
:1071d0001000a627050005241800bfafd958400f9e
:1071e0001000a7afffff03241800bf8f211060001d
:1071f0000800e0032000bd27c8ffbd2700a0073c12
:107200002000b2af5005f2242c00b5af2800b4af77
:107210008001022421a0a000ff00d5302128000019
:10722000213040022400b3af1800b0af3000bfaf30
:107230001c00b1af5005e2acd958400f218080004e
:10724000ffff032421984002ae0040041000a3afca
:107250001701082400a0053c5405a62421200002a3
:1072600001000524d958400f040048ae0001112444
:1072700000a0063c212000025805c6240200052477
:10728000d958400f080051aeffff04249d00400470
:107290001000a4af00a00a3c5c0546252120000296
:1072a00003000524d958400f0c0051aeffff0924fc
:1072b000940040041000a9af00a00c3c680586258e
:1072c0002120000206000524d958400f180040aec6
:1072d000ffff0b248b0040041000abaf00a00f3c5d
:1072e0004f010e246c05e62521200002070005242d
:1072f000d958400f1c004eaeffff0d248100400402
:107300001000adaf00a01f3cc40119247005e62792
:107310002120000208000524d958400f200059ae52
:10732000ffff1824770040041000b8af00a0073c0e
:107330007405e6242120000209000524d958400fd5
:10734000240040aeffff03246e0040041000a3aff2
:1073500000a0023c21200002780546240a000524f2
:10736000d958400f280051aeffff042465004004a7
:107370001000a4af00a0063c2c0051ae7c05c62432
:1073800021200002d958400f0b000524ffff1124d3
:107390005c0040041000b1af00a0053cc301112403
:1073a000a405a6242120000215000524d958400f69
:1073b000540051aeffff0824520040041000a8af53
:1073c00000a00a3ca805462521200002160005243d
:1073d000d958400f580051aeffff0924490040041e
:1073e0001000a9af00a00c3c010011241006862556
:1073f0002120000230000524d958400fc00051aeb2
:10740000ffff0b243f0040041000abaf00a00f3c77
:10741000c0000e24ac05e62521200002170005243b
:10742000d958400f5c004eaeffff0d2435004004dc
:107430001000adaf8d009112080018247300b8122f
:10744000e90004243100032428000724d40043aebb
:10745000dc0044aed00047ae2600032400a0023c6e
:10746000d80063ae2006462421200002d958400fe0
:1074700034000524ffff1324220040041000b3afa2
:1074800000a0063c2406c62421200002d958400f43
:1074900035000524ffff11241a0040041000b1af8d
:1074a00000a0053c2806a62421200002d958400f40
:1074b00036000524ffff0824120040041000a8af86
:1074c00000a00a3c2c06462521200002d958400f76
:1074d00037000524ffff09240a0040041000a9af6b
:1074e00002000b249d008b1203008c2e0f008011d4
:1074f00003000d244d00801200a0183cffff04245f
:107500001000a4af1000a28f3000bf8f2c00b58fe9
:107510002800b48f2400b38f2000b28f1c00b18fdd
:107520001800b08f0800e0033800bd279b008d12c3
:1075300004000e24f2ff8e16ffff042400a0113c6d
:10754000600526262120000204000524b50102243e
:10755000d958400f100042aeffff0624e9ff400457
:107560001000a6af00a0083c6405062521200002fb
:1075700005000524140040aed958400fffff132426
:107580001000b3afdfff4004d400082400a0063c85
:10759000b405c6242120000219000524d958400f43
:1075a000640048aeffff1324d6ff40041000b3afc1
:1075b00000a00a3c810009241a000524b8054625cc
:1075c00021200002d958400f680049aeffff052472
:1075d000ccff40041000a5af00a00c3c10000b2411
:1075e00021200002bc004bae0c068625d958400f66
:1075f0002f0005240000522801001024ffff04245e
:107600000a201202bfff00101000a4af5e001f246a
:107610001c00192449001524ba000324dc005faec5
:10762000d00059ae8dff0010d40055aeb5010f2427
:10763000600506272120000204000524d958400fc8
:1076400010004faeffff1424aeff40041000b4af93
:1076500000a0193c060015246405262721200002fd
:1076600005000524c4ff0010140055ae00a00d3c19
:1076700027000c2486000b24c2000a2426000924bb
:10768000340005242006a62521200002d0004cae9f
:10769000d4004baed8004aaed958400fdc0049aefa
:1076a000ffff052497ff40041000a5af00a0143c85
:1076b0002406862621200002d958400f35000524d3
:1076c000ffff0e248fff40041000aeaf00a0183c57
:1076d0002806062721200002d958400f360005242d
:1076e000ffff0f2487ff40041000afaf00a0193c3c
:1076f0002c06262721200002d958400f37000524e8
:10770000ffff15247fff40041000b5af00a0073c29
:10771000050003246005e62421200002040005245e
:10772000d958400f100043aeffff1f2475ff4004df
:107730001000bfaf0400022400a0113c2120000271
:107740006405262605000524d958400f140042aed2
:10775000ffff04248bff00101000a4af00a0073c23
:107760004d0003246005e6242120000204000524c6
:10777000d958400f100043aeffff1f2461ff4004a3
:107780001000bfaf00a0043c64058624050005245a
:107790002120000278ff0010140054ae00a0023c2b
:1077a00060054624212000020400052468ff001023
:1077b000dd000224e0ffbd271400b1af2188800066
:1077c000010004241c00bfaf1800b2afeb7d400fd6
:1077d0001000b0af00a0043c00a0033cb40592240c
:1077e0005005702421202002190005242130400278
:1077f000c0000224d958400f640002ae00a0063c2d
:10780000b805c6241a0005242120200218004004cf
:10781000ffff032401000724d958400f680007ae7a
:10782000e803042412004004ffff0324c521400f95
:10783000000000002120200219000524c1000824b6
:1078400021304002d958400f640008ae02000424e1
:107850002128000006004004ffff0324137d400f91
:107860000000000001000424d97e400f2128000000
:107870001c00bf8f1800b28f1400b18f1000b08fa2
:10788000211060000800e0032000bd27e0ffbd27b5
:107890001000b0af01000524218080000100042405
:1078a0001800bfafd97e400f1400b1af00a0033c59
:1078b00000a0043cb8056624500591241a00052454
:1078c0002120000281000224d958400f680022ae16
:1078d00000a0063cb405c62419000524212000029e
:1078e0000f004004ffff0324d4000724d958400fa1
:1078f000640027ae204e042409004004ffff032447
:10790000140000aec521400f100000ae0200042498
:10791000137d400f01000524f97d400f0100042470
:107920001800bf8f1400b18f1000b08f21106000bd
:107930000800e0032000bd27d0ffbd272800b6af18
:107940002400b5af2000b4af1c00b3af2c00bfaf14
:107950001800b2af1400b1af1000b0af21a0c0004a
:1079600021a8800021b0a0000700c01421980000c9
:107970007b00001021108002219862022b207402eb
:107980007700805021108002801013002380930222
:107990002190560021880000f7ff001221100000fe
:1079a0000c7e400f212000000c00a58e82100200ea
:1079b0007500a2100000a88e238845002b18110224
:1079c00001006050218020025c0000128038050018
:1079d00000004a8effff05262130e8002138a00074
:1079e0000000caac0700a430040046265300e01093
:1079f000212800003b00801001000b2431008b1077
:107a000002000c2428008c1003000d241f008d1090
:107a100004000e2416008e1005000f240d008f1098
:107a2000060011240500911080c805000400588e3e
:107a3000feff0726000018ad080046260000d28c85
:107a400021482803000032adffffe7240400c624cc
:107a500021280000801005000000c38c21f8480098
:107a60000000e3afffffe7240400c6242128000044
:107a7000805005000000c58c21204801000085ac25
:107a8000ffffe7240400c6242128000080680500c9
:107a90000000cc8c2158a80100006cadffffe7244a
:107aa0000400c62421280000808805000000cf8c37
:107ab000217028020000cfadffffe7240400c62498
:107ac00021280000809005000000c98c21c04802d8
:107ad000ffffe724000009af0400c6241700e010f0
:107ae000212800000000cc8c806805002158a801e6
:107af00000006cad0400c58cf8ffe724000005ad64
:107b00000800ca8c2128000000000aad0c00c48cbb
:107b1000000004ad1000c28c000002ad1400c38c44
:107b2000000003ad1800df8c00001fad1c00d98cd5
:107b30002000c624ebffe014000019ad2120000056
:107b4000f97d400f0c00a5ae2110000221986202c1
:107b50002b2074028dff80148010130021108002ee
:107b60002c00bf8f2800b68f2400b58f2000b48f63
:107b70001c00b38f1800b28f1400b18f1000b08fab
:107b80000800e0033000bd278fff00102180200295
:107b9000d0ffbd272800b6af2400b5af2000b4af9a
:107ba0001c00b3af2c00bfaf1800b2af1400b1afd0
:107bb0001000b0af21a0c00021a8800021b0a0001b
:107bc0000700c01421980000bd00001021108002a1
:107bd000219862022b187402b900605021108002b3
:107be000801013002388930221905600f8ff201282
:107bf0002110000001000424037e400f1000b08e0d
:107c0000822002000400a98ef1ff901021100000d4
:107c10002b2804020200a0142318900000046324ff
:107c20002b302302215020020a5066009e00401192
:107c3000807010002140c90101000b26ffff47257d
:107c400000000d8d00046c2d2140e000218000001b
:107c50000700e33000004dae0b806c019200001174
:107c6000040047265400601001000f2447006f10e5
:107c7000020011243b007110030018242f0078101b
:107c8000040019242300791005001f2417007f1019
:107c9000060002240c00621080681000803810007a
:107ca0002118e900010005260000708c0004a42cb6
:107cb000040050ae218000000b80a400feff482588
:107cc00008004726806810002160a90101001226e3
:107cd00000008b8d0004462e218000000000ebacdc
:107ce0000b804602ffff08250400e72480c810002f
:107cf00021c0290301000e260000118f0004cf2da2
:107d0000218000000000f1ac0b80cf01ffff0825af
:107d10000400e724801810002120690001001f26bc
:107d20000000858c0004e22f218000000000e5acfb
:107d30000b80e203ffff08250400e72480601000a9
:107d400021588901010012260000708d0004462e82
:107d50000000f0ac218000000b804602ffff0825e8
:107d60000400e72480c010002188090301000d26cb
:107d700000002f8e0004ae2d218000000000efac2b
:107d80000b80ae01ffff08250400e72480201000cf
:107d900021108900010019260000458c00043f2fa6
:107da00021800000ffff08250000e5ac0b803f03a9
:107db0003d0000110400e72401000b268070100034
:107dc0002160c90100046d2d0000908d0a580d003e
:107dd0000100722580180b000000f0ac2130690012
:107de0000004442e0000c58c0a90040001005826af
:107df000801012000400e5ac21c8490000041f2fc8
:107e00000000318f0ac01f0001000c278078180085
:107e10000800f1ac2168e90100048e2d0000ab8d53
:107e20000a600e000100922580800c000c00ebac73
:107e3000213009020004432e0000c48c0a90030084
:107e400001005926801012001000e4ac21f849000e
:107e50000004252f0000f88f0ac8050001002b2719
:107e6000808819001400f8ac2170290200046f2ddd
:107e70000a580f000000cd8d80600b001800edac9b
:107e800021808901010072250000038e0004462e26
:107e900021800000f8ff08251c00e3ac0b8046029f
:107ea000c5ff00152000e72421104001219862023f
:107eb0002b1874024aff60141000b0ae211080022b
:107ec0002c00bf8f2800b68f2400b58f2000b48f00
:107ed0001c00b38f1800b28f1400b18f1000b08f48
:107ee0000800e0033000bd2700008a9021108000c8
:107ef00003004015000000000800e0030000022419
:107f000001008a9003004015000000000800e00313
:107f10000100022402008a900300401500000000c6
:107f20000800e0030200022403008a9003004015c9
:107f3000822004000800e0030300022401008424de
:107f40008020040000008a8c0101093c01012935d0
:107f5000c07909002340490124400f0106000011a7
:107f600024600a01040088110000000000008a90cb
:107f7000220000100000842404008b8c234069013f
:107f800024400f010600001124600b010400881139
:107f90000000000004008a901800001004008424ef
:107fa00008008a8c2340490124400f01060000117b
:107fb00024600a01040088110000000008008a9073
:107fc0000e000010080084240c008b8c23406901f3
:107fd00024400f010600001124600b0104008811e9
:107fe000000000000c008a90040000100c008424a3
:107ff00010008a8cd7ff0010100084240400401564
:1080000000000000000084240800e0032310820028
:1080100001008a9004004015000000000100842443
:108020000800e0032310820002008a90040040153b
:1080300000000000020084240800e00323108200f6
:1080400003008a90030084240800e00323108200c8
:10805000a8ffbd270400a1af0800a2af0c00a3af8a
:108060001000a4af1400a5af1800a6af1c00a7af66
:108070002000a8af2400a9af2800aaaf2c00abaf06
:108080003000acaf3400adaf3800aeaf3c00afafa6
:108090004000b8af4400b9af4800bfaf1240000085
:1080a0004c00a8af104000005000a8af006804408a
:1080b000006005402e63400f000000005000a88fb4
:1080c000110000014c00a88f130000010400a18fd3
:1080d0000800a28f0c00a38f1000a48f1400a58f9e
:1080e0001800a68f1c00a78f2000a88f2400a98f3e
:1080f0002800aa8f2c00ab8f3000ac8f3400ad8fde
:108100003800ae8f3c00af8f4000b88f4400b98f6d
:108110004800bf8f5800bd27c00000001800004273
:10812000000085802000a8380900a7380100062d2e
:108130000100e22c2518c2000b0060102d0009245c
:1081400001008424000085802000a8380900a73899
:108150000100062d0100e22c2518c200f9ff605431
:10816000010084242d000924213000001700a910eb
:10817000214000002b000a241200aa500100842490
:10818000029d0b3c070000100160672521c86600b6
:1081900040c0190001008424217805030000858077
:1081a000d0ffe6252170a7000000cd910400ac317e
:1081b000f6ff801580180600231006000800e00373
:1081c0000a10c800eeff0010000085800100842422
:1081d00000008580eaff001001000824c8ffbd27c9
:1081e0003400bfaf3000beaf2c00b7af2800b6af31
:1081f0002400b5af2000b4af1c00b3af1800b2af7d
:108200001400b1af1000b0af00a0073c3006e28c04
:1082100084004014214080003006e5240400ab9027
:108220000c00aa9000a00c3c38068925010063359b
:10823000010044353c8189af388185af3006e9ac17
:108240002130a0000400a3a00c00a4a00800a5ac4d
:108250000f000e253006f624c2680e000000073c11
:10826000c0880d002180c00001a0083cc75de62445
:10827000b8ac132521b8260221a8c002feff1e2497
:108280003c81868f212800000400129201004f32a9
:108290002b00e0150000038e030000100400629024
:1082a00004006290000003ae01005430fcff8052d5
:1082b0000000638c212011022bc0640021000057b4
:1082c000212000022bc890001e0020572120000210
:1082d0002b88830009002012388184af0000968c1f
:1082e0000400958c408196af448195af0000138eb9
:1082f000040080a0000093ac3881848f04001e929b
:10830000080002260100d737040017a2000004aebf
:108310003400bf8f3000be8f2c00b78f2800b68f7f
:108320002400b58f2000b48f1c00b38f1800b28fcb
:108330001400b18f1000b08f0800e0033800bd2793
:10834000212000022bf88300cfffe017218060007e
:108350002b107300030040142b487600cbff2055f0
:1083600004001292320086143400bf8f30001516bc
:108370002190a0020100a5240200a42cc3ff805478
:1083800004001292029d053c0461ab240000658d3f
:10839000425005002b18510131006054403011004b
:1083a000f7ff0d342340a5012b3828020500e0100b
:1083b00021a020021b00e502f401a00012700000c1
:1083c00002a0c5711163400f21208002ffff0f241e
:1083d00016004f10213040003c81838f0800782424
:1083e00024000213000062ac0400799001002237df
:1083f000040062a02110d400f8ff49240400239156
:108400000000c9ac010064343c8189af040024a1a0
:108410000400d490f8ff52ac2490d40398ff0010cd
:108420000400d2a08aff00103881868f3400bf8fed
:108430003000be8f2c00b78f2800b68f2400b58f78
:108440002000b48f1c00b38f1800b28f1400b18fbe
:108450001000b08f211000000800e0033800bd2795
:108460002b602502d7ff80150800d424cdff001013
:10847000f7ff0d3404007f90ddff00102410df03b0
:10848000f8ff842404008390388184affe006230ba
:108490000800e003040082a0211080005600c010f4
:1084a0000c00ca2c4d0040152618a40003006330b0
:1084b00023380400290060100300e7300600e010b4
:1084c0002330c7000000a3980300a3882128a70039
:1084d000000083b8212087000f00c3302338c30079
:1084e0001100e010213060002138e5000000a39861
:1084f0000300a3880400a8980700a8880800a9988a
:108500000b00a9880c00aa980f00aa88000083ac71
:10851000040088ac080089ac1000a5241000842455
:10852000f2ffa714fcff8aac0300c3302338c3005a
:108530002a00e010213060002138e5000000a398f7
:108540000300a3880400a52404008424fbffa714cf
:10855000fcff83ac21000010000000000500e010cb
:108560002330c7000000a3982128a700000083b88b
:10857000212087000f00c3302338c3000d00e01016
:10858000213060002138e5000000a38c0400a88c95
:108590000800a98c0c00aa8c000083ac040088acf5
:1085a000080089ac1000a52410008424f6ffa7144d
:1085b000fcff8aac0300c3302338c3000700e0107f
:1085c000213060002138e5000000a38c0400a524c0
:1085d00004008424fcffa714fcff83ac0600c01039
:1085e0002138c5000000a3900100a52401008424c7
:1085f000fcffa714ffff83a00800e00300000000b9
:1086000010fcbd272003c22ce803beafe403b7afc4
:10861000e003b6afc803b0afec03bfafdc03b5af48
:10862000d803b4afd403b3afd003b2afcc03b1af70
:1086300021b0c0009000b727f003a4af2180a000b4
:108640007700401021f0e000ffff03262128f6020a
:108650001000a427c003a4af0000a0a01400a3af83
:108660001000a0afb803a0afb803af8fc003ac8faa
:10867000c003ae8fffffeb25f8ff8a250000cd8dec
:10868000c0400b000c00498d1000a72721300701c6
:10869000b803abafb003adafc003aaafb403a9af8b
:1086a000bc03a6afb003bf8fb403b98fb003b48fc0
:1086b00021a8f903c2c715002198b80243901300fe
:1086c00002885672f003b08f02a8967221283002f9
:1086d0002120e0022661400f2130c002b003b38f99
:1086e000b403b28ff003a28f030000102188a2020e
:1086f00021a8b602218836022120200209f8c003f1
:108700002128e002faff4204010073260218567283
:10871000f003a58f23a01600020000102180650041
:10872000218014022128000209f8c0032120e00260
:10873000fbff4204ffff52262a2053020900801447
:10874000213000022128200201007326ffff52265b
:108750005262400f2120c0022a305302e1ffc010b4
:1087600021a8b602b003aa8fb403a48f23404a0203
:10877000234893002a3809012f00e010b003a38f8b
:108780002a5864020d006051b403b2afbc03b18f2c
:10879000b803af8fc003ad8f080030260100ee256f
:1087a0000800ac25bc03b0af000013ae040004ae5b
:1087b000b803aeafc003acafb403b2afb003a38f86
:1087c000b403a58f2a986500b7ff6016b003bf8f6a
:1087d000b803a48fa5ff8104b803af8f9000b6271c
:1087e0000400d712ec03bf8f2061400f2120e0026c
:1087f000ec03bf8fe803be8fe403b78fe003b68faf
:10880000dc03b58fd803b48fd403b38fd003b28ffa
:10881000cc03b18fc803b08f0800e003f003bd277d
:108820007760400f0100c42487ff401421b8400046
:10883000f0ff0010ec03bf8f2aa07200dfff805210
:10884000b003b3afbc03a28fb803b98fc003b58f19
:1088500008005f240400f2af010038270800b226a8
:10886000bc03bfaf0000e3afb803b8afc003b2af03
:10887000d2ff0010b003b3af0000828002000010ee
:108880002118800000006280feff40540100632434
:108890000000a2900100a524000062a0fcff40148b
:1088a000010063240800e00321108000e0ffbd27e1
:1088b0001400b1af1000b0af1800bfaf218080002e
:1088c0001a0080102188a0008063400f2120000240
:1088d00021800202000002822128200221200002c1
:1088e00017004010211800006663400f00000000d0
:1088f00021185000000065800a00a01001006424c7
:10890000488184af000060a0211800021800bf8fca
:108910001400b18f1000b08f211060000800e00338
:108920002000bd27f8ff0010488180af4881908f5c
:10893000e5ff001621180000f5ff00101800bf8f9a
:10894000f2ff0010488180af0a008010ffff8724eb
:10895000ffff04240000a3800000c290ffffe72473
:108960000000a2a00000c3a00100a524f9ffe414a8
:108970000100c6240800e00300000000e8ffbd2756
:108980001000bfaf9a63400f212800002120400053
:108990008171400f212860001000bf8f0800e003a4
:1089a0001800bd27d0ffbd272800b0af3800a6af04
:1089b000218080003c00a7af1000a4273800a62724
:1089c000ff7f0824c20007242c00bfaf1000b0af07
:1089d0001800b0af2000a8af1c00a7a73864400f54
:1089e0001400a0af1000a38f2c00bf8f000060a068
:1089f0001000a28f231050002800b08f0800e00361
:108a00003000bd2700a0063c01a0083c0000043c4b
:108a10004006c224b8ac072501000524c05d8324ac
:108a20004006c7ac080045ac0800e003040043acb6
:108a30005481828fe0ffbd271800bfaf1400b1af93
:108a4000360040141000b0af5081838f38006010a2
:108a5000212060004c81868f0300c0142128c000b3
:108a60002138a0030080e524824f0400020008247e
:108a70003a0028112180800082670500020004244a
:108a8000320084112188a0008162400f00000000a4
:108a90000000458c0400438c2bc00502212065009a
:108aa0002bf804020100f93b257819030b00e011b3
:108ab0002b60240201a0093cff1f083cb4ac262512
:108ac000ffff07352410c7002b80a20014000016fa
:108ad0001800bf8f2180a0002b60240201008b3979
:108ae0002b50300225284b011400a0542b8804027f
:108af00001a0043cb4ac8e2442270e0005000d24d6
:108b00001b008d1000a0023c04000f2417008f10e2
:108b100021102002508182af548182af1800bf8f94
:108b20001400b18f1000b08f0800e0032000bd27b3
:108b300001a0053cc7ff0010b4aca424f8ff20122c
:108b40001800bf8feaff001021888000ff1f0e3c35
:108b5000ffffcd35ccff00102488ad00ff1f0b3c7c
:108b6000ffff6a35c4ff001024808a000080023ca9
:108b700025c02202251002024c8198af508182af9d
:108b8000e6ff0010548182af5481828fe8ffbd2739
:108b90001000b0af1400bfaf130040102180800060
:108ba000211840001800001a212050002b108200cc
:108bb00006004054ffff03244c81868f2b28c400fd
:108bc0001900a0101400bf8fffff03240c00022423
:108bd0001400bf8f1000b08f688382af1800bd27cc
:108be0000800e003211060008c62400f00000000cc
:108bf0005481828febff405421184000ffff032473
:108c0000f3ff00100c0002242b3844000b00e0544a
:108c1000ffff03245081898f2b40890007000055f6
:108c2000ffff03241400bf8f1000b08f21106000dd
:108c30001800bd270800e003548184afe4ff001052
:108c400016000224e0ffbd271400b1af1000b0af42
:108c50001800bfafe262400f218080002728020089
:108c6000218840002a2010002b10050024188200c3
:108c7000213000022120200207006014212800007a
:108c8000211020021800bf8f1400b18f1000b08f88
:108c90000800e0032000bd273c63400f00000000f7
:108ca000211020021800bf8f1400b18f1000b08f68
:108cb0000800e0032000bd27ffff001000000000b7
:108cc000ffff0010000000000800e00300000000ab
:108cd0000800e0030000000000601a40bfff1b3cda
:108ce000ffff7b3724d05b0300609a4018000042ee
:108cf000211080002600c0101000ca2c1f00401553
:108d0000ff00a530005205002528aa0000540500e8
:108d10002528aa0003008330050060100400072402
:108d20002338e3002330c700000085b821208700e6
:108d30000f00c3302338c3000800e010213060006a
:108d40002138e400000085ac040085ac080085ac47
:108d500010008424fbff8714fcff85ac0300c330a4
:108d60002338c3000500e010213060002138e40002
:108d700004008424feff8714fcff85ac0400c010af
:108d80002138c40001008424feff8714ffff85a062
:108d90000800e00300000000e0ffbd271800b2afac
:108da0001400b1af1000b0af1c00bfaf2180800035
:108db0002190a00006000010218800004f69400f9c
:108dc000000000000800401421102002010031269c
:108dd000000002822120400201001026f7ff40140b
:108de00021284000211020021c00bf8f1800b28fe4
:108df0001400b18f1000b08f0800e0032000bd27e1
:108e0000e0ffbd271800b2af1400b1af1000b0af43
:108e10001c00bfaf218080002190a0000600001040
:108e2000218800004f69400f00000000080040103a
:108e30002110200201003126000002822120400280
:108e400001001026f7ff40142128400021102002c5
:108e50001c00bf8f1800b28f1400b18f1000b08fac
:108e60000800e0032000bd27c87a400b0000000086
:108e7000d8ffbd271c00b3af2000bfaf1800b2afb2
:108e80001400b1af1000b0af5500800421988000ed
:108e90006e009028380000160b009f28eb51083c0c
:108ea0001f85123518009200c397040010100000af
:108eb000640005244319020023587200028865717a
:108ec0006666193c23f8910020c41f7c6766303722
:108ed00018001003c377180010780000029d0a3ca8
:108ee00083680f002360ae0120440c7c201c0b7ca7
:108ef000d0655125c0200800c0c80300217891002a
:108f000021c031039000048f9400058f4800e68d46
:108f1000306f400f4c00e78d180070022120400098
:108f2000107000002128600083680e002360b201e9
:108f300080580c0021506c0140800a0023487002c8
:108f4000203c097cc03007002198d1000000668ecb
:108f50000400678e306f400f000000002000bf8fbc
:108f60001c00b38f1800b28f1400b18f1000b08fa7
:108f70000800e0032800bd273100e017029d0e3ce9
:108f800066660a3c6766503518009000c33f0400cf
:108f900010480000029d113c83100900232847005f
:108fa000803005002140c500409008002318920041
:108fb000201c037c2014057cd0652426c0600200a0
:108fc000c06803002198a401215884014800648de1
:108fd0004c00658d0000668edeff00100400678e79
:108fe00023100400209c027c6e00632a2000601085
:108ff000eb51123c0b00782a33000017029d093c0c
:109000006666073c6766e63418006602c3471300cd
:10901000102000008310040023c848008028190095
:109020002188b9004018110023f86302029d133c07
:10903000201c1f7c2014197ce0ff00102065642692
:10904000c0180400d065c225217862000000e28dbe
:109050000400e38d2000bf8f1c00b38f1800b28f77
:109060001400b18f1000b08f0800e0032800bd2766
:109070001f854f3618006f02c39713001070000051
:1090800064000c2443690e002328b2010258ac701e
:109090006666103c23506b02204c0a7c67661036d3
:1090a00018003001c337090010380000029d113c40
:1090b00083200700234086002044087c201c057c78
:1090c0008cff001020653126c01813002065222572
:1090d000217862000000e28ddeff00100400e38dc5
:1090e00088ffbd276800b6af6000b4af7400bfafa3
:1090f0007000beaf6c00b7af6400b5af5c00b3af3b
:109100005800b2af5400b1af5000b0af0000a29011
:109110000100b4247800a4af8000a6af1800a2a379
:109120000f00401021b000001800a4832500022485
:10913000180082502000a0affe68400f7800a58f75
:10914000ffff0324010043540100d6260000829251
:10915000010094261800a2a3f4ff40141800a48371
:109160002110c0027400bf8f7000be8f6c00b78fdb
:109170006800b68f6400b58f6000b48f5c00b38f59
:109180005800b28f5400b18f5000b08f0800e00338
:109190007800bd27213800002d000324200005247d
:1091a0002b000924000088922034087c8600c3101c
:1091b000300004242e00ca287b004011000000006b
:1091c0004c01c5500100e7344c01c9500200e7349e
:1091d000029d0f3c0160e9250200ed30feffeb30ff
:1091e0002170c9000a58ed000000cc9108006531db
:1091f000fbff67310b58e5000400843175008010d7
:10920000212860012000a0af2000b98f0100942622
:109210008040190021c019010000889240b8180050
:109220002198e6022034087c21a8c9000000b192f0
:10923000d0ff722604003032f3ff00162000b2afd8
:109240002e000b246a00cb540010a3340100942696
:10925000000088920040ac342034087c2a000724a7
:109260006f03c710ffff9e312188c90000003292b2
:10927000040050326000001221880000029d133c5f
:109280000160652680401100010094262110110123
:109290000000889240f8020021c0e6032034087cd8
:1092a00021c8c500000037930400f532f5ffa01671
:1092b000d0ff11277900ca2c1800a8a3520040152e
:1092c000010094261800b227010013240400205244
:1092d0002000b18f2b4033020b9828022000b18f61
:1092e0000800d533231833022bf0710221880000c7
:1092f0000e00a0160b887e00ffff3126ffff0a2418
:109300000b002a52ffff7326ffff10247800a58f61
:10931000fe68400f20000424262050002b3004005b
:10932000ffff3126f9ff301621b0c602ffff73267a
:10933000ffff0b240b006b1200000000ffff102446
:10934000000044827800a58ffe68400fffff73265f
:10935000266050002b380c0001005226f8ff13162f
:1093600021b0c7027affa0520000829277ff20123c
:10937000ffff3026ffff11247800a58ffe68400f05
:1093800020000424262851002b480500ffff10264a
:10939000f9ff111621b0c902000082920100942643
:1093a0006dff00101800a2a38affc414029d0f3c99
:1093b0000400e73401009426000088922034087ce1
:1093c0007dffc3142e00ca280800e734faff0010fe
:1093d000010094262a001e246101de108000a48f63
:1093e0002e000b249affcb50010094260010a334ca
:1093f000ffff7e30218800007900ca2c1800a8a346
:10940000b0ff401101009426029d0c3c80580600dc
:10941000d8628725212067010000868c0800c000e3
:10942000000000000004c237ffff5e300007cb33ae
:10943000b40060110010cc33060017241000c733ad
:109440007501e0100ab82c028000b08ff8ff0f24dd
:1094500007000e262448cf0100002d8d0400258d25
:10946000080031252800adaf2c00a5af8000b1afba
:109470002800a48f2c00a58f213000000272400f1d
:109480002138000062034004029d0a3c2800a48f9a
:109490002c00a58f21300000213800000272400fff
:1094a0001c00a0affe02401421a800001900e22a0f
:1094b0002b0040100a00b32aff00f3326e00682e22
:1094c000b5010011eb51073c0b006c2e73038015a6
:1094d000029d0c3ccccc0a3ccdcc43351900630238
:1094e000029d083c10c8000020651125f8072533af
:1094f0002110b100029d1f3c4800448c4c00458c5b
:109500000865e68f0c65e78f306f400fc280190049
:1095100080c01000212010034078040023706f02e7
:10952000ff00cd31c0480d00219831010000668e4a
:109530000400678e2120400021286000306f400f1a
:109540000a00b32a2800a48f2c00a58f21304000e8
:10955000276e400f213860002800a2af2c00a3af77
:1095600012016012029d0d3c2800a48f2c00a58fd3
:10957000213000000272400f213800000301401426
:109580002800a48fac79400f2c00a58f212040002b
:109590002128600021300000213800002180400097
:1095a0003c7f400f218860004f034018422010008c
:1095b00021200002d579400f212820022800a48f05
:1095c0002c00a58f21304000256e400f213860000f
:1095d0004000a2af4400a3af1c00a0af2190000048
:1095e00001001f2414000724040000101800bfa36a
:1095f000ff0065301400a7101800a3a31800a6935d
:10960000029d033c202c067c38626824c050050073
:10961000212048010400838c2b1023020c004014ed
:109620002178b700f2ff71140100c32400008c8c74
:109630002b580c02070060152000ae8fff0065302c
:10964000eeffa7141800a3a3202c037c2178b700f9
:109650002000ae8f21a8f2012348d5012b68170006
:109660000300d33323382d012b3013000400d233f1
:10967000b701401223a8e6000200d833c20200134b
:109680000100c2330100df332b0019242d00042414
:109690000a203f03fe68400f7800a58fffff0424d7
:1096a000010044540100d6260b00a05a0800de3306
:1096b000ffff12247800a58ffe68400f30000424bd
:1096c000265852002b180b00ffffb526f9ffa01eed
:1096d00021b0c3020800de33b60100103800beaf6f
:1096e0002000ce37ffffde318000c2374fff001071
:1096f000ffff5e3030ff0010010094262eff0010a7
:1097000001009426c000d533ce00a01220ce1e7cce
:10971000209e1e7c0e0360061000d933dd0220134c
:109720008000a88f8000bf8f0300e227fcff032486
:10973000245843000000708d040062252150000071
:109740008000a2af21900002219840010300201662
:10975000c000d733256053020100912d400006243c
:109760009202e6124100e92a380120118000072404
:109770003b01e012029d0e3c1800a5832a38b1007f
:109780004502e0102a202502202c117c1800b1a3ec
:109790002000a68f0500c0100040ca330300c83364
:1097a0002bf8080023c8df002000b9af07004011e4
:1097b0002000a68f2000ab8f238071012a102b027e
:1097c0000a8002002000b0af2000a68f21a8000070
:1097d0002360c5002a18a6000400c5331b02a01090
:1097e0000ba883010200c9339d0220110100d83368
:1097f0000100cf332b000e242d0004247800a58f08
:10980000fe68400f0a20cf01ffff0d2401004d54d8
:109810000100d6260800d9330c00a0124800b9afc9
:10982000ffff10247800a58ffe68400f300004244d
:10983000264050002bf80800ffffb526f9ffa016c0
:1098400021b0df020800ca334800aaaf310020125d
:10985000ffff30260d000010c08810001500e01238
:10986000029d0a3c1800a4837800a58ffe68400f73
:10987000ffff1026271002002b580200ffff0a24ca
:1098800021b0cb0223000a12f8ff31264000182431
:109890000f01f8124100e72af0ffe01480000424d1
:1098a0001701e412c0001924effff9161800a48371
:1098b000029d0a3c3862482521f828020000e68f04
:1098c0000400e78f212040024b7f400f21286002d7
:1098d00021204000212860000a0006246a80400ff1
:1098e00021380000300048241800a8a31800a483e1
:1098f0007800a58ffe68400fffff1026271002009a
:109900002b580200ffff0a2421b0cb02dfff0a160a
:10991000f8ff31264800b78f2a9815002b881700ca
:1099200024f033020afec05300008292ffff10248d
:109930007800a58ffe68400f2000042426285000e0
:109940002b900500ffffb526f9ffa01621b0d2022b
:109950000000829201009426fffd00101800a2a3cf
:109960000100942603008324fcff0a24000088924f
:1099700024f86a000400e6270000e28f8000a6af0a
:109980002034087c96fe00102000a2afac79400f76
:109990002c00a58f25484300fafe20152800a48f2f
:1099a0000200b12af7fe2016029d0d3c1065a68d1f
:1099b0001465a78d3000a48f0272400f3400a58f6c
:1099c00002004004edffa226eeffa2261c00a2af7b
:1099d0001c00b28f4000a0af2024127c9c63400f7b
:1099e0004400a0af2800a48f2c00a58f2130400098
:1099f000213860003000a2affa6f400f3400a3afef
:109a000021204000ac79400f2128600021804000d7
:109a1000f3fe0010218860008000bf8ffcff192436
:109a20000300f82724a819030000a48e0400b3261d
:109a30005871400f8000b3af2800a2af8cfe001019
:109a40002c00a3af390220071000cb330f026011a6
:109a50008000ac8f8000a38f03006424fcff0f24e0
:109a600024708f000000c78d0400cd25c337070088
:109a70008000adaf2190e0002198c00033ff610667
:109a80000300c53723901200239813002b181200ef
:109a9000239863022dff0010ffffbe304000c23745
:109aa00062fe0010ffff5e30c000c2375ffe001094
:109ab000ffff5e308000aa8ffcff032403004825cf
:109ac000247803010000f28d0001d07fc3ff120053
:109ad00002ba120000c61f002540f80220ac087c24
:109ae0002b9815000400ee25246813021800a8a383
:109af0007300a0118000aeafff000431ff00062408
:109b0000700086501000b2a31100b2a3020013240b
:109b10001000b227edfd00101000a8a30080c5378b
:109b20001000c93303002015ffffa2301000cd370d
:109b3000ffffa2310000889221f040002efe0010ad
:109b40002034087c8000b78ffcff15240300f32627
:109b50002490750200004f8e040050268000b0afa4
:109b60000300e0152190e001029d183cc06412271b
:109b700000005982d5fd20132198000001007326b2
:109b80002110530200005f80fdffe05701007326a3
:109b9000cefd0010000000001f85eb3419006b02a1
:109ba000029d123c103000002065522642890600ba
:109bb000ff002a32c0180a0021407200029d023cb8
:109bc0009000048d9400058d0865468c306f400f21
:109bd0000c65478c64001f2402c83f72cccc053c46
:109be00023c07902cdccb134ff00043319009100b9
:109bf000212860001080000021204000f8070f326b
:109c00002170f2014800c68d306f400f4c00c78da7
:109c10001900710221286000106800002120400016
:109c2000c2880d00804811002160310140380c00cd
:109c300023586702ff006631c05006002118520108
:109c40000000668c3dfe00100400678cc901e7121d
:109c5000c0000d24c9feed161800a583029d0e3c20
:109c600001000f243862c9251400082404000010e4
:109c70001800afa3ff0065306e01a8101800a3a361
:109c80001800a793202c077cc020050021308900f4
:109c90000400c48c2bc06402b9fe00572a38b100fe
:109ca000f4ff93540100e3240000d98c2ba859023f
:109cb000f0ffa0520100e324b1fe00102a38b100e9
:109cc0001000b2a30100132480fd00101000b22781
:109cd000029d1f3c0861f927212039020000868c73
:109ce0000400878c212860024b7f400f2120400216
:109cf0000700423030004824fcfe00101800a8a3e2
:109d0000029d073cb861f824217838020000e68df6
:109d10000400e78d212860024b7f400f2120400284
:109d2000029d0e3c029d093c0f004330c864cd25c6
:109d3000dc64262521286d002000cc33211066002c
:109d40000a10ac0000004b90c6fe00101800aba338
:109d50000800cc330b0080153800acaf0900a01a06
:109d6000ffff12247800a58ffe68400f2000042416
:109d7000263052002b280600ffffb526f9ffa01e53
:109d800021b0c5020200d233f60040120100cd33eb
:109d90000100c9332b0013242d0004247800a58f63
:109da000fe68400f0a206902ffff072401004754a4
:109db0000100d6261800bf93ffff1824fffff927e4
:109dc0002024197c1c0098101800b9a3ffff12244e
:109dd0001800b383029d073cc06013003862e6247c
:109de00021f086010000c68f0400c78f21200002e9
:109df0004b7f400f212820022120400021286000b5
:109e00000a0006246a80400f213800007800a58fe0
:109e1000fe68400f300044241800a39326585200d7
:109e2000ffff6a242b100b0020440a7c21b0c202e1
:109e3000e7ff12151800aaa31c00b08f0b00001a30
:109e4000ffff10247800a58ffe68400f3000042427
:109e50001c00b28f264850002b280900ffff512616
:109e600021b0c502f7ff201e1c00b1af1300ed2a80
:109e70005e00a0551800b7a312000e241800aea370
:109e80001800b0932024107c5c0080142388e40226
:109e90009c63400f000000004000a68f4400a78f85
:109ea00021204000306f400f212860002120400019
:109eb000ac79400f21286000ffff042620c4047cf9
:109ec000ffff0f24219040002198600029000f130c
:109ed0001800a4a3029d1f3c1865f92700003e8fbf
:109ee000ffff17241800af83029d0e3cc0380f00ff
:109ef0003862cd252148ed000000268d0400278d15
:109f0000212040024b7f400f212860022120400089
:109f10000a000624213800006a80400f21286000d2
:109f20007800a58ffe68400f300044241800b093dd
:109f3000265857002034107cc060060021189e016e
:109f40000000668c0400678c2b100b00212040025f
:109f5000212860026a80400f21b0c202ffff0a265a
:109f600020440a7c2190400021986000ddff1715f5
:109f70001800aaa30b0020523800b78fffff10244f
:109f80007800a58ffe68400f30000424269850000a
:109f90002bf01300ffff3126f9ff201621b0de025f
:109fa0003800b78f2a9015002b2817002488b2009c
:109fb00067fc205200008292ffff10247800a58fda
:109fc000fe68400f20000424262050002bc004000f
:109fd000ffffb526f9ffa01621b0d802000082923b
:109fe000010094265cfc00101800a2a31800b09396
:109ff0002024107ca6ff80102388e4027800a58f1f
:10a00000fe68400f2e000424ffff1724c5005710e0
:10a010001800b0930100d6269dff00102024107c6c
:10a020008000af8f010094260300ed25fcff0e2475
:10a030002428ae01000088920000b18c0400a924fd
:10a040002034087cecfc00108000a9af0800c63367
:10a050000300a0124800a6af9900c010ffff102413
:10a060000200c5337500a0100100c9330100c333dd
:10a070002b0006242d0004247800a58ffe68400fd5
:10a080000a20c300ffff0c24f0fd4c540100d6262b
:10a09000eefd001000000000bdfd00100b88a400c4
:10a0a0002800a48f8171400f2c00a58f1c00a527cc
:10a0b0001b6d400f212040001c00af8f6666053ce1
:10a0c000ffffee2540680e002188ae016766a934c7
:10a0d00018002902c32711001060000083380c000b
:10a0e0002358e40021a86001bf0060051c00abaf4d
:10a0f00023c015009c63400f2024187c2800a68fe5
:10a100002c00a78f21204000306f400f21286000d5
:10a11000029d133c3000a2af3400a3aff864668efa
:10a12000fc64678e3000a48f0272400f3400a58f4c
:10a13000a9004004029d1f3c0065e48f0465e58f83
:10a140003000a68f0272400f3400a78fd8fc401c4d
:10a150001900e22a0100b22621a84002d4fc001016
:10a160001c00b2af14ffa0111800bf937800a58f98
:10a17000fe68400f20000424277802002b700f0097
:10a180000cff001021b0ce0247fd4010000000007f
:10a190007800a58ffe68400f20000424275002009d
:10a1a0002b400a0040fd001021b0c802029d033c74
:10a1b000010006240861682416000724040000102a
:10a1c0001800a6a3ff00b8322e0007131800b5a38d
:10a1d0001800a693202c067cc06805002120a80149
:10a1e0000400838c2b48630265fd20552a38b1009a
:10a1f000f4ff73540100d52400008f8c2b704f02a4
:10a20000f0ffc0510100d5245dfd00102a38b100d7
:10a210000300c8372c00a38ff4645e8d2800a68f3e
:10a2200026907e00ffff1e312800a6af97fc00108d
:10a230002c00b2af51fd0010202c037c83fd2011b7
:10a240007800a58ffe68400f20000424ffff0f2434
:10a2500026704f002b680e007cfd001021b0cd024f
:10a260006dfd00130800d9337800a58ffe68400ffc
:10a2700020000424272002002b38040065fd001074
:10a2800021b0c7023dfd0010202c157cf3fd00100d
:10a290000300842525fd0010030002252065872585
:10a2a000c058130021306701029d123c0000c48c8d
:10a2b0000400c58c0c65478ea0fc00100865468e16
:10a2c0007800a58ffe68400f200004242658500017
:10a2d0002b100b00ffffb526f9ffa01621b0c2021c
:10a2e00060ff00100200c533c0cf110001000f3223
:10a2f00025c099004270110021a800002520f80116
:10a30000d579400f2528ae02212040002128600089
:10a3100021304000276e400f21386000a8fc00105b
:10a320002800a48fdafe00102024107c8000a28f69
:10a33000f8ff102407004a24244050010000128d29
:10a340000400138d08001f25ccfd00108000bfaf56
:10a350008000b58ff8ff04240700b22624c0440211
:10a360000000128f0400138f08001727f7fc00105d
:10a370008000b7af01000824029d1f3c1800a8a36d
:10a38000b861e9270400001010000824ff006c30b9
:10a39000a8ff88111800a3a31800a793202c077cfe
:10a3a000c0800500213009020400c48c2b506402d7
:10a3b000f3fc40552a38b100f4ff93540100e32424
:10a3c0000000cb8c2b104b02f0ff40500100e32427
:10a3d000ebfc00102a38b100ffffb92621a82003aa
:10a3e00032fc00101c00b9afffff702521a800024d
:10a3f0003fff00101c00b0afe0ffbd271000b0af62
:10a400001800bfaf1400b1af0c00a694ffffc3301b
:10a4100002006230210040102180a000000265305f
:10a420001c00a0100400058e0002c3340c0003a61b
:10a430000300a014ff0091300800048e000004ae59
:10a440000a0006241b0026520c0008961000098ef4
:10a450003300a9100100ae2400000d8e0100ac25d0
:10a4600001000b240a000a2404000eae0000b1a172
:10a4700000000cae17002a126c838ba3211020025f
:10a480001800bf8f1400b18f1000b08f0800e003d8
:10a490002000bd27e5ffa0100002c3341800bf8fc5
:10a4a0001400b18f1000b08fffff02240800e003fa
:10a4b0002000bd2780000731e5ffe0541000098e21
:10a4c00021280002fe68400f0d000424dfff001069
:10a4d0000400058e0c00189600010f33e8ffe01110
:10a4e000211020020e0004960800058e5969400fc5
:10a4f0000400068e0400198e060059500800058ecf
:10a500000c000296ffff112430005f340c001fa6e0
:10a510000800058e040000aed8ff0010000005ae54
:10a520002024117c212800021800bf8f1400b18f55
:10a530001000b08f8369400b2000bd2721108000e0
:10a54000202c057c00004380040065100000000002
:10a55000fcff601401004224211000000800e00309
:10a5600000000000e0ffbd270100c22c1000b0afca
:10a570002180a0000100a52c2518a2001800b2af70
:10a580001c00bfaf1400b1af2190c0000b006014dd
:10a59000211000000300862c0800c050211040024a
:10a5a0000000073c0000e4240a0080102120000283
:10a5b0000000000c21284002211040021c00bf8f27
:10a5c0001800b28f1400b18f1000b08f0800e003a4
:10a5d0002000bd27f8ff40122188400200000482bd
:10a5e000ce69400fffff3126f3ff20120100102635
:10a5f00000000482ce69400fffff3126f7ff2016ce
:10a6000001001026edff001021104002e8ffbd27d9
:10a610001000b0af1400bfaf0c00a3942180a000c5
:10a62000ffff65302024047c4000a230210040144c
:10a630001800a4a30200a4303b0080103000653451
:10a640001000068e2e00c0500e0004960800058ee5
:10a650000b00a0540e00049601a0083c74ac052524
:10a660002000072408006334040007ae0c0003a692
:10a67000080005ae000005ae100007ae0e000496ff
:10a680005969400f0400068effff0d2404000dae33
:10a6900008000b8e1800ac9301006a2500006ca125
:10a6a0001800a5830a0009240700a91000000aaebb
:10a6b0002120a0001400bf8f1000b08f2110800057
:10a6c0000800e0031800bd270c000f960001ee31d2
:10a6d000f8ffc0512120a0000e0004960800058e4e
:10a6e0005969400f0400068e1800a5830800188ed3
:10a6f0002120a000000018aeeeff0010040000ae04
:10a700001800a5275969400f010006241800a483ea
:10a71000040000ae1400bf8f1000b08f2110800025
:10a720000800e0031800bd27ffff04240c0005a665
:10a73000f8ff0010040000ae4480858f2034047cb4
:10a7400080bf033c80bf043c80bf023c106887246c
:10a75000186868240700a0142068492400000a3cf7
:10a76000000045251800a01000000c3c0000000867
:10a770002120c00001000d240d00ad5080bf083c19
:10a780000080193480bf183c00040f24086819affa
:10a7900000000fad0000e38c00016230fdff4010af
:10a7a00000000000000026ad0800e00300000000eb
:10a7b00080bf093c80bf0e3c10600725186028252b
:10a7c000efff00102060c92500008b25edff601110
:10a7d00000801934000000082120c0007f00a1285b
:10a7e0003200201400000000cc00a0040000000093
:10a7f00023280500fd00a52400800b3c08008b14d5
:10a80000000000007e0001240300a11400000000ed
:10a8100025000010ffff0424230000100100a524e0
:10a8200002540400f40140011b006a0112380000c8
:10a8300010580000ffff883019000701124800007f
:10a84000005c0b002b7069010600c01123586901e0
:10a85000ffffe724215864012b086401fcff20104e
:10a8600000000000f40140011b006a0112500000ca
:10a870001058000019000a0112480000005c0b008b
:10a880002b7069010600c01123586901ffff4a259a
:10a89000215864012b086401fcff20100000000017
:10a8a0000074070021204e010100c63481000724f6
:10a8b0002338e5000800e128020020140000000011
:10a8c00008000724026604000660ec0040600c00eb
:10a8d000805e0c0019006401105800007f000924fc
:10a8e000234825012000212d020020140000000033
:10a8f00000000b3406582b010080013c25586101f3
:10a9000008000f242378e701ffff0e240670ee01f4
:10a9100024208e004e008010000000002038877038
:10a920002328a7000420e4004220040002540b0066
:10a93000f40140011b008a001238000010200000c2
:10a94000ffff6831190007011248000000240400cd
:10a950002b7089000600c01123208900ffffe72427
:10a9600021208b002b088b00fcff20100000000032
:10a97000f40140011b008a0012200000105000006a
:10a98000190004011248000000540a002b7049010c
:10a990000600c01123504901ffff842421504b01c0
:10a9a0002b084b01fcff2010000000000074070082
:10a9b00021208e00030080180000000040200400c9
:10a9c000ffffa5241900840010580000fc00072494
:10a9d0002338e5002338e5002000e12c0200201494
:10a9e0000000000000000b340658eb008800093c12
:10a9f0003e2529351900690110480000a52a0e3ca2
:10aa0000d63cce352348c901190069011048000021
:10aa100000800e3cb200ce352348c901030020055a
:10aa20000000000002000010404809000100a524b9
:10aa300019008900102000000300800400000000bd
:10aa400040200400ffffa5241b008011000000002f
:10aa500000a00e3c0000ce2501008f2580780f005d
:10aa60002170cf010000c78d2340e5002000012d9b
:10aa7000020020140000000000000434062004013d
:10aa80002528070000a00e3c0000ce2580780c0091
:10aa90002170cf010000c78d212087002b70870017
:10aaa0000500c01100000000422004000080013cad
:10aab000252081000100a5240100ce301200c01124
:10aac00000000000feff01242430c1007f000724a5
:10aad0002338e5002000e12c0200201400000000d3
:10aae000000004340620e4007f0005240fc90e3c5a
:10aaf000a2dace352320c401030080040000000048
:10ab000040200400ffffa52425100400251805009f
:10ab100025c006000800e003000000000000052436
:10ab2000f9ff001025200500ecffbd270000bfaf96
:10ab3000c2350400ff00c6300080073c002a040034
:10ab40002528a7002438e400ff0001240400c114d4
:10ab500000000000405805001800601500000000cb
:10ab60000400a4af0800a5af0c00a6af1000a7af6b
:10ab70002520050025280600f769400f253007002d
:10ab80002550180025480300254002001000a78f1b
:10ab90000c00a68f0800a58f0400a48f4028080091
:10aba000422a0500c05d09002528ab002510a7003a
:10abb0000000bf8f0800e0031400bd27fcff001059
:10abc000c0ff023cd0ffbd270000bfafc23d040064
:10abd000ff00e73000800c3c003204002530cc0040
:10abe00024408c00c2550500ff004a31004a050090
:10abf00025482c01ffffef24fe00e12d5a00201014
:10ac000000000000ffff4f25fe00e12d6400201032
:10ac1000000000007f00e7242338ea0042300600ed
:10ac200002540900f40140011b00ca001260000038
:10ac300010300000ffff2d311900ac011270000030
:10ac4000003406002b78ce000600e0112330ce0041
:10ac5000ffff8c252130c9002b08c900fcff201004
:10ac600000000000f40140011b00ca001230000087
:10ac7000007c0c002130cf000300c0180000000051
:10ac800040300600ffffe7240400a4af0800a5af92
:10ac90000c00a6af1000a7af1400a8af2400acaf03
:10aca0002800adaf2c00aeaf2520060025280700f8
:10acb000f769400f2530080025581800255003007b
:10acc000254802002c00ae8f2800ad8f2400ac8fe9
:10acd0001400a88f1000a78f0c00a68f0800a58f66
:10ace0000f00a1040400a48f80000c2423608a01bb
:10acf00080000a242000812d0200201400000000a2
:10ad000000000934064889010fc90f3ca2daef356b
:10ad10002348e90120602c7123504c01044889012b
:10ad20000900401d0000000001000c2423608a017e
:10ad30002000812d020020140000000000000934d2
:10ad40000648890100000a2440300900423206000a
:10ad5000c07d0a002530cf002510c8000000bf8f3d
:10ad60000800e0033000bd270600e01000000000ee
:10ad70002178c6002200e01500000000a1ff0010ad
:10ad8000000107242130c6009effc0100000000013
:10ad90002060cc702338ec009aff0010043086014c
:10ada0000900401100000000217829011400e0157d
:10adb0000000000000010a241100ea100000000059
:10adc00094ff001000000000214829010600201512
:10add000000000000a00c01000000000c93f023c53
:10ade000deff0010da0f42348aff2011000000005d
:10adf00020602c7123504c0186ff0010044889010b
:10ae0000d6ff0010c0ff023cdcffbd270000bfaf33
:10ae1000c2550400ff004a3100800b3c004a040088
:10ae200025482b01245864011900290110600000f5
:10ae300021684a010300800582ffad2540600c00b7
:10ae4000ffffad257f0005242328ad006200a0048c
:10ae5000000000007f000d242000a12c020020141f
:10ae60000000000000000c340660ac000080053ccf
:10ae70002b08ac0058002014000000002360ac0038
:10ae8000030080150000000034000010ff000a24b9
:10ae9000202885712368a5010460ac000400a4afdc
:10aea0000800a5af1800a9af1c00aaaf2000abafe7
:10aeb00025200c006f72400f25280d00257018000a
:10aec00025680300256002002000ab8f1c00aa8fbc
:10aed0001800a98f0800a58f030080150400a48f17
:10aee0003a000010251004007f004a2523504d0130
:10aef0004248090002440c00f40100011b00280133
:10af00001228000010480000ffff86311900c5001c
:10af100012380000004c09002b7827010600e011d0
:10af200023482701ffffa52421482c012b082c01d1
:10af3000fcff201000000000f40100011b002801ac
:10af400012480000007c050021482f010300201951
:10af50000000000040480900ffff4a250400a4af9c
:10af60000800a5af0c00a6af1000a7af1400a8af53
:10af70001800a9af1c00aaaf2000abaf2520090024
:10af800025280a00f769400f25300b0025701800ae
:10af900025680300256002002000ab8f1c00aa8feb
:10afa0001800a98f1400a88f1000a78f0c00a68f7f
:10afb0000800a58f0400a48f40480c00424a0900f5
:10afc000c07d0d0025482f0125102b010000bf8feb
:10afd0000800e0032400bd27fcff0010c0ff023c76
:10afe000dcffbd270000bfafc2550400ff004a319f
:10aff00000800b3c004a040025482b0124586401c2
:10b00000190029011060000021684a010300800531
:10b0100082ffad2540600c00ffffad257f000524b9
:10b020002328ad006d00a004000000007f000d2467
:10b030002000a12c020020140000000000000c34ad
:10b040000660ac000080053c2b08ac0063002014b7
:10b05000000000002360ac00202885712368a50152
:10b060000460ac000400a4af0800a5af1800a9afad
:10b070001c00aaaf2000abaf25200c006f72400f60
:10b0800025280d00257018002568030025600200a2
:10b090002000ab8f1c00aa8f1800a98f0800a58f75
:10b0a0000400a48f2350aa017f004a2542600c00af
:10b0b00002440900f40100011b008801122800006d
:10b0c00010600000ffff26311900c5001238000093
:10b0d00000640c002b7887010600e01123608701d3
:10b0e000ffffa524216089012b088901fcff2010a6
:10b0f00000000000f40100011b0088011240000064
:10b10000004c050021482801030020190000000020
:10b1100040480900ffff4a250400a4af0800a5af7e
:10b120000c00a6af1000a7af1400a8af1800a9af7d
:10b130001c00aaaf2000abaf2520090025280a007b
:10b14000f769400f25300b002570180025680300b3
:10b15000256002002000ab8f1c00aa8f1800a98f69
:10b160001400a88f1000a78f0c00a68f0800a58fd1
:10b17000120060110400a48f800005242328ad0074
:10b1800080000d242000a12c0200201400000000eb
:10b1900000000c340660ac000fc90f3ca2daef359a
:10b1a0002360ec01020080150000000000000d2467
:10b1b000202885712368a5010460ac0040480c007c
:10b1c000424a0900c07d0d0025482f0125100900c5
:10b1d0000000bf8f0800e0032400bd27fcff001023
:10b1e000c0ff023ce0ffbd271800b2af1c00bfaf9c
:10b1f0001400b1af1000b0af00a0023c3c01458c80
:10b200000100a33009006010219080005075400fac
:10b21000f87f113c029d063c8066c48c2b75400f64
:10b22000212840000800400421000724212040027a
:10b230001c00bf8f1800b28f1400b18f1000b08fa8
:10b24000f86b400b2000bd2700a0043c21800000cb
:10b25000480587ac212820028171400f212000027f
:10b260001c00bf8f1800b28f1400b18f1000b08f78
:10b270000800e0032000bd270080013c2428810055
:10b2800040380400023e0700ff0001241b00e110cb
:10b290000000000096000824233807011800e12c64
:10b2a0000a002014000000001100e004000000006b
:10b2b0000080013c010021342b0881001400201083
:10b2c0000000000014000010000000000200a010a8
:10b2d0000000000023200400010006240430e600e2
:10b2e000233006000200a010242086002320040042
:10b2f000251004000800e0030000000040420400a4
:10b300000700001500000000faff001025100400df
:10b31000f8ff001080bf023cf6ff0010251005006a
:10b32000f4ff0010c0ff023cc23d0400ff00e73004
:10b33000c2550500ff004a3100800c3c0032040079
:10b340002530cc00004a050025482c0124408c0003
:10b35000ffffed24fe00a12d2b00201000000000b7
:10b36000ffff4d25fe00a12d300020100000000041
:10b370002360ea00030081050000000020000010a7
:10b380002510040042300600424809002b68c9001d
:10b390000300a0112330c9002130c9002b68c90067
:10b3a0002a68c0002130c600ffff8c25f7ff810509
:10b3b000000000002b00c010000000002060cc70d6
:10b3c00023504c010900401d0430860109000c2463
:10b3d00023608a012000812d02002014000000005b
:10b3e00000000634050000100630860140300600db
:10b3f00042320600c06d0a002530cd002510c8007d
:10b400000800e003000000001400e0140000000049
:10b410002130c600d2ffc010000000002060cc70b8
:10b420002338ec00ceff00100430860107004015e1
:10b4300021482901090020110000000020602c7122
:10b4400023504c01caff0010044889010300201555
:10b4500000000000eaff001025100400e8ff0010c3
:10b46000c0ff023ce6ff001025100800c2350400b2
:10b47000ff00c630ffffc924fe00212d0b00201065
:10b480000000000082ffc6247f80013cffff2134c2
:10b4900024208100003f013c252081000000a6ac53
:10b4a000251004000800e003000000000d00c01497
:10b4b0000000000021488400f8ff20110000000077
:10b4c000403a04002040e8702330c80004380701e7
:10b4d0000080013c24208100024a0700e9ff00109f
:10b4e00025208900c0ff043cecff0010000006246a
:10b4f000c2550400ff004a31ffff4c25fe00812d9c
:10b500000e0020100000000021504501ffff4c25d7
:10b51000fe00812d14002010000000007f80013cff
:10b52000ffff213424208100c0650a0025208c0003
:10b53000251004000800e00300000000ff000124c3
:10b5400009004115000000007f00013cffff21348d
:10b55000246081000200801100000000c0ff043c54
:10b56000f4ff001025100400c23d0400ff00e73086
:10b570000080083c003204002530c8000a00e014b6
:10b58000244004012130c6000500c0100000000066
:10b590002058cb702338eb00030000100430660104
:10b5a000e4ff0010251004002138e500ffffec2423
:10b5b000fe00812d19002014000000000300e01897
:10b5c0000000000019000010807f043c01000b24e3
:10b5d000235867012000612d0300201400000000a3
:10b5e0000700001002000624255006000630660100
:10b5f0000460660102008a11000000000200c634e7
:10b600008000c6248000cc2c2138ec0002620600a9
:10b6100001008c312330cc000000072440200600bc
:10b6200042220400c065070025208c00c1ff0010e5
:10b6300025108800c23d0400ff00e7300080083c70
:10b64000003204002530c80024400401ff0001241a
:10b650002800e110000000002548060025500700e2
:10b66000255808009e000c242360870106008019dd
:10b6700000000000200081291c00201000000000b4
:10b6800006488901044889014060090042620c00b3
:10b69000c06d0a0025608d0125688b010000adacee
:10b6a0002360ea002000812d020020140000000029
:10b6b00000000934064889012330c9000800c01081
:10b6c000000000002060cc702338ec0004308601bc
:10b6d0004030060042320600c06d07002530cd0024
:10b6e0002510c8000800e00300000000f8ff00106b
:10b6f0000000a8acc0ff043c0000a4acf9ff00109f
:10b7000025100400c8ffbd273000b6af00a0163cce
:10b710001c00b1af1800b0af3400bfaf2c00b5af04
:10b720002800b4af2400b3af2000b2af3c01c78ef5
:10b73000029d033c8066668c0100e2301000a6afdb
:10b740002188a00011004010218080005871400f16
:10b750000000000021204000307f400f21286000c1
:10b760002a004010212000022b75400f21280000e4
:10b770000700401421200002212020022b75400fd9
:10b78000212800003c004018f8ff133c2120000253
:10b790001477400f212820025871400f21204000cb
:10b7a0003c01cb8e2180400001006a31090040112c
:10b7b0002188600021204000307f400f2128600058
:10b7c000050040102120000222000d2400a00c3ca6
:10b7d00048058dad21200002212820028171400ff3
:10b7e000000000003400bf8f3000b68f2c00b58ff2
:10b7f0002800b48f2400b38f2000b28f1c00b18fbb
:10b800001800b08f0800e0033800bd272b75400feb
:10b8100021280000d4ff4104212000025871400f6c
:10b820002120200221204000307f400f212860008d
:10b83000cdff4014212000021000a5278d6d400f80
:10b8400021202002212040002b75400f21280000dc
:10b85000c5ff4050212000022100052400a0043c27
:10b86000f8ff153c21a00000480585ac212080028e
:10b87000daff00102128a0022190000021000924f5
:10b8800000a0083c2120400221286002d3ff0010c4
:10b89000480509ad0080013c2638e100405805000c
:10b8a000425d0b00c0520500427d040025504f014f
:10b8b000c04a04000080083c255048014070070041
:10b8c00042750e00c06a0700427d06002568af0180
:10b8d000c06206002568a801ffff6f25fe07e12d65
:10b8e0008d00201000000000ffffcf25fe07e12d96
:10b8f000bb002010000000000080013c2428a100b3
:10b9000023406e012c0000110000000015000019fa
:10b91000000000002000012d07002014000000009e
:10b92000e0ff08212b300c0023000d102560a6013c
:10b93000f8ff001000000d341f000011000000008f
:10b940002220080004308c0004208d0006600c01c9
:10b9500006680d011800c01025608c00160000104c
:10b9600002008c3525580e00234008002000012dd0
:10b970000700201400000000e0ff08212b30090020
:10b980000d000a1025484601f8ff001000000a3497
:10b990000900001100000000222008000430890086
:10b9a00004208a000648090106500a010200c0105e
:10b9b00025488900020029352678a7001c00e005eb
:10b9c0000000000021482c012b782c0121504d0152
:10b9d00021504f0102004d11000000002b784d0155
:10b9e0003700e0110000000001002f310200e011db
:10b9f000000000000200293542480900c07f0a000b
:10ba000025482f0142500a000080013c2550410189
:10ba100001006b25ff0701242900611500000000cb
:10ba2000f07f013c2528a10037000010000004240d
:10ba30002b782c0123482c012b104f0123504f0150
:10ba40002b784d012578e2010700e01123504d01cc
:10ba50000080013c2628a1002b780900234809001a
:10ba600023500a0023504f01080040150000000039
:10ba700003002015000000000d00001000000b2442
:10ba80002550200100000924e0ff6b25204048716b
:10ba90000700001100000000235868012220080060
:10baa000062089000448090104500a012550440178
:10bab000257849010200e01500000000000005247f
:10bac00068006019000000000004292500042f2de3
:10bad00021504f012b784f0121586f01c27a090084
:10bae0000100ef3123482f01c2220900407d0a00e6
:10baf00025208f0040780a00027b0f002528af0028
:10bb0000007d0b002528af00251004002518050036
:10bb10000800e003000000002a78200121482901e4
:10bb200021504a012300601521504f012578490119
:10bb30001400e011000000000800401500000000a3
:10bb4000030020150000000067ff001000000b2418
:10bb50002550200100000924e0ff6b25204048719a
:10bb600061ff001100000000235868012220080036
:10bb7000062089000448090104500a015aff0010f8
:10bb800025504401ff0701241500c11100000000e9
:10bb90002140e700257806010300e01500000000c1
:10bba000d9ffe0040000000025100600d8ff0010b7
:10bbb00025180700257849012700e015000000003e
:10bbc000ff070124d0ffc115000000002678a70060
:10bbd0002100e00500000000f3ff0010000000005d
:10bbe0002a78800121608c012168ad011700c01501
:10bbf0002168af012578ac01c3ffe011000000000f
:10bc00000800a015000000000300801500000000df
:10bc100039ff001000000e242568800100000c246c
:10bc2000e0ffce252040a87133ff00110000000086
:10bc30002370c8012220080006208c0004600c013b
:10bc400004680d012cff00102568a4012578ac01c3
:10bc5000d5ffe01100000000f8ff053caaff00102e
:10bc6000000004240100082423400b012000012dc2
:10bc70000700201400000000e0ff08212b3009001d
:10bc80000d000a1025484601f8ff001000000a3494
:10bc90000900001100000000222008000430890083
:10bca00004208a000648090106500a010200c0105b
:10bcb000254889000200293583ff001000000b246d
:10bcc0004050050042550a00c04a0500427d04006c
:10bcd00025482f01c042040000800e3c25482e015b
:10bce00040680700426d0d00c0620700427d0600fb
:10bcf00025608f01c05a060025608e012628a70006
:10bd00002428ae00ffff4f25fe07e12d470020103d
:10bd100000000000ffffaf25fe07e12d6f0020109f
:10bd20000000000002fcaf2521504f0119002c013a
:10bd3000123800001070000019000b0112200000e2
:10bd40001030000019002b0112580000106800008c
:10bd50002130cb002b78cb002138ed002138ef00cb
:10bd60000200ed10000000002b78ed002170cf01e3
:10bd700019000c0112400000104800002130c800da
:10bd80002b78c8002138e9002138ef000200e910c3
:10bd9000000000002b78e9002170cf012578860093
:10bda0000200e011000000000100e73425480e0009
:10bdb00006002005254007002a78000121400801df
:10bdc0002148290121482f01ffff4a25ffff4f2568
:10bdd000fe07e12d68002010000000000004082587
:10bde00000040f2d21482f012b782f0121504f01e6
:10bdf000c27a08000100ef3123400f01c22208007f
:10be0000407d090025208f0040780900027b0f004b
:10be10002528af00007d0a002528af00251004006a
:10be2000251805000800e003000000002a78000142
:10be300021400801214829011c00401521482f01fb
:10be4000257828011400e0110000000008002015ea
:10be5000000000000300001500000000adff00100e
:10be600000000a242548000100000824e0ff4a25bc
:10be700020702e71a7ffc0110000000023504e015a
:10be800022380e000638e8000440c8010448c90101
:10be9000a0ff001025482701ff0701243300a1114e
:10bea00000000000ddff00100000000025782801e0
:10beb0002e00e015000000000500a01500000000a5
:10bec00040780c002578eb012800e011000000000c
:10bed000ff0701242100a115000000002a7860015d
:10bee00021586b0121608c011900a01521608f0180
:10bef00025788b011400e011000000000800801577
:10bf000000000000030060150000000085ff001025
:10bf100000000d242560600100000b24e0ffad252a
:10bf2000203086717fffc010000000002368a6014a
:10bf3000227006000670cb010458cb000460cc00d0
:10bf400078ff001025608e01b4ff0010000004246b
:10bf500025788b010500e01500000000f07f013c12
:10bf60002528a100adff001000000424f8ff053cc7
:10bf7000aaff001000000424f8ff401d000000008c
:10bf800001000e242370ca012000c12d07002014d7
:10bf900000000000e0ffce212b3008000d0009104a
:10bfa00025402601f8ff0010000009340900c011e7
:10bfb0000000000022380e000430e8000438e900d8
:10bfc0000640c8010648c9010200c0102540e8002b
:10bfd000020008350004082500040f2d21482f0118
:10bfe00083ff0010c25709004050050042550a0067
:10bff000c04a0500427d040025482f01c0420400cc
:10c0000000800e3c25482e0140680700426d0d005f
:10c01000c0620700427d060025608f01c05a0600fd
:10c0200025608e012628a7002428ae00ffff4f259b
:10c03000fe07e12dcb00201000000000ffffaf2520
:10c04000fe07e12df40020100000000023504d01f8
:10c05000ff034a2542400800c07f090025400f0128
:10c0600042480900023c0c00f401e0001b002701db
:10c070001270000010480000ffff86311900ce004a
:10c0800012200000004c0900027c080025482f0106
:10c090002b7824010600e01123482401ffffce2560
:10c0a00021482c012b082c01fcff2010000000006f
:10c0b000f401e0001b0027011238000010480000c6
:10c0c0001900c70012200000004c0900ffff0f31cb
:10c0d00025482f012b7824010600e0112348240174
:10c0e000ffffe72421482c012b082c01fcff201026
:10c0f0000000000000740e002170c7011900cb0180
:10c100001238000010200000000008242b780701de
:10c11000234007012b102f0123482f012b782401e6
:10c120002578e2010b00e01123482401ffffce2512
:10c1300021400b012b780b0121482c0121482f01b4
:10c1400002002c11000000002b782c01f7ffe011f9
:10c150000000000006002c150000000025200b0048
:10c160002548080000000d242a00001025380d0085
:10c17000023c0c00f401e0001b00270112680000e3
:10c1800010480000ffff86311900cd00122000008a
:10c19000004c0900027c080025482f012b7824015f
:10c1a0000600e01123482401ffffad2521482c01a2
:10c1b0002b082c01fcff201000000000f401e0001f
:10c1c0001b00270112380000104800001900c700aa
:10c1d00012200000004c0900ffff0f3125482f01fd
:10c1e0002b7824010600e01123482401ffffe724f7
:10c1f00021482c012b082c01fcff2010000000001e
:10c20000006c0d002168a7011900ab011238000075
:10c2100010200000000008242b78070123400701ac
:10c220002b102f0123482f012b7824012578e201c0
:10c230000b00e01123482401ffffad2521400b0135
:10c240002b780b0121482c0121482f0102002c11d1
:10c25000000000002b782c01f7ffe0110000000027
:10c260000600c005000000002a78a0012168ad0189
:10c270002170ce012170cf01ffff4a2525782801ca
:10c280000200e011000000000100ad3525480e005d
:10c2900025400d00ffff4f25fe07e12d1500201062
:10c2a000000000000004082500040f2d21482f0184
:10c2b0002b782f0121504f01c27a08000100ef3185
:10c2c00023400f01c2220800407d090025208f0075
:10c2d00040780900027b0f002528af00007d0a008e
:10c2e0002528af0025100400251805000800e003ec
:10c2f000000000004400401d0000000001000e246a
:10c300002370ca012000c12d070020140000000086
:10c31000e0ffce212b2008000d000910254024014c
:10c32000f8ff0010000009340900c01100000000ef
:10c3300022300e000420c8000430c9000640c801a5
:10c340000648c901020080102540c80002000835d7
:10c350000004082500040f2d21482f01d6ff0010ee
:10c36000c25709002a78000121400801214829010b
:10c370001700401521482f01257828011400e011ed
:10c380000000000008002015000000000300001558
:10c390000000000029ff001000000a2425480001c9
:10c3a00000000824e0ff4a2520702e7123ffc011f1
:10c3b0000000000023504e0122300e000630c8005d
:10c3c0000440c8010448c9011cff0010254826018b
:10c3d00005004d150000000040780c002578eb01a9
:10c3e0002b00e01100000000ff0701240a00a1114a
:10c3f00000000000bbff401100000000257828016c
:10c400002300e01500000000f07f013c2528a1007a
:10c41000b4ff0010000004242a78600121586b0149
:10c4200021608c011700a01521608f0125788b01f8
:10c43000f5ffe0110000000008008015000000007a
:10c44000030060150000000000ff001000000d2434
:10c450002560600100000b24e0ffad2520708e7187
:10c46000fafec011000000002368ae0122300e0069
:10c470000630cb000458cb010460cc01f3fe001061
:10c480002560860125788b010200e0110000000084
:10c49000f8ff053c93ff0010000004240000052471
:10c4a0002548050025380500253004000c00c01083
:10c4b000000000000600c104000000000080093cec
:10c4c0002b50050023280500233006002330ca0026
:10c4d0001e0407242040c8702338e80004300601f9
:10c4e000c24205004055060025400a0140500600a2
:10c4f00002530a0025482a010055070025482a0151
:10c5000025100800251809000800e00300000000bd
:10c510000000052425380500253004000500c01062
:10c52000000000001e0407242048c9702338e900d9
:10c5300004302601c24205004055060025400a018c
:10c5400040480600024b09000055070025482a0113
:10c5500025100800251809000800e003000000006d
:10c56000c23d0400ff00e7300080013c2430810020
:10c57000ffffe924fe00212d0c0020100000000028
:10c580008003e724404a0400024b09002530c9001b
:10c59000402f0400004d07002530c900251005007c
:10c5a000251806000800e003000000000000052434
:10c5b00021208400f7ff8010000000000900e01433
:10c5c00000000000ffffe724212084008000013ce0
:10c5d0002b088100fbff201400000000e8ff001082
:10c5e00000000000ff07072400ff013c0100213488
:10c5f0002b088100e7ff201400000000e5ff001079
:10c60000f8ff063cc03a0500425d04002538eb0007
:10c61000c03204000080013c2538e1000080013c6c
:10c620002448a100404005004245080080fc082540
:10c63000ffff0b25fe00612d1100201000000000ff
:10c640000200c010000000000100e7348000e72471
:10c650008000eb2c21400b01025a070001006b31d6
:10c660002338eb0040380700423a0700c05d08005d
:10c670002538eb002510e9000800e0030000000069
:10c680007f04012407000115000000004058070046
:10c69000255866010300601100000000f6ff00103d
:10c6a000c0ff023cff00012904002014000000002c
:10c6b000807f013cf0ff00102510210101000a24b9
:10c6c000235048012000412d0300201400000000e9
:10c6d000e9ff00102510090020000c2423608a01c6
:10c6e000045887012530cb00063847010000082494
:10c6f0000080013cd2ff00102538e100c03a05005f
:10c70000425504002538ea000080013c2538e1004c
:10c710004050050042550a001e0406242330ca007a
:10c720000b00c018000000002000c12c02002014e3
:10c7300000000000000007340200a1040638c70012
:10c7400023380700251007000800e0030000000060
:10c7500002008010000000000100a534f07f013cc1
:10c76000010021342b08a100030020140000000068
:10c77000f5ff00100080023cff7f023cf2ff00103a
:10c78000ffff4234c03a0500425504002538ea0054
:10c790000080013c2538e1004050050042550a0068
:10c7a0001e0406242330ca000b00c0040000000051
:10c7b0002000c12c020020140000000000000734fb
:10c7c0000200a1040638c70023380700251007001f
:10c7d0000800e003000000000200801000000000dc
:10c7e0000100a534f07f013c010021342b08a10099
:10c7f0000300201400000000f5ff00100080023c40
:10c80000f3ff0010ffff0224feff09244050050043
:10c8100040580700255864012558660125504b01f2
:10c8200003004015000000003c000010000002243e
:10c83000020080104040050001000825e0ff013c97
:10c84000010021342b0801013600201000000000f7
:10c850000200c0104040070001000825e0ff013c35
:10c86000010021342b0801012e00201000000000df
:10c870001600a104000000000300e0040000000016
:10c8800026000010ffff02242b5086002320860084
:10c890002b58aa002328aa002b50a70025504b0193
:10c8a000030040112328a7001c00001001000224ef
:10c8b0002550a400030040110000000017000010e4
:10c8c000ffff022415000010000002240300e10411
:10c8d0000000000011000010010002242b5086000f
:10c8e000232086002b58aa002328aa002b50a7003b
:10c8f00025504b01030040112328a700070000101a
:10c90000ffff02242550a400030040110000000096
:10c910000200001001000224000002240800e003cd
:10c9200000000000fdff0010251009000080013c00
:10c930002628a10025100400251805000800e003a2
:10c9400000000000ff7f013cffff21342428a100ec
:10c9500025100400251805000800e0030000000071
:10c96000020080104040050001000825e0ff013c66
:10c97000010021342b0801010300201400000000f5
:10c980000c000010010002240200c010404007000b
:10c9900001000825e0ff013c010021342b080101c2
:10c9a0000300201400000000020000100100022417
:10c9b000000002240800e003000000003a0080109c
:10c9c000000000000100ad300b00a01100000000cd
:10c9d000f267093c00182935190089001048000049
:10c9e000134d013c0048213421482101422004001c
:10c9f000070000100100a5240093093c19008900dc
:10ca000010480000ff6c013c00fc2134214821014a
:10ca1000433805003f00e724c24b0900f401200120
:10ca20001b00890012500000804b090000540a00ce
:10ca300021482a012b682a0123482d0100800a3c45
:10ca4000025c0900f40160011b004b011250000060
:10ca500000540a000200401500000000ffff0a24f5
:10ca600019002a011058000023580b0019004b012f
:10ca700010500000190044011050000040500a00fe
:10ca80004248090021482a012b682a0123482d0128
:10ca900025300900251006002518070025c00800cc
:10caa0000800e0030000000000000724f9ff001068
:10cab00025300700e8ffbd270000bfafc2450400d6
:10cac000003a04000080013c2538e100ffff0d25fd
:10cad000fe00a12d48002010000000000400a4afbb
:10cae0001000a7af1400a8af252007006f72400ff9
:10caf000252808002560180025580300255002004d
:10cb00001400a88f1000a78f0400a48f01000d311e
:10cb10000200a011000000004238070019004a017d
:10cb200012300000102800002328a7002568a60066
:10cb30002700a011000000001200a0040000000067
:10cb4000ffff4a250100cd2cffffc6242328ad009e
:10cb50002b68ca002330ca002328ad002b68ca0006
:10cb60002330ca002328ad001900a00400000000f3
:10cb70002568a600f2ffa0150000000014000010b8
:10cb80000000000001004a2501004d2d0f00a015f6
:10cb9000000000002130ca002b68ca002128ad0027
:10cba0002130ca002b68ca002128ad000100cd2c1d
:10cbb000ffffc6242328ad00f2ffa0040000000000
:10cbc0002568a6000200a01100000000ffff4a2512
:10cbd00080004a2580004d2d21586d0140100a002b
:10cbe00042120200c06d0b0025104d000000bf8fe7
:10cbf0000800e0031800bd270600810400000000c3
:10cc0000406804001300a01500000000f7ff0010aa
:10cc1000251004000a000015000000002138e7007c
:10cc20000500e010000000002028e5702340050109
:10cc3000aaff00100438a700ecff00100000022437
:10cc40002168e7000300a01500000000e7ff0010c6
:10cc500025100400e5ff0010c0ff023ce8ffbd27df
:10cc60001000b0af1400bfaf00a0023c3c01468ce6
:10cc7000212800000100c3300500601021808000e1
:10cc80002b75400f000000000600400400a0043c8b
:10cc9000212000021400bf8f1000b08fad72400b36
:10cca0001800bd2721000524480585ac1400bf8f5e
:10ccb000212000021000b08fad72400b1800bd277c
:10ccc0000080013c2628a100c24d0400ff0029314c
:10ccd000c25d0500ff006b310080073c004204008c
:10cce000254007010052050025504701ffff2d2573
:10ccf000fe00a12d6100201000000000ffff6d2547
:10cd0000fe00a12d770020100000000023602b0101
:10cd10000d00800500000000200081290300201480
:10cd2000000000001500001002000a2425300a004f
:10cd300006508a0104688a011000a6110000000054
:10cd40000e00001002004a3525480b0023600c003d
:10cd500020008129030020140000000007000010bb
:10cd60000200082425300800064088010468880174
:10cd70000200a611000000000200083524608700b0
:10cd8000266885011000a0050000000021400a016e
:10cd90002b680a011700a0110000000001000d31ee
:10cda0000200a01100000000020008354240080007
:10cdb00001002925ff0001240e00211500000000bc
:10cdc0000c000010000008242b680a010400a011c8
:10cdd00023400a0123400800030000102660870159
:10cde0005000001100000000203006712348260189
:10cdf0000440c8000e002019000000008000082533
:10ce000080000d2d21482d01026a08000100ad317e
:10ce100023400d014040080042420800c06d090057
:10ce200025400d0125100c010800e0030000000062
:10ce3000010006242330c9002000c12c3900201035
:10ce4000000000000080013c2540010120000d246d
:10ce50002368a6010448a801020020110640c8006a
:10ce6000010008350000092480000d25e3ffa1051d
:10ce700000000000e1ff0010010009240e00201551
:10ce80000000000021400801050000110000000022
:10ce900020600c7123482c0198ff00100440880189
:10cea000ff0001240f006111000000000080013c20
:10ceb0001800a11400000000216808011b00a01543
:10cec00000000000ff0001241400611500000000b4
:10ced000266885001500a005000000000d00001068
:10cee00000000000080060150000000021504a0109
:10cef0000a0040110000000020604c7123586c01b2
:10cf000082ff001004508a0121684a010700a01521
:10cf100000000000c4ff001025100500c2ff001033
:10cf200025100400c0ff001000000224beff001006
:10cf3000c0ff023cc23d0400ff00e730c24d0500c7
:10cf4000ff00293100800a3c003204002530ca006d
:10cf50000042050025400a012660850024504c014e
:10cf6000ffffec24fe00812d2100201000000000b6
:10cf7000ffff2c25fe00812d360020100000000050
:10cf80001900c800125800000200601110300000a3
:10cf90000100c6340300c004000000004030060059
:10cfa000ffffe72482ff2c252138ec00ffffec2453
:10cfb000fe00812d3a002010000000008000c624f1
:10cfc0008000cc2c2138ec000262060001008c317c
:10cfd0002330cc004030060042320600c065070016
:10cfe0002530cc002510ca000800e0030000000036
:10cff0000d00e014000000002130c6000500c01044
:10d00000000000002058cb702338eb00d8ff001040
:10d0100004306601ff0001241f0021110000000000
:10d0200015000010000000002160c6001a008015e5
:10d03000000000000400201500000000216008012d
:10d040001500801100000000ff0001240f002115d1
:10d05000000000000a002015000000002140080127
:10d06000050000110000000020580b7123482b011f
:10d07000c3ff001004406801dbff001025100a0008
:10d08000216008010400801500000000807f013c41
:10d09000d5ff001025104101d3ff0010c0ff023c56
:10d0a000faffe01c0000000001000b242358670178
:10d0b0002000612df0ff20100000000020000c2453
:10d0c00023608b01043886010200e01006306601ff
:10d0d0000200c634000007248000cc24b7ff81057d
:10d0e00000000000b5ff00100100072400800b3c89
:10d0f000c2450400ff000831c2550500ff004a3157
:10d10000003a04002538eb00004a050025482b01b1
:10d110002670850024586e01ffff0e25fe00c12dec
:10d120003f00201000000000ffff4e25fe00c12d33
:10d1300053002010000000002b08e9000300201419
:10d140000000000042380700010008258263090042
:10d15000f40180011b00ec001220000010300000e0
:10d16000ff3f2d311900a401122800008033060072
:10d170002b70c5000400c0112330c500ffff8424bc
:10d180002130c9002b70c900f40180011b00cc00c4
:10d1900012380000103000001900a701122800000a
:10d1a000803306002b70c5000400c0112330c50079
:10d1b000ffffe7242130c9002b70c90080730400f1
:10d1c0002138ee000200c010003907000100e734ea
:10d1d0007e000e242370ca0121400e01ffff0e25a0
:10d1e000fe00c12d34002010000000008000e72464
:10d1f0008000ee2c21400e01027207000100ce31aa
:10d200002338ee0040380700423a0700c075080096
:10d210002538ee002510eb000800e00300000000b8
:10d2200008000015000000002138e7000500e010ac
:10d23000000000002060ec7023400c01baff0010d9
:10d2400004388701040048150000000021702901fe
:10d250002f00c01100000000ff0001240800411150
:10d260000000000012000011000000002170e70023
:10d270002700c01500000000220000100000000080
:10d280000800401500000000214829011d00201160
:10d290000000000020602c7123504c01a6ff0010fc
:10d2a00004488901217029011900c01500000000ff
:10d2b000d9ff001025100b001200001d0000000017
:10d2c00001000c24236088012000812df8ff20102c
:10d2d0000000000020000e242370cc010440c70190
:10d2e00002000011063887010200e734000008241c
:10d2f0008000ee24bdffc10500000000bbff001050
:10d3000001000824807f013cc3ff0010251061014b
:10d31000c1ff0010c0ff023c0080013c12008010e1
:10d32000243081000200810400000000232004005a
:10d330009e000524203887702328a7000420e400dd
:10d34000800084248000882c2128a8000342040047
:10d3500001000831232088004020040042220400fc
:10d36000c045050025208800251086000800e00340
:10d37000000000000f008010000000009e00062446
:10d38000202885702330c5000420a4008000842458
:10d390008000872c2130c700023a04000100e730ea
:10d3a000232087004020040042220400c03d0600e4
:10d3b00025208700251004000800e003000000007d
:10d3c000002a04000080013c2528a100c23d040081
:10d3d000ff00e7309e0006242330c7000c00c01871
:10d3e000000000002000c1280300201400000000fd
:10d3f0000500001000000224020081040628c50078
:10d4000023280500251005000800e00300000000a7
:10d41000807f013c010021342b088100030020148f
:10d4200000000000f8ff00100080023cff7f023c7b
:10d43000f5ff0010ffff4234002a04000080013c89
:10d440002528a100c23d0400ff00e7309e0006240d
:10d450002330c7000c00c004000000002000c128d9
:10d46000030020140000000005000010000002244a
:10d47000020081040628c5002328050025100500a8
:10d480000800e00300000000807f013c010021341f
:10d490002b0881000300201400000000f8ff00109a
:10d4a0000080023cf6ff0010ffff0224feff08246c
:10d4b00040300400403805002548c7001b002011fb
:10d4c0000000000000ff013c010021342b08c100d6
:10d4d000190020100000000000ff013c0100213471
:10d4e0002b08e1001400201000000000020081045d
:10d4f00042300600233006000200a1044238070033
:10d50000233807002a08c70003002010000000008d
:10d5100007000010ffff02242a08e6000300201085
:10d52000000000000200001001000224000002249c
:10d530000800e00300000000fdff001025100800b7
:10d5400040100400421002000800e0030000000048
:10d550000080013c261081000800e003000000006c
:10d560004030040000ff013c010021342b08c100c1
:10d5700003002014000000000a0000100100022433
:10d580004030050000ff013c010021342b08c100a0
:10d59000030020140000000002000010010002241b
:10d5a000000002240800e00300000000e0ffbd27a7
:10d5b0001800b2af1c00bfaf1400b1af1000b0af85
:10d5c00000a0023c3c01468c212800000100c33031
:10d5d00029006010219080002b75400ff8ff113c4e
:10d5e000212040021700400421800000c178400f34
:10d5f000000000005871400f212040002120400011
:10d600002128600021804000307f400f2188600089
:10d6100021200002100040102128200222000824ae
:10d6200000a0073c8171400f4805e8ac1c00bf8f8b
:10d630001800b28f1400b18f1000b08f0800e00303
:10d640002000bd272100052400a0043c480585ac2e
:10d6500021200002212820028171400f00000000db
:10d660001c00bf8f1800b28f1400b18f1000b08f54
:10d670000800e0032000bd271c00bf8f1800b28ff8
:10d680001400b18f1000b08fc178400b2000bd276f
:10d69000e0ffbd271800b2af1c00bfaf1400b1af50
:10d6a0001000b0af00a0023c3c01468c21280000d5
:10d6b0000100c33029006010219080002b75400fbd
:10d6c000f8ff113c21204002170040042180000097
:10d6d000f178400f000000005871400f21204000f9
:10d6e000212040002128600021804000307f400f31
:10d6f0002188600021200002100040102128200213
:10d700002200082400a0073c8171400f4805e8acc6
:10d710001c00bf8f1800b28f1400b18f1000b08fa3
:10d720000800e0032000bd272100052400a0043ce0
:10d73000480585ac21200002212820028171400f7c
:10d74000000000001c00bf8f1800b28f1400b18fc2
:10d750001000b08f0800e0032000bd271c00bf8f21
:10d760001800b28f1400b18f1000b08ff178400b09
:10d770002000bd27f8ffbd270000bfafd276400fc5
:10d780000400a4af256018002558030025500200ae
:10d79000030061050400a48f5d00001025100a003d
:10d7a00080770c0026208e000080013c2420810020
:10d7b00019004a01102800007e0006242330cb0007
:10d7c000403006002000c12c0200201400000000a0
:10d7d000000005340628c50000a00d3c0001ad2561
:10d7e0000000a78d0400ad251900a7001038000027
:10d7f0000000a68d0400ad25fbffc1042138e60022
:10d8000002006b25233807000300e004000000003d
:10d8100040380700ffff6b25ffff8e250200ce3149
:10d820001900c0110000000042500a000244070025
:10d83000f40100011b0048011228000010480000fc
:10d84000ffffe6301900c50012500000004c09002f
:10d850002b702a010600c01123482a01ffffa524ce
:10d86000214827012b082701fcff201000000000a1
:10d87000f40100011b0028011240000000540500c3
:10d880001a00001021504801fe000e242358cb013d
:10d890004238070002440a00f40100011b00e800be
:10d8a0001228000010480000ffff46311900c50093
:10d8b00012380000004c09002b7027010600c0112f
:10d8c00023482701ffffa52421482a012b082a010c
:10d8d000fcff201000000000f40100011b002801e3
:10d8e0001240000000540500215048010300401977
:10d8f0000000000040500a00ffff6b2540500a0066
:10d9000042520a00c0750b0025504e0125108a00b6
:10d910000000bf8f0800e0030800bd27f8ffbd2707
:10d920000000bfafd276400f0400a4af255018000e
:10d930002548030025400200030021050400a48fb0
:10d940003800001025100800020044258220040041
:10d95000c027040019000801103800007e000524cb
:10d960002328a900402805002000a12c0200201433
:10d9700000000000000007340638a700ffff4c2518
:10d9800002008c310d0080110000000000a00b3c53
:10d9900028016b250000688d04006b251900e80044
:10d9a000104000000000668d04006b25fbffc104e1
:10d9b0002340c800120000107f00092400a00b3c87
:10d9c00018016b250000658d04006b251900e5002a
:10d9d000102800000000668d04006b25fbffc104c9
:10d9e0002328c5000300a0180000000040280500ff
:10d9f000ffff29250100292519000501104000001d
:10da0000030000190000000040400800ffff292526
:10da10004040080042420800c065090025400c0152
:10da2000251004010000bf8f0800e0030800bd2797
:10da3000f8ffbd270000bfafd276400f0400a4afaf
:10da40002550180025480300254002000300210549
:10da50000400a48f390000102510080040670a0058
:10da600026208c000080013c242081001900080140
:10da7000103800007e0005242328a9004028050056
:10da80002000a12c02002014000000000000073438
:10da90000638a700ffff4c2502008c3113008011cf
:10daa0000000000000a00b3c18016b250000658df4
:10dab00004006b251900e500102800000000668da9
:10dac00004006b25fbffc1042328c5000300a01838
:10dad0000000000040280500ffff2925010029253e
:10dae000190005010c0000101040000000a00b3cc4
:10daf00028016b250000688d04006b251900e800e3
:10db0000104000000000668d04006b25fbffc1047f
:10db10002340c8007f000924030000190000000012
:10db200040400800ffff292540400800424208000d
:10db3000c065090025400c01251004010000bf8fbd
:10db40000800e0030800bd27c2350400ff00c6300e
:10db5000002a04000080013c2528a10000000724c1
:10db600082ffc824320000050000000020000129c7
:10db70003400201000000000822805000000092465
:10db8000b4100b3c1a616b3587640a3c51ed4a3581
:10db9000403807000100e7242a60200121482901bc
:10dba0002128a5002128ac002b602b0123482b0144
:10dbb0002b68ac002328ac002b60aa0025608d01e7
:10dbc000060080112328aa00ffffe72421482b012b
:10dbd0002b602b012128aa002128ac00ffff08257b
:10dbe000ebff0105000000000100ec300700801190
:10dbf000000000002b6069012358690123504c018b
:10dc00002350450125480b0025280a007f000624e3
:10dc10000700a004000000002a602001214829011b
:10dc20002128a5002128ac00f9ff0010ffffc62421
:10dc3000251005002518060025c007000800e00390
:10dc400000000000ffff0624f9ff0010c0ff053ca4
:10dc5000d0ffbd270000bfafc2550400ff004a310e
:10dc6000c26d0500ff00ad310080083c004a040091
:10dc70002548280100620500256088012470a8005d
:10dc800024208800ffff4f25fe00e12db200201068
:10dc900000000000ffffaf25fe00e12dcc002010aa
:10dca000000000001000801082ffa725d500e018ba
:10dcb000000000002000e12c030020140000000000
:10dcc00009000010000004240478ec00cd00e015e9
:10dcd00000000000ffffe22404784c000200e01581
:10dce00000000000000004240c00e12c04002010bf
:10dcf000000000000478ec005400e0110000000077
:10dd00000400a4af0800a5af1000a7af1400a8af8f
:10dd10002400acaf2800adaf2c00aeaf2520090029
:10dd200025280a001578400f25300b0025581800cb
:10dd300025500300254802002c00ae8f2800ad8f2f
:10dd40002400ac8f1400a88f1000a78f0800a58fa7
:10dd50000400a48f82ff4f252168af012670cb01fc
:10dd600019002c011230000010600000060080191c
:10dd7000000000002a78c0002130c60021608c011c
:10dd800021608f01ffffad252a78c0002130c60039
:10dd900021608f010400a4af0800a5af0c00a6af5e
:10dda0001000a7af1400a8af2400acaf2800adaf9f
:10ddb0002c00aeaf25200c0025280d002c79400f3b
:10ddc00025300e0025581800255003002548020074
:10ddd0002c00ae8f2800ad8f2400ac8f1400a88fcc
:10dde0001000a78f0c00a68f0800a58f0400a48f39
:10ddf000ffff4f25fe00e12d0c0020140000000065
:10de00007d00401d00000000090006242330ca00e8
:10de10002000c12c02002014000000000000093482
:10de20000648c90006000010251089004048090076
:10de3000424a0900c07d0a0025482f0125108900ab
:10de40000000bf8f0800e0033000bd2720000f2432
:10de50002378e7010640ec012560090025680a00e7
:10de600001000f310300e015000000000080093cb4
:10de70007f000a2442400800160000110000000044
:10de800040680d0082ffad2519008c011060000074
:10de9000030080190000000040600c00ffffad256a
:10dea00001000f310900e0110000000082ffaf25e2
:10deb00021504f0119002c011048000003002019c7
:10dec0000000000040480900ffff4a25eaff00105b
:10ded00042400800c6ffc0110000000000400c3c9a
:10dee000fe000f242350ea0125400900026c0800bf
:10def000f401a0011b008d01123000001060000031
:10df0000ffff07311900e6001270000000640c00ea
:10df10002b788e010600e01123608e01ffffc624de
:10df2000216088012b088801fcff20100000000000
:10df3000f401a0011b008d0112480000007c0600c6
:10df400021482f01aaff20190000000040480900c5
:10df5000a7ff0010ffff4a25080040150000000041
:10df60002148290105002011000000002030267101
:10df70002350460147ff00100448c9002178a5003e
:10df80002000e01100000000080040150000000023
:10df9000ff0001241b00a111000000001600a004d6
:10dfa0000000000019000010000000002178290185
:10dfb0001400e015000000007f00a12d35ff2010a7
:10dfc000000000007f000d2432ff0010ffff0c2432
:10dfd0000500a01521608c010e00801100000000da
:10dfe0000c008010000000000600801500000000fa
:10dff0000a00001000000000807f013c90ff00102c
:10e00000251081008eff0010c0ff023c8cff001025
:10e01000251004008aff0010803f023cf9ff8014a5
:10e02000000000000600a104000000007f0041295c
:10e03000f6ff201000000000efff001000000000bd
:10e040007f004129ecff201000000000efff0010ce
:10e0500000000000c23e04001e00e73000f0013c5a
:10e06000244081007f00a128080020140000000047
:10e070000000062481ffad2421580401ff0f013c5c
:10e08000ffff213409000010242081000080063c9d
:10e090007e000d242368a501f2ffe7240010013c57
:10e0a00021400101215804012320040142580b00a2
:10e0b0000080013c255861017f00052420408870c4
:10e0c0002328a800042004012b088b00030020143f
:10e0d00000000000422004000100a52402640b009f
:10e0e000f40180011b008c00124000001020000091
:10e0f000ffff6931190028011250000000240400bc
:10e10000427c0b0025208f002b788a000600e0114e
:10e1100023208a00ffff082521208b002b088b007d
:10e12000fcff201000000000f40180011b008c00a7
:10e13000122000001060000019002401125000009d
:10e1400000640c002b788a010600e01123608a012c
:10e15000ffff842421608b012b088b01fcff201022
:10e1600000000000007c080021208f0019008400be
:10e17000105800008000082423400501404008009a
:10e180002000012d020020140000000000000b34cc
:10e1900006580b0100a00e3c4001ce250000ca8da0
:10e1a0000400ce2519006a01105000000000c98d3e
:10e1b0000400ce25215049010040013c2b082101db
:10e1c000f8ff20140000000019008a00124000002f
:10e1d0001020000006008018000000002a780001ce
:10e1e000214008012120840021208f00ffffa52469
:10e1f00000a00f3c4c01ef250100e224801002003a
:10e200002178e2010000e88d1500001100000000f7
:10e21000234805012000212d0200201400000000e9
:10e2200000000434062024012528080000a00f3c2b
:10e230004c01ef25801007002178e2010000e88df5
:10e24000212088002b7888000500e01100000000e4
:10e25000422004000080013c252081000100a5240b
:10e260002000a011000000009e000c242040a87196
:10e270002360880104680d0172b10b3cf8176b35ff
:10e2800019006d01124000001058000006006019ce
:10e29000000000002a7800012140080121586b018c
:10e2a00021586f01ffff8c25234085012000012d9f
:10e2b00002002014000000000000043406200401c5
:10e2c00021208b002b788b000500e011000000005e
:10e2d000422004000080013c2520810001008c25a3
:10e2e00025280c0002008014000000000000052416
:10e2f000251004002518050025c006000800e003cd
:10e3000000000000f8ffbd270000bfafc2350400c9
:10e31000002a04000080013c2528a100ffffc92439
:10e32000fe00212d12002010000000000400a4af08
:10e3300025200500252806001578400f2530070008
:10e340002538180025300300252802000400a48f7a
:10e3500040280500422a0500c04d06002528a900d6
:10e360002510a7000000bf8f0800e0030800bd27ac
:10e370004048040011002011000000000d0080043e
:10e38000000000000600c014000000002128a500c5
:10e390002040a8702330c800e4ff001004280501c5
:10e3a0002148a5000300201500000000edff00102b
:10e3b000807f023cebff0010c0ff023ce9ff001031
:10e3c00080ff023cf8ffbd270000bfafc23504004c
:10e3d000002a04000080013c2528a100ffffc92479
:10e3e000fe00212d1d002010000000000400a4af3d
:10e3f00025200500252806001578400f2530070048
:10e400002538180025300300252802000400a48fb9
:10e41000ffffc6240d00c004000000005bde083cc6
:10e42000a9d808351900a800102800000300a0187a
:10e430000000000040280500ffffc624402805001a
:10e44000422a0500c04d06002528a9002510a70076
:10e450000000bf8f0800e0030800bd27404804000b
:10e4600011002011000000000d00800400000000d9
:10e470000600c014000000002128a5002040a8705c
:10e480002330c800d9ff0010042805012148a50049
:10e490000300201500000000edff0010807f023c0b
:10e4a000ebff0010c0ff023ce9ff001080ff023cc0
:10e4b000c337060025400600aab80a3c293b4a3566
:10e4c00019004401125000001058000006006019a5
:10e4d000000000002a68400121504a0121586b01c8
:10e4e00021586d01ffffa5240000072483ffa52408
:10e4f0000800a12c0a002014000000002f00a01c1e
:10e5000000000000235005002000412d02002014cf
:10e510000000000000000b340700001006584b01fb
:10e520000500a0100000000020000d242368a501b4
:10e530000638ab010458ab0005006105000000007f
:10e5400023580b00ffff0124264001010100e724ae
:10e550002628e6002328a6007f00a52400a00c3c66
:10e56000cc018c250000848d04008c250500092435
:10e570001900640110200000262088002320880054
:10e580000000878d04008c2521208700ffff2925ae
:10e59000f7ff2105000000000300800400000000d8
:10e5a00040200400ffffa5242510040025180500c5
:10e5b00025c006000800e003000000000080043cc5
:10e5c000f9ff0010ffff0539f8ffbd270000bfafbe
:10e5d000c2350400ff00c630002a04000080013c60
:10e5e0002528a10025380400ffffc924fe00212da5
:10e5f00015002010000000000400a4af2520050035
:10e60000252806002c79400f2530070025381800f2
:10e6100025300300252802000400a48fffffc92431
:10e62000fe00212d15002010000000004010050004
:10e6300042120200c04d0600251049000000bf8fa5
:10e640000800e0030800bd270300c014000000001c
:10e65000faff0010803f023c4048050003002011f3
:10e6600000000000f5ff0010c0ff023c0300810421
:10e6700000000000f1ff0010000002240a008104e5
:10e680000000000009000824234006012000012d9d
:10e6900002002014000000000000053406280501d7
:10e6a000e6ff001025100500e4ff0010807f023c0b
:10e6b000d8ffbd271c00b3af1800b2af2000bfaf1a
:10e6c0001400b1af1000b0af029d023c8866508cc0
:10e6d0008c66518c2130000221382002219080006c
:10e6e0009f7a400f2198a00021204002212860023b
:10e6f000213000021000400421382002256e400f16
:10e700000000000021286000d97b400f212040003c
:10e71000029d063cf464c58c2000bf8f1c00b38fa3
:10e720001800b28f1400b18f1000b08f251865004b
:10e730000800e0032800bd272000bf8f1c00b38f16
:10e740001800b28f1400b18f1000b08fd97b400b2e
:10e750002800bd2725108500213000001000401042
:10e76000213800000100a32c01008838213000006e
:10e77000ffff07240a3068000000ac282100871042
:10e78000211800002550c300080040510a008e38af
:10e79000c0320c00ff03c534003d050021300000ed
:10e7a0002110c0000800e0032118e0002130000023
:10e7b0000100ad2cf6ff0b240a30ae0114008b10c3
:10e7c0002118000025c0c300140000532130800030
:10e7d000c04a0c00029d023c0204283594664c8c11
:10e7e0002138000000cd08002120e00025282c035e
:10e7f000213080002138a0002110c0000800e00373
:10e800002118e00027480500deff00100100232d3d
:10e8100027780500ebff00100100e32d08008011b0
:10e820002138a0005a00801400800a3c5800aa1425
:10e8300000000000029d043cf064868cf464878c28
:10e84000022807000300a0142018a3702058cb70e2
:10e850002000632508000d242340a3015200001965
:10e86000232808002000ae302148c00027180001ee
:10e8700006500601041867000658070140180300f7
:10e8800025504301200003310b5063010b58030056
:10e890003b00c0110420a6002b10040021c0000082
:10e8a000253042012538780136040a252148e00048
:10e8b0004c0040192140c00007000e311500c01166
:10e8c00040370900c000057d0300ab24211800007b
:10e8d00021400b01029d073c2b200b012148230105
:10e8e0009c66e28c214824012178000024c8220182
:10e8f0002530f9010700c01040370900c06f09003a
:10e900004240080025400d014248090001004a2507
:10e9100040370900c2700800ff0758292540c6018a
:10e920004c000013c2480900029d033cac66648c95
:10e93000211000002438240125c847000700205377
:10e940002150000021680001029d083ca466058d4d
:10e950002140a0012458250121486001c07a0c0003
:10e960002530ea0100c50600217000002520c801fd
:10e9700025280903213080009fff00102138a000c6
:10e98000027807000430af00c3ff001025202601e5
:10e9900023300400233805002b1006002338e20042
:10e9a000a8ff001002280700c0ff010536040a2551
:10e9b00023480800271820010428270106186600ac
:10e9c00004202601421803002528a300200023313b
:10e9d0000b2883000b20030021308000b3ff0010c0
:10e9e0002138a0000100032423306a003800c72822
:10e9f0001f00e05001000824232806002000a43056
:10ea00002718c0000670c800041869000678c900fd
:10ea1000401803002570c3012000c3300b70e301d0
:10ea20000b78030021380001040080140418a800aa
:10ea3000025809000440ab002518e8002bc0030071
:10ea4000212800002540d8012548e5019aff001043
:10ea500021504601c07a0c00ff07ea35002d0a005c
:10ea6000212000002130800063ff00102138a00029
:10ea70002148000090ff00102150460121508000e5
:10ea80002158a0002140c0001c00a0042148e00043
:10ea900012002005029d053c0c00481100000000fa
:10eaa0002a302b010700c014000000000300695148
:10eab0002b380a010800e003ffff0224fdffe010ed
:10eac000000000000800e00301000224f4ff6915c3
:10ead000211000000800e0030000000023300800bf
:10eae000233809002b1006002338e200f464a28cbe
:10eaf0002140c000e8ff00102648e200029d043ccf
:10eb0000f464838c23300a0023380b002b1006009a
:10eb10002338e2002150c000ddff00102658e3003a
:10eb2000b8ffbd274800a4af4000beaf3400b5af6a
:10eb30003000b4af2c00b3af4400bfaf3c00b7af60
:10eb40003800b6af2800b2af2400b1af2000b0af9c
:10eb500000008880029d063c0160c424211004014d
:10eb6000000047804800b38f8800e3304c00a5af19
:10eb70001000a0af1400a0af21f000001800a0af5b
:10eb800021a000000800601021a8000001007326e9
:10eb9000000068822150040100004981880025316d
:10eba000fbffa054010073262d000424d40004119f
:10ebb0002b000c24d7000c51010073260160d724d0
:10ebc000217017010000cd910400a6311b00c01078
:10ebd00001000f24029d163c1800afaf0065c68ee1
:10ebe0000465c78ed0ff12252128a002306f400f88
:10ebf000212080022120400221a840002771400fdf
:10ec000021a06000213040002120a00221288002a4
:10ec100021386000276e400f0100732600006882d3
:10ec200025f0d203219017010000519221a040004d
:10ec300004003032e9ff001621a860002e001624df
:10ec40008a001651010073261800a48f2800801036
:10ec50004c00a48f4500063965000d390100ab2d2d
:10ec60000100cc2c25406c01210000114c00a48f28
:10ec700001007326000064822d000e24212800006c
:10ec8000af008e10213800002b000f24a3008f50fe
:10ec90000100732621c09700000016930400d732ac
:10eca0000d00e012029d193c0160262780900500ae
:10ecb0002150450240280a00010073262148a40083
:10ecc00000006482211886000000629004005f301a
:10ecd000f6ffe017d0ff25251400b18f2380050033
:10ece0000b280702213825021400a7af4c00a48f7f
:10ecf000050080104800ab8f1800ac8f4c00a88f27
:10ed00000a986c01000013ad1400a28f2800401077
:10ed1000029d1f3cc39f0200029d0f3c26705300c2
:10ed2000029d0d3cf864e68dfc64e78d2390d301d1
:10ed300021b04000a866b325030000100900032499
:10ed40001000001221180002ffff702407c01202f9
:10ed5000c0c8030001001733214033032120c00045
:10ed6000f7ffe0122128e0000000068d306f400f11
:10ed70000400078d2138600021304000f2ff0016aa
:10ed8000211800026a00c00621208002306f400f67
:10ed90002128a0022120400021286000187c400f7b
:10eda0002130c00221a0400021a86000029d1f3c2c
:10edb000fc66f68f040080162438b602f07f023c11
:10edc0005800e21022000324259095020100452ef0
:10edd0002b501e002448aa005d0020552200152457
:10ede0001000a78f0e00e014211080022118a0024d
:10edf0004400bf8f4000be8f3c00b78f3800b68ff5
:10ee00003400b58f3000b48f2c00b38f2800b28f40
:10ee10002400b18f2000b08f0800e0034800bd2718
:10ee2000212080024b72400f2128a00221a0400027
:10ee300021a86000211080022118a0024400bf8f89
:10ee40004000be8f3c00b78f3800b68f3400b58fbe
:10ee50003000b48f2c00b38f2800b28f2400b18f04
:10ee60002000b08f0800e0034800bd270000688242
:10ee700021f817010000f9930400383372ff0013e2
:10ee8000029d163c010003241800a3af0065c68e46
:10ee90000465c78ed0ff12252128a002306f400fd5
:10eea0002120800221204002218040002771400f54
:10eeb00021886000213860002128200221200002e2
:10eec00021304000276e400f010073260000688249
:10eed0001400a98f2150170121a040000000429189
:10eee000ffff25250400473021a8600025f0d2034c
:10eef000e6ffe0141400a5af57ff001045000639e7
:10ef0000010073260000688201000b242bff001013
:10ef10001000abaf29ff0010000068825dff0010f9
:10ef20000000648200a01e3cadff00104805c3af86
:10ef3000fa6f400f2128a00297ff00102120400007
:10ef4000010073260000648252ff001001000724b4
:10ef500000a0143c480595ae21a00000a0ff0010c1
:10ef600021a800000055aa7cffff4325fe07622c64
:10ef70000098a97c31004010c007ab7c029d053c85
:10ef800001fc4725ac66a88c3f00e6283000c01085
:10ef900025282801211000001800e0042118000095
:10efa0003500e928170020553400ea28cdfb4c2510
:10efb0002718800104388501061864000430840194
:10efc000421803002538e300200083310b38c300ca
:10efd0000b3003002120c0002128e0000600605112
:10efe0002110800023200400232805002b1004009a
:10eff0002328a200211080002118a0000800e003af
:10f0000000000000f5ff401134000e242368c70102
:10f010002718a0010630a401041865000638a501d0
:10f02000401803002530c3002000a3310b30e3005b
:10f030000b380300e8ff00102120c0000500401538
:10f04000029d043c211000000800e003211800008c
:10f05000029d043cf464838c0800e003f064828c1d
:10f060000055a77cffffe324fe07622c21408000af
:10f070002150c000c007ab7c3f0040100098a97c25
:10f08000029d043cac66858c01fce42425302501fe
:10f090002148c00021788a00c04809004257080072
:10f0a000ff03e72525482a014100e018c040080079
:10f0b000070006311d00c014c000057d406709002f
:10f0c000c2300800ff07e4282540cc003100801042
:10f0d000c2480900029d033cac66798c217800008f
:10f0e00024c039012550f8010700405121380000a3
:10f0f00021100001029d083ca466058d21404000be
:10f10000247025012148c001c06a0b002520a701f9
:10f110000035040021600000252088012528c90051
:10f12000211080000800e0032118a0000300a224a1
:10f130002118000021400201029d183c2bc8020149
:10f14000214823019c660f8f214839012168000066
:10f1500024502f012560aa01d9ff801140670900c2
:10f16000c07709004240080025400e0142480900ce
:10f17000d2ff00100100e7240400e01421108000f9
:10f18000253889002900e014026809000800e0031e
:10f190002118a000c06a0b00ff07a735002d07004b
:10f1a00021200000211080000800e0032118a000a9
:10f1b00001001924233027033800d82818000053f1
:10f1c00001000824232806002000a2302718c000d0
:10f1d0000660c800041869000668c90040180300ea
:10f1e000256083012000c3300b60a3010b6803007e
:10f1f00021500001040040140418a800021809005e
:10f200000440a300251848012b20030021280000fa
:10f21000254084012548a501a5ff00102138e600fe
:10f2200021480000a2ff00102138e60002fc04245f
:10f230000300a0152018a37120700e712000c325b3
:10f24000f5ff632494ff601021788a002710600086
:10f2500004386900061048000430680042100200bb
:10f260002538e200200062300b38c2000b3002006b
:10f27000232083002140c00086ff00102148e000c9
:10f280000800e00300480240e8ffbd271000bfafc0
:10f29000c87c400f0000000088bf043c0030838c15
:10f2a0000003627c0800401499aa0f3c0010062459
:10f2b00088bf053c0830a6ac0030888cc002077db2
:10f2c000fdffe01499aa0f3c66550d3c81bf0b3c35
:10f2d0005566ee35aa99ac3501000a2481bf093c78
:10f2e00030f260ad81bf043c30f26ead30f26cadf7
:10f2f00018f62aad10f6828cffff00100000000007
:10f30000f8ff0324008005402420a300030082347a
:10f310000800e003008082400800e00320606241b2
:10f320000800e003006062410100843003008010a7
:10f33000000000000800e003206060410800e003d6
:10f3400000606041e8ffbd271000bfaf00680540c6
:10f350008000063c2520a60000688440001003249d
:10f3600088bf023cc67c400f081043ac1000bf8f22
:10f370000800e0031800bd27404804002140240194
:10f38000029d073c802808000067e6242118a6009b
:10f390000800648c0000628c040044ac0800e003a8
:10f3a000000000004050040021484401029d083c38
:10f3b00080300900006707252118c7000000648c11
:10f3c0000800658c0000828c0800e00324104500d2
:10f3d000403804002130e400029d043c80180600ff
:10f3e000006782240600a010211062000800488ceb
:10f3f0000400458c0800a8ac0800e00300000000f1
:10f4000008004a8c0400498c04002aad0800e0037f
:10f4100000000000029d0a3c804004001c6c49254d
:10f42000213809010000e38cffff063cff7fc43454
:10f430002428a4002000648c40000224140062ac44
:10f44000000065ac0800e00300000000029d063cdf
:10f45000801804001c6cc224212062000500a0104a
:10f460000000848c00800534080085ac0800e003af
:10f470000000000000800734040087ac0800e003af
:10f4800000000000ff1f063cffffc534e8ffbd275a
:10f490002418850081bf023c044004241000bfaf43
:10f4a00020f443ac2e7d400f000000001000bf8f01
:10f4b0000800e0031800bd27e8ffbd271000b0af2b
:10f4c0001400bfafc87c400f2180800088bf063c7d
:10f4d000214040000030c28c0003477c0800e0144b
:10f4e00099aa183c0010032488bf043c083083ac60
:10f4f0000030c98cc002257dfdffa01499aa183cdc
:10f5000066550e3c0040193681bf0c3c81bf103c53
:10f5100055660f37aa99cd3500800b3481bf0a3c60
:10f5200000f419ae10f48fad10f48dad08f44badae
:10f5300000f4028e00805f30fdffe01700400324de
:10f5400081bf043c04f483ac1300e01000100d24d0
:10f550000030c58c0003a77c0700e01400100a24cb
:10f5600088bf093c08302aad0030cc8cc0028b7dae
:10f57000fdff601500000000ca7c400f2120000143
:10f5800000f4088e1400bf8f1000b08f00300231dd
:10f590000800e0031800bd2788bf063c21200001b9
:10f5a0000430cdacca7c400f0000000000f4088e8f
:10f5b0001400bf8f1000b08f003002310800e0034c
:10f5c0001800bd27ff1f083cffff0735e8ffbd27d8
:10f5d0002430870081bf023c81bf033c01400424ea
:10f5e0001000bfaf20f446ac30f465ac2e7d400f68
:10f5f000000000001000bf8f0800e0031800bd27c6
:10f60000d8ffbd2740580400029d093c21506401e9
:10f610001800b2af306c288d610092242000b4af86
:10f620001400b1af80390a002188800021a0a00019
:10f6300021204002212800001c00b3af1000b0af11
:10f640002400bfaf2180e800f47c400f2198c00067
:10f65000400004240080033488bf023c180004ae3c
:10f66000083043ac100006928001c57cfdffa01459
:10f6700088bf0e3c3030cd8d0010ac7d160091114e
:10f6800038001924ffff1824140019ae212040026d
:10f69000240018aede7c400f000000001900600658
:10f6a000ff7f043cffff833403009f32241063027a
:10f6b0002598e203000013ae2400bf8f2000b48f12
:10f6c0001c00b38f1800b28f1400b18f1000b08fe0
:10f6d0000800e0032800bd274000112488bf0f3c2c
:10f6e000ffff18243430f1ad21204002140019ae80
:10f6f000240018aede7c400f00000000e9ff610628
:10f70000ff7f043cffff833403009f322410630219
:10f710002598e20320001224180012ae2400bf8fa7
:10f72000000013ae2000b48f1c00b38f1800b28ffe
:10f730001400b18f1000b08f0800e0032800bd272f
:10f7400040400400029d033c21380401306c648c6d
:10f75000801107000b00c00421204400ff7f0e3cf5
:10f76000ffffcd350300ab302460cd0020000a241c
:10f7700025286c0114008aac000085ac0800e00369
:10f7800000000000ff7f0e3cffffcd350300ab30d3
:10f790002460cd002000092425286c01180089acc4
:10f7a000000085ac0800e0030000000040380400c1
:10f7b000029d053c2130e400306ca48c80110600d1
:10f7c0002120440080000324040083ac01008990c0
:10f7d000c001287dfdff0015000000000800e003c7
:10f7e0000000000040400400029d073c213004015d
:10f7f000306ce48c802906002110a40080000324d2
:10f80000080043ac0800e00300000000403804009a
:10f81000029d063c2128e400306cc48c8011050058
:10f82000211844008000628c0800e0030000000002
:10f8300040380400029d063c2128e400306cc48c52
:10f8400080110500211844007000628c0800e0035c
:10f850000000000040500400029d093c214044018a
:10f86000306c278dff00043c8031080038ff823463
:10f870002118c7002428a200100065ac0800e0038e
:10f880000000000040500400029d033c2148440158
:10f89000306c648c804109000040023c212004014e
:10f8a0002118a2000400a1042140c200ff1f0c3c4b
:10f8b000ffff8b352418ab00300083ac0300c1047c
:10f8c000ff1f0d3cffffa5352440c500400088ac5c
:10f8d000500087ac1000ae8fff00062460008eac95
:10f8e0001400a78f900087ac240086ac0800e003ca
:10f8f000000000004040040021380401029d063c45
:10f90000346cc32480100700211043000000448c95
:10f910000800438c040085ac040060100000000067
:10f9200004004a8c24484501080069ac0800e00343
:10f93000000000004048040021402401029d073cd3
:10f9400080300800346ce3242110c3000000448c94
:10f95000240085ac0800e0030000000080180400cb
:10f96000029d043c2138a000886c82248000a530d0
:10f970001200a010211862000000688c18000625f3
:10f98000080003250200ea300100e83003004011be
:10f990000400e530001007240000c7ac0200a010ee
:10f9a00000040b240000cbac0200001100800634e0
:10f9b000000066ac0800e003000000000000698c55
:10f9c00014002625efff001004002325029d0a3ca9
:10f9d00080400400886c4925213809010000e68c2c
:10f9e00002240500d83b0224ffffa5300020032499
:10f9f0000400c2ac1400c3ac0800c5ac1800c4ac11
:10fa00000800e00300000000029d083c8030040074
:10fa1000886c07252120c7000000838cc0c00234f9
:10fa2000140062ac180065ac0800e00300000000a0
:10fa3000029d183c80700400886c0f272168cf015c
:10fa40000000a78dc25005000000ec8c4248050064
:10fa500008008b310a484b011b002601f401c0004d
:10fa6000422809001240000001000625421006004d
:10fa70001b00a200f4014000ffff4424ffff83307d
:10fa80004000e3ac0800e00312100000029d083cb7
:10fa900080300400886c07252120c7000000838c7b
:10faa00007000224040062ac080065ac0800e00313
:10fab00000000000029d073c80280400a06ce624a2
:10fac0002120a6000000848c2128000010008390d3
:10fad000c000627c05004014000000001000899006
:10fae0000001287d0c0000510100052410008b90be
:10faf000c0006a7d060040150000000010008e90d6
:10fb000001000c240001cd7d0300ac51010005244f
:10fb10000800e0032110a0000800e0032110a0006d
:10fb2000029d083c80300400a06c07252128c700f6
:10fb30000000a38c11006490c001827c0800e003e7
:10fb400001004238029d073c80300400a06ce22492
:10fb50002120c2000000838c080065ac0800e0038f
:10fb600000000000029d083c80300400a06c0725c6
:10fb70002120c7000000838c01006290c439a27c60
:10fb8000010062a00800e00300000000029d083ca4
:10fb900080300400a06c07252120c7000000838c62
:10fba0001000648c0000658c0300a230030040103c
:10fbb0000400a330f7ff092424208900020060100c
:10fbc000efff0a2424208a000800e00321108000af
:10fbd000029d093c80380400a06c28252120e80003
:10fbe0000000868cff00a5305000c5ac1000c28c10
:10fbf00080044330020002240800e0030a100300de
:10fc00001b00a600f401c000029d0d3c80580400ba
:10fc1000a06cac2521506c012138a0000000458d5e
:10fc20001248000042400900feff06254000a6ac35
:10fc30004000a48c020083241b00e300f401600058
:10fc4000121000000800e00342100200029d093c6f
:10fc500080380400a06c28252130e8000000c38c07
:10fc600001000524080065ac110064908000827cce
:10fc70000800e00340100200029d073c80280400b9
:10fc8000a06ce6242120a6000000838c040002243e
:10fc9000080062ac0800e00300000000029d083c80
:10fca00080300400a06c07252128c7000000a38c29
:10fcb000110064908001827c0800e003010042385a
:10fcc000214080000098a77c0055a47cff070224f7
:10fcd0002530070103008210211800000800e0030e
:10fce000211060000100c32c0800e0032110600017
:10fcf0002a10a7002a40e5000a004014211800003d
:10fd00002b10860007000015020003242b20c400de
:10fd100004004014211800000200032401000524ff
:10fd20000a18a4000800e003211060002118e00078
:10fd30002140a0002138c0003a00601421608000fa
:10fd40002b10a6008c004010000000002030c67070
:10fd5000c200c01423280600023407001b0006015d
:10fd6000f401c000ffffeb3002740c0012480000e9
:10fd700010c000001250000002482b71007c1800d7
:10fd80002528ee012b68a9001b000601f401c00024
:10fd90000900a0512320a9002128a7002b40a7007b
:10fda00004000015ffff4a252bc8a900fc002057be
:10fdb000ffff4a252320a9001b008600f401c00094
:10fdc000ffff833112680000102800001248000075
:10fdd0000258ab7100140500254043002b600b0155
:10fde0001b008600f401c00009008051005c0a007d
:10fdf000214007012b3007010400c014ffffa92593
:10fe00002b700b012b380e0023482701005c0a00e1
:10fe10002520690121300000211080000800e00346
:10fe20002118c0002b58a30021200000faff601504
:10fe300021300000204869708e0020112b108701ae
:10fe400020000d242370a901045023010678c70166
:10fe500025684f0106c8c50102540d001b002a0386
:10fe6000f401400106c0cc0104282501ffffaf3199
:10fe70002570b80004c02c01021c0e0004382701b4
:10fe800012200000105800001260000002408f7025
:10fe9000004c0b00255823012b3068011b002a035e
:10fea000f40140010b00c0502318680121586d0176
:10feb0002b106d0106004014ffff8c242b306801cd
:10fec0000400c01023186801ffff8c2521586d0124
:10fed000231868011b006a00f4014001ffffcb31c9
:10fee00012480000104000001230000002482f713c
:10fef0000024080025408b002bc809011b006a0064
:10ff0000f40140010b002053007c0c0021400d0146
:10ff10002b280d010600a014ffffc6242b70090139
:10ff20000400c011007c0c0021400d01ffffc6241d
:10ff3000007c0c002520e601190087001028000035
:10ff4000231809012b60650009008055ffff8424f8
:10ff5000121000002668a3002b5002030100b82de8
:10ff600024380a03acffe05021300000ffff842456
:10ff7000a9ff0010213000004500c01001000a2434
:10ff80002050ea7049004015200009242328070169
:10ff900001000624024c0700ffffed301b00a90002
:10ffa000f401200102cc0c001250000010180000d7
:10ffb0001258000002504d710024030025409900a2
:10ffc0002b700a011b00a900f40120010900c011d7
:10ffd00023780a01214007012b2807010400a014ff
:10ffe000ffff6b252b100a016b004054ffff6b25b0
:10fff00023780a011b00e901f4012001ffff983179
:020000041d02db
:1000000012c80000104000001250000002602d7362
:10001000007408002540d8012b680c011b00e90181
:10002000f40120010900a011001c0b002140070170
:100030002b48070105002015ffff2a272b380c014c
:100040002b60070023504c01001c0b0025206a0088
:10005000211080000800e0032118c0000620a40041
:100060000418c800254064000460cc003aff00106a
:100070000438c7002b206500010045382550850055
:100080002b200a00211080000800e0032118c00086
:100090001b004601f401c000123800002050ea7035
:1000a000bbff4011232807012000092423782a01df
:1000b0000438470106c8e801024c07001b00290369
:1000c000f40120010670ec0104104801ffffed303f
:1000d00025784e0002240f00123000001028000086
:1000e000127000000240cd70001c0500255864000d
:1000f0002bc068011b002903f40120010a00001332
:1001000004604c01215867012b506701060040151f
:10011000ffffce242bc068010400001323c8680130
:10012000ffffce252158670123c868011b00290362
:10013000f4012001ffffe43112280000104000000c
:10014000123000000250ad70001c08002540640011
:100150002b580a011b002903f40120010b00601138
:1001600000c40e00214007012b10070107004014b6
:10017000ffffa6242b780a010500e0512530060375
:10018000ffffc6242140070100c40e0025300603ee
:1001900082ff001023280a0195ff0010214007016b
:1001a00004ff00102128a700e8ffbd272140e00040
:1001b0001000b2af0c00b1af0800b0af2190a003a7
:1001c0002150c00021588000400000152138a000b7
:1001d0002b10a6005c0040102070ce707900c01576
:1001e00023280e00024c0a001b00e900f401200144
:1001f000ffff4f3102640b0012800000103000003e
:1002000002280f72006c06002530ac012b40c5009f
:100210001b00e900f40120010a0000112318c500a9
:100220002130ca002b38ca000600e0142318c5008c
:100230002bc8c5000000383b2188ca000b303802ab
:100240002318c5001b006900f4012001ffff713174
:1002500012c8000010c0000002582f73007c180064
:100260002540f1012b380b011b006900f40120012e
:100270000a00e01023180b0121400a012b480a0153
:100280000600201523180b012b100b0121200a0159
:1002900000004a380b408a0023180b010660c30196
:1002a000030040122168000000004cae04004dae77
:1002b0000000a28f0400a38f1000b28f0c00b18f3a
:1002c0000800b08f0800e0031800bd272b70a800bd
:1002d0000a00c05120700e711000b28f0c00b18f57
:1002e0000800b08f211080002118a0000000a4afea
:1002f0000400a5af0800e0031800bd273700c015b3
:1003000020000f242b6886000100ac392b3005013a
:100310002528cc000700a0102160600123808a00fe
:100320002388e8002b40900023382802215800023f
:1003300021606001deff40122168e00000004cae49
:10034000dbff001004004dae7e00c0100100092448
:1003500020704e718200c01520000f242330ea0067
:10036000024c0a00ffff4f311b00c900f4012001bd
:1003700002240b00124000001028000002380f7108
:10038000001c0500252864002b10a7001b00c900d5
:10039000f4012001abff40102318a7002128aa0078
:1003a0002b30aa00a7ffc0542318a7002b80a7005a
:1003b00000000d3a2160aa000b288d01a1ff00105a
:1003c0002318a7000620a4000418c70125386400dc
:1003d0000450c60183ff00100458cb0123c0ee0176
:1003e0000448c80106c8060325783901062005031c
:1003f000024c0f001b008900f401200106380b039a
:100400000468c501fffff13125c8a7010480cb01b5
:100410000438ca01021c19001230000010600000ec
:10042000125800000250d170002c0c002540a3008f
:100430002b100a011b008900f40120010b00405021
:1004400023180a0121400f012b100f010600401450
:10045000ffffcb242b200a010400801023180a017f
:10046000ffff6b2521400f0123180a011b006900c3
:10047000f4012001ffff253312500000104000005e
:1004800012300000025051710064080025408501bf
:100490002b880a011b006900f40120010b002012c7
:1004a00000140b0021400f012b680f010700a0155d
:1004b000ffffc6242bc80a0105002013254846006b
:1004c000ffffc62421400f0100140b002548460001
:1004d000190027011030000023400a012b580601a3
:1004e00007006015122800002660c8000100912d49
:1004f0002b180502242023020600801000000000b3
:100500002350a7002b38aa002368cf002330a7016f
:100510002128400166ff40122378050223280601a6
:100520002b400f022380a8000430100306c0cf0127
:100530002560d8000668d00100004cae5cff0010ba
:1005400004004dae1b002601f401c0001250000053
:1005500020704e7182ffc0112330ea0020000f246a
:100560002380ee010450ca0106200702024c0a0053
:100570001b008900f401200106680b020430c7014a
:10058000ffff4f312538cd00021c0700126000002c
:100590001040000002308f71002c08002540a3009d
:1005a0002b1006011b008900f401200105004010fa
:1005b0000458cb0121400a012b880a01190020129e
:1005c0002b100601231806011b006900f40120010d
:1005d000ffffe53012680000106000000238af71c4
:1005e00000440c00253005012b20c7001b006900ca
:1005f000f40120015cff80502330c7002130ca0085
:100600002b80ca0058ff00562330c7002bc8c700f4
:100610000000383b2188ca000b30380252ff00101e
:100620002330c7000000593821c00a01e5ff00103f
:040630000b4019035f
:020000040000fa
:020000041d02db
:1010000063e47d38534c823896e387388eb98f3845
:101010006ed099380b2ba638d8ccb438edb9c5387a
:1010200001f7d8386b89ee38923b03396463103985
:10103000c7bf1e39aa542e394b263f393939513989
:1010400053926439c93679390d9687390b3c9339f7
:1010500070909f397496ac397851ba3905c5c83942
:10106000ccf4d739a7e4e7399698f839620a053afb
:10107000c22e0e3aa7bb173a62b3213a59182c3a3e
:1010800004ed363af133423ac1ef4d3a2a235a3a47
:10109000f4d0663afdfb733a9bd3803ad2ea873aa2
:1010a00030458f3a4de4963ac7c99e3a4af7a63a78
:1010b0008a6eaf3a4631b83a4641c13a5ca0ca3a64
:1010c0006350d43a4353de3aebaae83a5459f33a20
:1010d0008360fe3a42e1043bb7c00a3bb2cf103b0b
:1010e000470f173b92801d3bb124243bc7fc2a3b92
:1010f000ff09323b854d393b8dc8403b4d7c483b19
:10110000016a503beb92583b4ff8603b799b693b3f
:10111000b87d723b5fa07b3b6382823b2656873b58
:10112000294c8c3b1f65913bbea1963bbd029c3b6d
:10113000d888a13bca34a73b5107ad3b3001b33b34
:101140002923b93b026ebf3b82e2c53b7381cc3b96
:10115000a14bd33bda41da3bf064e13bb3b5e83b6a
:10116000fa34f03b9ae3f73b6dc2ff3b27e9033cbf
:101170000c0a083c56440c3c7598103cdc06153ca7
:10118000fb8f193c47341e3c35f4223c39d0273cb8
:10119000cac82c3c5fde313c7111373c79623c3c63
:1011a000f0d1413c5260473c1b0e4d3cc6db523ceb
:1011b000d2c9583cbdd85e3c0709653c2e5b6b3cf0
:1011c000b4cf713c1a67783ce3217f3c4800833cf4
:1011d000d481863cd7158a3c94bc8d3c4c76913c9e
:1011e0004543953cc123993c04189d3c5220a13ca9
:1011f000f03ca53c236ea93c2fb4ad3c5b0fb23c48
:10120000eb7fb63c2506bb3c50a2bf3cb154c43c6e
:10121000901dc93c33fdcd3ce0f3d23cdf01d83c0e
:101220007827dd3cf164e23c92bae73ca328ed3c30
:101230006baff23c334ff83c4308fe3c71ed013d8f
:10124000ade3043df8e6073d78f70a3d51150e3d44
:10125000a640113d9b79143d56c0173dfa141b3d25
:10126000ab771e3d8ee8213dc667253d79f5283dcb
:10127000c8912c3dda3c303dd1f6333dd2bf373ded
:1012800000983b3d7f7f3f3d7376433dff7c473d6c
:1012900047934b3d6db94f3d96ef533de535583d76
:1012a0007b8c5c3d7cf3603d0c6b653d4bf3693d95
:1012b0005d8c6e3d6436733d81f1773dd7bd7c3ddd
:1012c000c3cd803d5945833dbdc5853d004f883d1b
:1012d00032e18a3d637c8d3da420903d04ce923d59
:1012e0009384953d6244983d7f0d9b3dfadf9d3d83
:1012f000e3bba03d47a1a33d3790a63dc288a93dd1
:10130000f58aac3ddf96af3d8facb23d12ccb53d1a
:1013100076f5b83dca28bc3d1b66bf3d75adc23de4
:10132000e7fec53d7c5ac93d43c0cc3d4630d03d6b
:1013300093aad33d352fd73d38beda3da857de3dc1
:1013400090fbe13dfca9e53df562e93d8626ed3dda
:10135000bbf4f03d9ccdf43d33b1f83d8b9ffc3d9b
:10136000564c003e504e023eb755043e8f62063e3c
:10137000de74083ea68c0a3eeba90c3eb1cc0e3eb4
:10138000fbf4103ecd22133e2956153e138f173e17
:101390008ecd193e9b111c3e3e5b1e3e78aa203e20
:1013a0004dff223ebd59253ecab9273e771f2a3e32
:1013b000c48a2c3eb3fb2e3e4472313e79ee333e5e
:1013c0005270363ed0f7383ef3843b3ebb173e3e6c
:1013d00028b0403e3a4e433eeff1453e499b483ee1
:1013e000444a4b3ee1fe4d3e1eb9503efa78533e14
:1013f000723e563e8609593e32da5b3e75b05e3e1d
:101400004b8c613eb36d643ea854673e28416a3ef2
:1014100030336d3ebb2a703ec627733e4d2a763e62
:101420004c32793ebd3f7c3e9c527f3e7235813ec0
:1014300048c4823ecd55843effe9853eda80873e32
:101440005b1a893e7fb68a3e43558c3ea3f68d3e9d
:101450009c9a8f3e2b41913e4aea923ef795943eec
:101460002e44963eeaf4973e26a8993ee05d9b3ec8
:1014700012169d3eb7d09e3ecb8da03e494da23e5a
:101480002c0fa43e6fd3a53e0d9aa73e0063a93e44
:10149000432eab3ed0fbac3ea2cbae3eb39db03ea6
:1014a000fd71b23e7948b43e2221b63ef2fbb73e12
:1014b000e2d8b93eebb7bb3e0799bd3e2f7cbf3e9d
:1014c0005c61c13e8748c33eaa31c53ebc1cc73ed5
:1014d000b709c93e93f8ca3e48e9cc3ecfdbce3ec1
:1014e00020d0d03e33c6d23e00bed43e7fb7d63edb
:1014f000a7b2d83e71afda3ed3addc3ec6adde3e1c
:1015000040afe03e38b2e23ea7b6e43e82bce63ee3
:10151000c0c3e83e59ccea3e43d6ec3e74e1ee3e11
:10152000e4edf03e87fbf23e550af53e441af73ee5
:101530004a2bf93e5c3dfb3e7150fd3e7f64ff3e11
:10154000bdbc003facc7013f08d3023fccde033f28
:10155000f1ea043f72f7053f4b04073f7511083f5e
:10156000eb1e093fa82c0a3fa53a0b3fde480c3f73
:101570004c570d3fea650e3fb2740f3f9e83103ffc
:10158000a892113fcba1123f01b1133f43c0143fba
:101590008ccf153fd5de163f19ee173f52fd183f91
:1015a000790c1a3f881b1b3f7a2a1c3f47391d3f85
:1015b000ea471e3f5c561f3f9864203f9672213fca
:1015c0005180223fc28d233fe39a243fada7253fa0
:1015d0001bb4263f25c0273fc5cb283ff4d6293f63
:1015e000ade12a3fe9eb2b3fa1f52c3fcefe2d3f8d
:1015f0006b072f3f700f303fd716313f9a1d323f98
:10160000b123333f1729343fc42d353fb331363f23
:10161000dc34373f3837383fc338393f73393a3fc6
:1016200044393b3f2e383c3f2b363d3f34333e3f21
:10163000432f3f3f512a403f5724413f4f1d423fd8
:101640003215433ffa0b443fa001453f1ef6453f8c
:101650006de9463f86db473f63cc483ffdbb493fd2
:101660004faa4a3f51974b3ffe824c3f4e6d4d3f34
:101670003b564e3fbf3d4f3fd423503f7308513f31
:1016800096eb513f36cd523f4ead533fd78b543f33
:10169000cb68553f2344563fdb1d573feaf5573f84
:1016a0004dcc583ffba0593ff0735a3f26455b3f56
:1016b00096145c3f3ae25c3f0eae5d3f0a785e3fb7
:1016c00029405f3f6606603fbbca603f218d613f96
:1016d000954d623f0f0c633f8ac8633f0283643fae
:1016e000703b653fd0f1653f1ba6663f4d58673f95
:1016f0006108683f51b6683f1862693fb10b6a3fa5
:1017000018b36a3f47586b3f39fb6b3fea9b6c3f0e
:10171000553a6d3f76d66d3f46706e3fc3076f3fbb
:10172000e79c6f3faf2f703f15c0703f154e713f64
:10173000acd9713fd562723f8ce9723fcc6d733f7b
:1017400093ef733fdb6e743fa2eb743fe365753f2d
:101750009cdd753fc752763f62c5763f6935773f5e
:10176000d9a2773fae0d783fe675783f7cdb783fb6
:101770006f3e793fbb9e793f5dfc793f52577a3f80
:1017800098af7a3f2b057b3f0a587b3f32a87b3fbf
:101790009ff57b3f51407c3f44887c3f77cd7c3f29
:1017a000e70f7d3f924f7d3f768c7d3f92c67d3f18
:1017b000e4fd7d3f69327e3f21647e3f0a937e3f98
:1017c00023bf7e3f69e87e3fdc0e7f3f7b327f3f59
:1017d00044537f3f37717f3f528c7f3f96a47f3fba
:1017e00000ba7f3f91cc7f3f47dc7f3f23e97f3fbb
:1017f00023f37f3f48fa7f3f92fe7f3f0000803f08
:1018000092fe7f3f48fa7f3f23f37f3f23e97f3fec
:1018100047dc7f3f91cc7f3f00ba7f3f96a47f3f5c
:10182000528c7f3f37717f3f44537f3f7b327f3ff6
:10183000dc0e7f3f69e87e3f23bf7e3f0a937e3ff9
:1018400021647e3f69327e3fe4fd7d3f92c67d3f4d
:10185000768c7d3f924f7d3fe70f7d3f77cd7c3f7c
:1018600044887c3f51407c3f9ff57b3f32a87b3fc3
:101870000a587b3f2b057b3f98af7a3f52577a3f00
:101880005dfc793fbb9e793f6f3e793f7cdb783fc3
:10189000e675783fae0d783fd9a2773f6935773f3f
:1018a00062c5763fc752763f9cdd753fe365753f65
:1018b000a2eb743fdb6e743f93ef733fcc6d733fcd
:1018c0008ce9723fd562723facd9713f154e713fc2
:1018d00015c0703faf2f703fe79c6f3fc3076f3f4e
:1018e00046706e3f76d66d3f553a6d3fea9b6c3f32
:1018f00039fb6b3f47586b3f18b36a3fb10b6a3fe8
:101900001862693f51b6683f6108683f4d58673fac
:101910001ba6663fd0f1653f703b653f0283643f85
:101920008ac8633f0f0c633f954d623f218d613f35
:10193000bbca603f6606603f29405f3f0a785e3f52
:101940000eae5d3f3ae25c3f96145c3f26455b3f3e
:10195000f0735a3ffba0593f4dcc583feaf5573f33
:10196000db1d573f2344563fcb68553fd78b543f31
:101970004ead533f36cd523f96eb513f7308513f2a
:10198000d423503fbf3d4f3f3b564e3f4e6d4d3fe2
:10199000fe824c3f51974b3f4faa4a3ffdbb493f08
:1019a00063cc483f86db473f6de9463f1ef6453f27
:1019b000a001453ffa0b443f3215433f4f1d423fc4
:1019c0005724413f512a403f432f3f3f34333e3f4e
:1019d0002b363d3f2e383c3f44393b3f73393a3f2d
:1019e000c338393f3837383fdc34373fb331363fbf
:1019f000c42d353f1729343fb123333f9a1d323f61
:101a0000d716313f700f303f6b072f3fcefe2d3f73
:101a1000a1f52c3fe9eb2b3fade12a3ff4d6293f5e
:101a2000c5cb283f25c0273f1bb4263fada7253f88
:101a3000e39a243fc28d233f5180223f9672213f7b
:101a40009864203f5c561f3fea471e3f47391d3fc1
:101a50007a2a1c3f881b1b3f790c1a3f52fd183f06
:101a600019ee173fd5de163f8ccf153f43c0143f0c
:101a700001b1133fcba1123fa892113f9e83103fab
:101a8000b2740f3fea650e3f4c570d3fde480c3fe6
:101a9000a53a0b3fa82c0a3feb1e093f7511083fe2
:101aa0004b04073f72f7053ff1ea043fccde033fea
:101ab00008d3023facc7013fbdbc003f7f64ff3e7f
:101ac0007150fd3e5c3dfb3e4a2bf93e441af73e09
:101ad000550af53e87fbf23ee4edf03e74e1ee3e42
:101ae00043d6ec3e59ccea3ec0c3e83e82bce63e5b
:101af000a7b6e43e38b2e23e40afe03ec6adde3ec1
:101b0000d3addc3e71afda3ea7b2d83e7fb7d63e4a
:101b100000bed43e33c6d23e20d0d03ecfdbce3e38
:101b200048e9cc3e93f8ca3eb709c93ebc1cc73e43
:101b3000aa31c53e8748c33e5c61c13e2f7cbf3e93
:101b40000799bd3eebb7bb3ee2d8b93ef2fbb73ecc
:101b50002221b63e7948b43efd71b23eb39db03eff
:101b6000a2cbae3ed0fbac3e432eab3e0063a93ec3
:101b70000d9aa73e6fd3a53e2c0fa43e494da23e21
:101b8000cb8da03eb7d09e3e12169d3ee05d9b3ea3
:101b900026a8993eeaf4973e2e44963ef795943e49
:101ba0004aea923e2b41913e9c9a8f3ea3f68d3e8f
:101bb00043558c3e7fb68a3e5b1a893eda80873e6b
:101bc000ffe9853ecd55843e48c4823e7235813e54
:101bd0009c527f3ebd3f7c3e4c32793e4d2a763e44
:101be000c627733ebb2a703e30336d3e28416a3ea5
:101bf000a854673eb36d643e4b8c613e75b05e3e4b
:101c000032da5b3e8609593e723e563efa78533ec2
:101c10001eb9503ee1fe4d3e444a4b3e499b483e74
:101c2000eff1453e3a4e433e28b0403ebb173e3ea4
:101c3000f3843b3ed0f7383e5270363e79ee333e69
:101c40004472313eb3fb2e3ec48a2c3e771f2a3e9f
:101c5000cab9273ebd59253e4dff223e78aa203ef7
:101c60003e5b1e3e9b111c3e8ecd193e138f173ed0
:101c70002956153ecd22133efbf4103eb1cc0e3e4c
:101c8000eba90c3ea68c0a3ede74083e8f62063e2f
:101c9000b755043e504e023e564c003e8b9ffc3dd5
:101ca00033b1f83d9ccdf43dbbf4f03d8626ed3dcf
:101cb000f562e93dfca9e53d90fbe13da857de3d1d
:101cc00038beda3d352fd73d93aad33d4630d03dbf
:101cd00043c0cc3d7c5ac93de7fec53d75adc23d14
:101ce0001b66bf3dca28bc3d76f5b83d12ccb53d5c
:101cf0008facb23ddf96af3df58aac3dc288a93dc1
:101d00003790a63d47a1a33de3bba03dfadf9d3d33
:101d10007f0d9b3d6244983d9384953d04ce923d5a
:101d2000a420903d637c8d3d32e18a3d004f883d8b
:101d3000bdc5853d5945833dc3cd803dd7bd7c3d67
:101d400081f1773d6436733d5d8c6e3d4bf3693dab
:101d50000c6b653d7cf3603d7b8c5c3de535583d0f
:101d600096ef533d6db94f3d47934b3dff7c473d4b
:101d70007376433d7f7f3f3d00983b3dd2bf373d6b
:101d8000d1f6333dda3c303dc8912c3d79f5283d04
:101d9000c667253d8ee8213dab771e3dfa141b3dfd
:101da00056c0173d9b79143da640113d51150e3d7f
:101db00078f70a3df8e6073dade3043d71ed013dde
:101dc0004308fe3c334ff83c6baff23ca328ed3c9c
:101dd00092bae73cf164e23c7827dd3cdf01d83c75
:101de000e0f3d23c33fdcd3c901dc93cb154c43c22
:101df00050a2bf3c2506bb3ceb7fb63c5b0fb23c20
:101e00002fb4ad3c236ea93cf03ca53c5220a13c34
:101e100004189d3cc123993c4543953c4c76913c2c
:101e200094bc8d3cd7158a3cd481863c4800833cc9
:101e3000e3217f3c1a67783cb4cf713c2e5b6b3c4e
:101e40000709653cbdd85e3cd2c9583cc6db523c54
:101e50001b0e4d3c5260473cf0d1413c79623c3c0a
:101e60007111373c5fde313ccac82c3c39d0273c6d
:101e700035f4223c47341e3cfb8f193cdc06153cf4
:101e80007598103c56440c3c0c0a083c27e9033c6e
:101e90006dc2ff3b9ae3f73bfa34f03bb3b5e83b46
:101ea000f064e13bda41da3ba14bd33b7381cc3b9d
:101eb00082e2c53b026ebf3b2923b93b3001b33bf5
:101ec0005107ad3bca34a73bd888a13bbd029c3b20
:101ed000bea1963b1f65913b294c8c3b2656873b08
:101ee0006382823b5fa07b3bb87d723b799b693b01
:101ef0004ff8603beb92583b016a503b4d7c483bae
:101f00008dc8403b854d393bff09323bc7fc2a3b1e
:101f1000b124243b92801d3b470f173bb2cf103baf
:101f2000b7c00a3b42e1043b8360fe3a5459f33a9e
:101f3000ebaae83a4353de3a6350d43a5ca0ca3a7b
:101f40004641c13a4631b83a8a6eaf3a4af7a63aa4
:101f5000c7c99e3a4de4963a30458f3ad2ea873a5d
:101f60009bd3803afdfb733af4d0663a2a235a3a5f
:101f7000c1ef4d3af133423a04ed363a59182c3a52
:101f800062b3213aa7bb173ac22e0e3a620a053a4b
:101f90009698f839a7e4e739ccf4d73905c5c8399c
:101fa0007851ba397496ac3970909f390b3c93399b
:101fb0000d968739c936793953926439393951398f
:101fc0004b263f39aa542e39c7bf1e3964631039d6
:101fd000923b03396b89ee3801f7d838edb9c53833
:101fe000d8ccb4380b2ba6386ed099388eb98f3830
:101ff00096e38738534c823863e47d3882a87b3877
:102000005c70009d4071009d2c71009d2071009db1
:102010000871009d9c71009d7471009ddc70009d95
:102020008870009d6870009d4870009d2c73009d15
:102030002c73009d6473009d2473009d6c73009d40
:102040002473009d0873009d4877009d1078009dc3
:10205000e877009d7477009d2077009d7477009d40
:102060009477009db477009d7477009d7477009df0
:10207000d877009d3479009dbc79009d5c79009de6
:102080005c79009d487a009d207a009dd479009d5e
:102090001c79009d8c79009dac79009d107a009d83
:1020a000007a009db482009db482009dd083009d83
:1020b0008882009d9483009d6083009de882009d3e
:1020c0007085009dac86009d9886009dbc86009d15
:1020d0008486009d5086009dd885009d9485009d36
:1020e000b085009d4485009dc085009dac88009d05
:1020f0008c89009d9889009da489009db089009dd0
:10210000bc89009dc889009d7c89009d54bc009db0
:102110008cbc009dc8bc009de0bc009df8bc009d2f
:1021200010bd009d10bc009d2f703239353a350d21
:10213000000000002f700000256400003a25640da7
:10214000000000003a25750d000000006cd3009dd2
:1021500060d3009d54d3009d48d3009d3cd3009d87
:1021600030d3009d24d3009d14d3009dfcd5009d49
:10217000e8d5009d98d5009dd4d5009d98d5009dab
:1021800098d5009d98d5009d98d5009d98d5009d27
:1021900098d5009d98d5009d98d5009d98d5009d17
:1021a00098d5009d90d5009d98d5009d98d5009d0f
:1021b00098d5009d98d5009d98d5009d98d5009df7
:1021c00098d5009d98d5009d98d5009d98d5009de7
:1021d00098d5009d98d5009dc0d5009d98d5009daf
:1021e00098d5009d98d5009d98d5009d98d5009dc7
:1021f00098d5009d98d5009d98d5009d98d5009db7
:1022000098d5009d98d5009d98d5009d98d5009da6
:1022100098d5009d98d5009d98d5009d98d5009d96
:1022200098d5009d98d5009d98d5009d98d5009d86
:1022300098d5009d98d5009d98d5009d98d5009d76
:1022400098d5009dacd5009dc8d9009db4d9009dfe
:102250007cd8009da0d9009d7cd8009d7cd8009d95
:102260007cd8009d7cd8009d7cd8009d7cd8009daa
:102270007cd8009d7cd8009d7cd8009d7cd8009d9a
:1022800074d8009d7cd8009d7cd8009d7cd8009d92
:102290007cd8009d7cd8009d7cd8009d7cd8009d7a
:1022a0007cd8009d7cd8009d7cd8009d7cd8009d6a
:1022b0007cd8009d8cd9009d7cd8009d7cd8009d49
:1022c0007cd8009d7cd8009d7cd8009d7cd8009d4a
:1022d0007cd8009d7cd8009d7cd8009d7cd8009d3a
:1022e0007cd8009d7cd8009d7cd8009d7cd8009d2a
:1022f0007cd8009d7cd8009d7cd8009d7cd8009d1a
:102300007cd8009d7cd8009d7cd8009d7cd8009d09
:102310007cd8009d7cd8009d7cd8009d7cd8009df9
:1023200078d9009d4f0d00002f4f000025342e312d
:10233000665e000025352e31662a000025352e32d6
:10234000667e000025312e326640000025312e3297
:10235000662300000d00000025342e33662c00009b
:102360002f45000025643a25640a000025645e00bc
:10237000000000002f5300002f703239333a000064
:1023800025750d00000000005265736574204f4be9
:10239000000000008000019d84fc009d84fc009de5
:1023a00084fc009d84fc009d84fc009d84fc009db9
:1023b0007000019d84fc009d84fc009d5800019ddf
:1023c0000800019d84fc009d84fc009df8ff009d99
:1023d000c8ff009d84fc009d84fc009d84fc009d42
:1023e00084fc009d84fc009d84fc009d84fc009d79
:1023f00084fc009d84fc009d84fc009d84fc009d69
:1024000084fc009d84fc009d84fc009d84fc009d58
:1024100040ff009d84fc009d84fc009d84fc009d89
:1024200084fc009d84fc009d84fc009d84fc009d38
:1024300084fc009d84fc009d84fc009d84fc009d28
:1024400080fe009d2f49000025322e3066000000de
:102450002c000000ac42019db442019dbc42019d94
:10246000c442019dcc42019dd442019ddc42019dac
:102470009c42019d6f12833a000020410000003f02
:102480000000803f0000803edaac2a3f00007ac4a2
:1024900000007ac40000dcc20000803a00008044e2
:1024a00000ff7f470000803f00007a440000c842e0
:1024b0000050c3460000004000c05a4600002041c2
:1024c00000e87d47000080400000fc4200007f43a0
:1024d0000000e04000004041000080410000cec20a
:1024e0000000f0c20000b4c20000c8c2d7a3703f11
:1024f0000ad7233c77be7f3f00606a470000a041b7
:10250000000070420000a0400000c0410000f04107
:102510003333b33fcdcccc3d0000c04000504347e7
:102520009a99193ecdcccc3e000040408fc2753cfc
:102530006f12833a9a99993f0ad7a33b0000484209
:1025400017b7d1380050c3470000604100007a43fc
:102550007b146e3f0000003fa4707d3fb81e853e97
:10256000cdcc4c3d00000041c520303d000048432b
:102570009a99993d00401c46000096430000904007
:102580006666c6409a99793f000050410000d041ec
:1025900000001c42000050420000824200009c42a9
:1025a0000000c8430000a0420ad7233dcdcc4c3eda
:1025b000006add46000030410063504720418d48ed
:1025c000001ad44600407d4400407a44d0ea0649cf
:1025d00080053d49000010417142c93b0000803f29
:1025e00000c079c400c07944cdcc4c3ecdcccc3eab
:1025f0000000a040cdcc4c3f000020400000c03f78
:102600008b6cb73f0000404083c02a3f0000003f72
:10261000cdcc4c3ecdcccc3e0000a040cdcc4c3ff0
:10262000000020400000c03f8b6cb73f83c02a3fb2
:1026300000008040000040400000003f95bfd633be
:1026400095bfd6b3000020410000a040000080bf2d
:102650000000a040000080bf000080bf00007a445e
:102660000000c8420000a041bd3706380000803f8e
:102670006f12833a000020410000003f0000803fbd
:102680000000803edaac2a3f00007ac400ff7f479a
:10269000000040400000803f00000040000040403b
:1026a000000018426f12033bdbf97e3f0000a0419f
:1026b0003333733f000060411f856b3f000080bfd4
:1026c000000018426f12033bdbf97e3f00007ac422
:1026d000000096430000c8420000803f0000004018
:1026e0000000f041bd3706380000804700008047f9
:1026f00000c079c4000080bfcdcc4c3fcdcc4c3e57
:102700003fe3fc2f00007a44608100a04828029d2e
:10271000282e00a000c079c40000803a00002041ab
:10272000c87100a06842019da784f03200004040bb
:10273000bfea3a3000007f430ad7233c0000003f45
:102740000000aac20000803d00c079c40000a04182
:102750009a9919400000e0400000a04000000041ac
:10276000000020418fc2753f8fc2f53ca69bc43b41
:10277000dbf97e3fcdcc4c3f0000803f000034426f
:102780000000a04200008040b00f2134c5767738a9
:1027900000000040b37bf23bec51b83e9a99b9403f
:1027a00077be9fbd33331b410000d2430080d44528
:1027b0000000fa4300401c4500808944acc527381e
:1027c00000006144acc5a738a69b443c0000f04122
:1027d000cdcc0c400000c841cdcc4c3e0000204286
:1027e00000004041cdcccc3dcdcc8c3f3333b33f0a
:1027f0000000803e000080bfae47813fa4707d3f57
:102800000ad7833fec51783f6666863f3333733f88
:102810006666663f9a99993f9a99193f0000a03fd2
:102820003333933f00a00c4617b7d1380000c6429f
:10283000608100a0805d00a0fca600a0609100a0c7
:10284000000000400000003f3a0000002f703a00f6
:102850002f643a002f503a00300000002e00000094
:102860000000000000000000000000000000000068
:102870000000000000000000000000000000000058
:102880000000000000000000000000000000000048
:102890000000000000000000000000000000000038
:1028a0000000000000000000000000000000000028
:1028b0000000000000000000000000000000000018
:1028c0000000000000000000000000000000000008
:1028d00000000000000000000000000000000000f8
:1028e00000000000000000000000000000000000e8
:1028f00000000000000000000000000000000000d8
:1029000000000000000000000000000000000000c7
:1029100000000000000000000000000000000000b7
:1029200000000000000000000000000000000000a7
:102930000000000000000000000000000000000097
:102940000000000000000000000000000000000087
:102950000000000000000000000000000000000077
:102960000000000000000000000000000000000067
:102970000000000000000000000000000000000057
:102980000000000000000000000000000000000047
:102990000000000000000000000000000000000037
:1029a0000000000000000000000000000000000027
:1029b0000000000000000000000000000000000017
:1029c0000000000000000000000000000000000007
:1029d00000000000000000000000000000000000f7
:1029e00000000000000000000000000000000000e7
:1029f00000000000000000000000000000000000d7
:102a000000000000000000000000000000000000c6
:102a100000000000000000000000000000000000b6
:102a200000000000000000000000000000000000a6
:102a30000000000000000000000000000000000096
:102a40000000000000000000000000000000000086
:102a50000000000000000000000000000000000076
:102a60000000000000000000000000000000000066
:102a70000000000000000000000000000000000056
:102a80000000000000000000000000000000000046
:102a90000000000000000000000000000000000036
:102aa0000000000000000000000000000000000026
:102ab0000000000000000000000000000000000016
:102ac0000000000000000000000000000000000006
:102ad00000000000000000000000000000000000f6
:102ae00000000000000000000000000000000000e6
:102af00000000000000000000000000000000000d6
:102b000000000000000000000000000000000000c5
:102b100000000000000000000000000000000000b5
:102b200000000000000000000000000000000000a5
:102b30000000000000000000000000000000000095
:102b40000000000000000000000000000000000085
:102b50000000000000000000000000000000000075
:102b60000000000000000000000000000000000065
:102b70000000000000000000000000000000000055
:102b80000000000000000000000000000000000045
:102b90000000000000000000000000000000000035
:102ba0000000000000000000000000000000000025
:102bb0000000000000000000000000000000000015
:102bc0000000000000000000000000000000000005
:102bd00000000000000000000000000000000000f5
:102be00000000000000000000000000000000000e5
:102bf00000000000000000000000000000000000d5
:102c000000000000000000000000000000000000c4
:102c100000000000000000000000000000000000b4
:102c200000000000000000000000000000000000a4
:102c30000000000000000000000000000000000094
:102c40000000000000000000000000000000000084
:102c50000000000000000000000000000000000074
:102c60000000000000000000000000000000000064
:102c70000000000000000000000000000000000054
:102c80000000000000000000000000000000000044
:102c90000000000000000000000000000000000034
:102ca0000000000000000000000000000000000024
:102cb0000000000000000000000000000000000014
:102cc0000000000000000000000000000000000004
:102cd00000000000000000000000000000000000f4
:102ce00000000000000000000000000000000000e4
:102cf00000000000000000000000000000000000d4
:102d000000000000000000000000000000000000c3
:102d100000000000000000000000000000000000b3
:102d200000000000000000000000000000000000a3
:102d30000000000000000000000000000000000093
:102d40000000000000000000000000000000000083
:102d50000000000000000000000000000000000073
:102d60000000000000000000000000000000000063
:102d70000000000000000000000000000000000053
:102d80000000000000000000000000000000000043
:102d90000000000000000000000000000000000033
:102da0000000000000000000000000000000000023
:102db0000000000000000000000000000000000013
:102dc0000000000000000000000000000000000003
:102dd00000000000000000000000000000000000f3
:102de00000000000000000000000000000000000e3
:102df00000000000000000000000000000000000d3
:102e000000000000000000000000000000000000c2
:102e100000000000000000000000000000000000b2
:102e200000000000000000000000000000000000a2
:102e30000000000000000000000000000000000092
:102e40000000000000000000000000000000000082
:102e50000000000000000000000000000000000072
:102e60000000000000000000000000000000000062
:102e70000000000000000000000000000000000052
:102e80000000000000000000000000000000000042
:102e90000000000000000000000000000000000032
:102ea0000000000000000000000000000000000022
:102eb0000000000000000000000000000000000012
:102ec0000000000000000000000000000000000002
:102ed00000000000000000000000000000000000f2
:102ee00000000000000000000000000000000000e2
:102ef00000000000000000000000000000000000d2
:102f000000000000000000000000000000000000c1
:102f100000000000000000000000000000000000b1
:102f200000000000000000000000000000000000a1
:102f30000000000000000000000000000000000091
:102f40000000000000000000000000000000000081
:102f50000000000000000000000000000000000071
:102f60000000000000000000000000000000000061
:102f70000000000000000000000000000000000051
:102f80000000000000000000000000000000000041
:102f90000000000000000000000000000000000031
:102fa0000000000000000000000000000000000021
:102fb0000000000000000000000000000000000011
:102fc0000000000000000000000000000000000001
:102fd00000000000000000000000000000000000f1
:102fe00000000000000000000000000000000000e1
:102ff00000000000000000000000000000000000d1
:1030000000000000000000000000000000000000c0
:1030100000000000000000000000000000000000b0
:1030200000000000000000000000000000000000a0
:103030000000000000000000000000000000000090
:103040000000000000000000000000000000000080
:103050000000000000000000000000000000000070
:103060000000000000000000000000000000000060
:103070000000000000000000000000000000000050
:103080000000000000000000000000000000000040
:103090000000000000000000000000000000000030
:1030a0000000000000000000000000000000000020
:1030b0000000000000000000000000000000000010
:1030c0000000000000000000000000000000000000
:1030d00000000000000000000000000000000000f0
:1030e00000000000000000000000000000000000e0
:1030f00000000000000000000000000000000000d0
:1031000000000000000000000000000000000000bf
:1031100000000000000000000000000000000000af
:10312000000000000000000000000000000000009f
:10313000000000000000000000000000000000008f
:10314000000000000000000000000000000000007f
:10315000000000000000000000000000000000006f
:10316000000000000000000000000000000000005f
:10317000000000000000000000000000000000004f
:10318000000000000000000000000000000000003f
:10319000000000000000000000000000000000002f
:1031a000000000000000000000000000000000001f
:1031b000000000000000000000000000000000000f
:1031c00000000000000000000000000000000000ff
:1031d00000000000000000000000000000000000ef
:1031e00000000000000000000000000000000000df
:1031f00000000000000000000000000000000000cf
:1032000000000000000000000000000000000000be
:1032100000000000000000000000000000000000ae
:10322000000000000000000000000000000000009e
:10323000000000000000000000000000000000008e
:10324000000000000000000000000000000000007e
:10325000000000000000000000000000000000006e
:10326000000000000000000000000000000000005e
:10327000000000000000000000000000000000004e
:10328000000000000000000000000000000000003e
:10329000000000000000000000000000000000002e
:1032a000000000000000000000000000000000001e
:1032b000000000000000000000000000000000000e
:1032c00000000000000000000000000000000000fe
:1032d00000000000000000000000000000000000ee
:1032e00000000000000000000000000000000000de
:1032f00000000000000000000000000000000000ce
:1033000000000000000000000000000000000000bd
:1033100000000000000000000000000000000000ad
:10332000000000000000000000000000000000009d
:10333000000000000000000000000000000000008d
:10334000000000000000000000000000000000007d
:10335000000000000000000000000000000000006d
:10336000000000000000000000000000000000005d
:10337000000000000000000000000000000000004d
:10338000000000000000000000000000000000003d
:10339000000000000000000000000000000000002d
:1033a000000000000000000000000000000000001d
:1033b000000000000000000000000000000000000d
:1033c00000000000000000000000000000000000fd
:1033d00000000000000000000000000000000000ed
:1033e00000000000000000000000000000000000dd
:1033f00000000000000000000000000000000000cd
:1034000000000000000000000000000000000000bc
:1034100000000000000000000000000000000000ac
:10342000000000000000000000000000000000009c
:10343000000000000000000000000000000000008c
:10344000000000000000000000000000000000007c
:10345000000000000000000000000000000000006c
:10346000000000000000000000000000000000005c
:10347000000000000000000000000000000000004c
:10348000000000000000000000000000000000003c
:10349000000000000000000000000000000000002c
:1034a000000000000000000000000000000000001c
:1034b000000000000000000000000000000000000c
:1034c00000000000000000000000000000000000fc
:1034d00000000000000000000000000000000000ec
:1034e00000000000000000000000000000000000dc
:1034f00000000000000000000000000000000000cc
:1035000000000000000000000000000000000000bb
:1035100000000000000000000000000000000000ab
:10352000000000000000000000000000000000009b
:10353000000000000000000000000000000000008b
:10354000000000000000000000000000000000007b
:10355000000000000000000000000000000000006b
:10356000000000000000000000000000000000005b
:10357000000000000000000000000000000000004b
:10358000000000000000000000000000000000003b
:10359000000000000000000000000000000000002b
:1035a000000000000000000000000000000000001b
:1035b000000000000000000000000000000000000b
:1035c00000000000000000000000000000000000fb
:1035d00000000000000000000000000000000000eb
:1035e00000000000000000000000000000000000db
:1035f00000000000000000000000000000000000cb
:1036000000000000000000000000000000000000ba
:1036100000000000000000000000000000000000aa
:10362000000000000000000000000000000000009a
:10363000000000000000000000000000000000008a
:10364000000000000000000000000000000000007a
:10365000000000000000000000000000000000006a
:10366000000000000000000000000000000000005a
:10367000000000000000000000000000000000004a
:10368000000000000000000000000000000000003a
:10369000000000000000000000000000000000002a
:1036a000000000000000000000000000000000001a
:1036b000000000000000000000000000000000000a
:1036c00000000000000000000000000000000000fa
:1036d00000000000000000000000000000000000ea
:1036e00000000000000000000000000000000000da
:1036f00000000000000000000000000000000000ca
:1037000000000000000000000000000000000000b9
:1037100000000000000000000000000000000000a9
:103720000000000000000000000000000000000099
:103730000000000000000000000000000000000089
:103740000000000000000000000000000000000079
:103750000000000000000000000000000000000069
:103760000000000000000000000000000000000059
:103770000000000000000000000000000000000049
:103780000000000000000000000000000000000039
:103790000000000000000000000000000000000029
:1037a0000000000000000000000000000000000019
:1037b0000000000000000000000000000000000009
:1037c00000000000000000000000000000000000f9
:1037d00000000000000000000000000000000000e9
:1037e00000000000000000000000000000000000d9
:1037f00000000000000000000000000000000000c9
:1038000000000000000000000000000000000000b8
:1038100000000000000000000000000000000000a8
:103820000000000000000000000000000000000098
:103830000000000000000000000000000000000088
:103840000000000000000000000000000000000078
:103850000000000000000000000000000000000068
:103860000000000000000000000000000000000058
:103870000000000000000000000000000000000048
:103880000000000000000000000000000000000038
:103890000000000000000000000000000000000028
:1038a0000000000000000000000000000000000018
:1038b0000000000000000000000000000000000008
:1038c00000000000000000000000000000000000f8
:1038d00000000000000000000000000000000000e8
:1038e00000000000000000000000000000000000d8
:1038f00000000000000000000000000000000000c8
:1039000000000000000000000000000000000000b7
:1039100000000000000000000000000000000000a7
:103920000000000000000000000000000000000097
:103930000000000000000000000000000000000087
:103940000000000000000000000000000000000077
:103950000000000000000000000000000000000067
:103960000000000000000000000000000000000057
:103970000000000000000000000000000000000047
:103980000000000000000000000000000000000037
:103990000000000000000000000000000000000027
:1039a0000000000000000000000000000000000017
:1039b0000000000000000000000000000000000007
:1039c00000000000000000000000000000000000f7
:1039d00000000000000000000000000000000000e7
:1039e00000000000000000000000000000000000d7
:1039f00000000000000000000000000000000000c7
:103a000000000000000000000000000000000000b6
:103a100000000000000000000000000000000000a6
:103a20000000000000000000000000000000000096
:103a30000000000000000000000000000000000086
:103a40000000000000000000000000000000000076
:103a50000000000000000000000000000000000066
:103a60000000000000000000000000000000000056
:103a70000000000000000000000000000000000046
:103a80000000000000000000000000000000000036
:103a90000000000000000000000000000000000026
:103aa0000000000000000000000000000000000016
:103ab0000000000000000000000000000000000006
:103ac00000000000000000000000000000000000f6
:103ad00000000000000000000000000000000000e6
:103ae00000000000000000000000000000000000d6
:103af00000000000000000000000000000000000c6
:103b000000000000000000000000000000000000b5
:103b100000000000000000000000000000000000a5
:103b20000000000000000000000000000000000095
:103b30000000000000000000000000000000000085
:103b40000000000000000000000000000000000075
:103b50000000000000000000000000000000000065
:103b60000000000000000000000000000000000055
:103b70000000000000000000000000000000000045
:103b80000000000000000000000000000000000035
:103b90000000000000000000000000000000000025
:103ba0000000000000000000000000000000000015
:103bb0000000000000000000000000000000000005
:103bc00000000000000000000000000000000000f5
:103bd00000000000000000000000000000000000e5
:103be00000000000000000000000000000000000d5
:103bf00000000000000000000000000000000000c5
:103c000000000000000000000000000000000000b4
:103c100000000000000000000000000000000000a4
:103c20000000000000000000000000000000000094
:103c30000000000000000000000000000000000084
:103c40000000000000000000000000000000000074
:103c50000000000000000000000000000000000064
:103c60000000000000000000000000000000000054
:103c70000000000000000000000000000000000044
:103c80000000000000000000000000000000000034
:103c90000000000000000000000000000000000024
:103ca0000000000000000000000000000000000014
:103cb0000000000000000000000000000000000004
:103cc00000000000000000000000000000000000f4
:103cd00000000000000000000000000000000000e4
:103ce00000000000000000000000000000000000d4
:103cf00000000000000000000000000000000000c4
:103d000000000000000000000000000000000000b3
:103d100000000000000000000000000000000000a3
:103d20000000000000000000000000000000000093
:103d30000000000000000000000000000000000083
:103d40000000000000000000000000000000000073
:103d50000000000000000000000000000000000063
:103d60000000000000000000000000000000000053
:103d70000000000000000000000000000000000043
:103d80000000000000000000000000000000000033
:103d90000000000000000000000000000000000023
:103da0000000000000000000000000000000000013
:103db0000000000000000000000000000000000003
:103dc00000000000000000000000000000000000f3
:103dd00000000000000000000000000000000000e3
:103de00000000000000000000000000000000000d3
:103df00000000000000000000000000000000000c3
:103e000000000000000000000000000000000000b2
:103e100000000000000000000000000000000000a2
:103e20000000000000000000000000000000000092
:103e30000000000000000000000000000000000082
:103e40000000000000000000000000000000000072
:103e50000000000000000000000000000000000062
:103e60000000000000000000000000000000000052
:103e70000000000000000000000000000000000042
:103e80000000000000000000000000000000000032
:103e90000000000000000000000000000000000022
:103ea0000000000000000000000000000000000012
:103eb0000000000000000000000000000000000002
:103ec00000000000000000000000000000000000f2
:103ed00000000000000000000000000000000000e2
:103ee00000000000000000000000000000000000d2
:103ef00000000000000000000000000000000000c2
:103f000000000000000000000000000000000000b1
:103f100000000000000000000000000000000000a1
:103f20000000000000000000000000000000000091
:103f30000000000000000000000000000000000081
:103f40000000000000000000000000000000000071
:103f50000000000000000000000000000000000061
:103f60000000000000000000000000000000000051
:103f70000000000000000000000000000000000041
:103f80000000000000000000000000000000000031
:103f90000000000000000000000000000000000021
:103fa0000000000000000000000000000000000011
:103fb0000000000000000000000000000000000001
:103fc00000000000000000000000000000000000f1
:103fd00000000000000000000000000000000000e1
:103fe00000000000000000000000000000000000d1
:103ff00000000000000000000000000000000000c1
:1040000000000000000000000000000000000000b0
:1040100000000000000000000000000000000000a0
:104020000000000000000000000000000000000090
:104030000000000000000000000000000000000080
:104040000000000000000000000000000000000070
:104050000000000000000000000000000000000060
:104060000000000000000000000000000000000050
:104070000000000000000000000000000000000040
:104080000000000000000000000000000000000030
:104090000000000000000000000000000000000020
:1040a0000000000000000000000000000000000010
:1040b0000000000000000000000000000000000000
:1040c00000000000000000000000000000000000f0
:1040d00000000000000000000000000000000000e0
:1040e00000000000000000000000000000000000d0
:1040f00000000000000000000000000000000000c0
:1041000000000000000000000000000000000000af
:10411000000000000000000000000000000000009f
:10412000000000000000000000000000000000008f
:10413000000000000000000000000000000000007f
:10414000000000000000000000000000000000006f
:10415000000000000000000000000000000000005f
:10416000000000000000000000000000000000004f
:10417000000000000000000000000000000000003f
:10418000000000000000000000000000000000002f
:10419000000000000000000000000000000000001f
:1041a000000000000000000000000000000000000f
:1041b00000000000000000000000000000000000ff
:1041c00000000000000000000000000000000000ef
:1041d00000000000000000000000000000000000df
:1041e00000000000000000000000000000000000cf
:1041f00000000000000000000000000000000000bf
:1042000000000000000000000000000000000000ae
:10421000000000000000000000000000000000009e
:10422000000000000000000000000000000000008e
:10423000000000000000000000000000000000007e
:10424000000000000000000000000000000000006e
:10425000000000000000000000000000000000005e
:10426000000000000000000000000000000000004e
:10427000000000000000000000000000000000003e
:10428000000000000000000000000000000000002e
:10429000000000000000000000000000000000001e
:1042a000000000000000000000000000000000000e
:1042b00000000000000000000000000000000000fe
:1042c00000000000000000000000000000000000ee
:1042d00000000000000000000000000000000000de
:1042e00000000000000000000000000000000000ce
:1042f00000000000000000000000000000000000be
:1043000000000000000000000000000000000000ad
:10431000000000000000000000000000000000009d
:10432000000000000000000000000000000000008d
:10433000000000000000000000000000000000007d
:10434000000000000000000000000000000000006d
:10435000000000000000000000000000000000005d
:10436000000000000000000000000000000000004d
:10437000000000000000000000000000000000003d
:10438000000000000000000000000000000000002d
:10439000000000000000000000000000000000001d
:1043a000000000000000000000000000000000000d
:1043b00000000000000000000000000000000000fd
:1043c00000000000000000000000000000000000ed
:1043d00000000000000000000000000000000000dd
:1043e00000000000000000000000000000000000cd
:1043f00000000000000000000000000000000000bd
:1044000000000000000000000000000000000000ac
:10441000000000000000000000000000000000009c
:10442000000000000000000000000000000000008c
:10443000000000000000000000000000000000007c
:10444000000000000000000000000000000000006c
:10445000000000000000000000000000000000005c
:10446000000000000000000000000000000000004c
:10447000000000000000000000000000000000003c
:10448000000000000000000000000000000000002c
:10449000000000000000000000000000000000001c
:1044a000000000000000000000000000000000000c
:1044b00000000000000000000000000000000000fc
:1044c00000000000000000000000000000000000ec
:1044d00000000000000000000000000000000000dc
:1044e00000000000000000000000000000000000cc
:1044f00000000000000000000000000000000000bc
:1045000000000000000000000000000000000000ab
:10451000000000000000000000000000000000009b
:10452000000000000000000000000000000000008b
:10453000000000000000000000000000000000007b
:10454000000000000000000000000000000000006b
:10455000000000000000000000000000000000005b
:10456000000000000000000000000000000000004b
:10457000000000000000000000000000000000003b
:10458000000000000000000000000000000000002b
:10459000000000000000000000000000000000001b
:1045a000000000000000000000000000000000000b
:1045b00000000000000000000000000000000000fb
:1045c00000000000000000000000000000000000eb
:1045d00000000000000000000000000000000000db
:1045e00000000000000000000000000000000000cb
:1045f00000000000000000000000000000000000bb
:1046000000000000000000000000000000000000aa
:10461000000000000000000000000000000000009a
:10462000000000000000000000000000000000008a
:10463000000000000000000000000000000000007a
:10464000000000000000000000000000000000006a
:10465000000000000000000000000000000000005a
:10466000000000000000000000000000000000004a
:10467000000000000000000000000000000000003a
:10468000000000000000000000000000000000002a
:10469000000000000000000000000000000000001a
:1046a000000000000000000000000000000000000a
:1046b00000000000000000000000000000000000fa
:1046c00000000000000000000000000000000000ea
:1046d00000000000000000000000000000000000da
:1046e00000000000000000000000000000000000ca
:1046f00000000000000000000000000000000000ba
:1047000000000000000000000000000000000000a9
:104710000000000000000000000000000000000099
:104720000000000000000000000000000000000089
:104730000000000000000000000000000000000079
:104740000000000000000000000000000000000069
:104750000000000000000000000000000000000059
:104760000000000000000000000000000000000049
:104770000000000000000000000000000000000039
:104780000000000000000000000000000000000029
:104790000000000000000000000000000000000019
:1047a0000000000000000000000000000000000009
:1047b00000000000000000000000000000000000f9
:1047c00000000000000000000000000000000000e9
:1047d00000000000000000000000000000000000d9
:1047e00000000000000000000000000000000000c9
:1047f00000000000000000000000000000000000b9
:1048000000000000000000000000000000000000a8
:104810000000000000000000000000000000000098
:104820000000000000000000000000000000000088
:104830000000000000000000000000000000000078
:104840000000000000000000000000000000000068
:104850000000000000000000000000000000000058
:104860000000000000000000000000000000000048
:104870000000000000000000000000000000000038
:104880000000000000000000000000000000000028
:104890000000000000000000000000000000000018
:1048a0000000000000000000000000000000000008
:1048b00000000000000000000000000000000000f8
:1048c00000000000000000000000000000000000e8
:1048d00000000000000000000000000000000000d8
:1048e00000000000000000000000000000000000c8
:1048f00000000000000000000000000000000000b8
:1049000000000000000000000000000000000000a7
:104910000000000000000000000000000000000097
:104920000000000000000000000000000000000087
:104930000000000000000000000000000000000077
:104940000000000000000000000000000000000067
:104950000000000000000000000000000000000057
:104960000000000000000000000000000000000047
:104970000000000000000000000000000000000037
:104980000000000000000000000000000000000027
:104990000000000000000000000000000000000017
:1049a0000000000000000000000000000000000007
:1049b00000000000000000000000000000000000f7
:1049c00000000000000000000000000000000000e7
:1049d00000000000000000000000000000000000d7
:1049e00000000000000000000000000000000000c7
:1049f00000000000000000000000000000000000b7
:104a000000000000000000000000000000000000a6
:104a10000000000000000000000000000000000096
:104a20000000000000000000000000000000000086
:104a30000000000000000000000000000000000076
:104a40000000000000000000000000000000000066
:104a50000000000000000000000000000000000056
:104a60000000000000000000000000000000000046
:104a70000000000000000000000000000000000036
:104a80000000000000000000000000000000000026
:104a90000000000000000000000000000000000016
:104aa0000000000000000000000000000000000006
:104ab00000000000000000000000000000000000f6
:104ac00000000000000000000000000000000000e6
:104ad00000000000000000000000000000000000d6
:104ae00000000000000000000000000000000000c6
:104af00000000000000000000000000000000000b6
:104b000000000000000000000000000000000000a5
:104b10000000000000000000000000000000000095
:104b20000000000000000000000000000000000085
:104b30000000000000000000000000000000000075
:104b40000000000000000000000000000000000065
:104b50000000000000000000000000000000000055
:104b60000000000000000000000000000000000045
:104b70000000000000000000000000000000000035
:104b80000000000000000000000000000000000025
:104b90000000000000000000000000000000000015
:104ba0000000000000000000000000000000000005
:104bb00000000000000000000000000000000000f5
:104bc00000000000000000000000000000000000e5
:104bd00000000000000000000000000000000000d5
:104be00000000000000000000000000000000000c5
:104bf00000000000000000000000000000000000b5
:104c000000000000000000000000000000000000a4
:104c10000000000000000000000000000000000094
:104c20000000000000000000000000000000000084
:104c30000000000000000000000000000000000074
:104c40000000000000000000000000000000000064
:104c50000000000000000000000000000000000054
:104c60000000000000000000000000000000000044
:104c70000000000000000000000000000000000034
:104c80000000000000000000000000000000000024
:104c90000000000000000000000000000000000014
:104ca0000000000000000000000000000000000004
:104cb00000000000000000000000000000000000f4
:104cc00000000000000000000000000000000000e4
:104cd00000000000000000000000000000000000d4
:104ce00000000000000000000000000000000000c4
:104cf00000000000000000000000000000000000b4
:104d000000000000000000000000000000000000a3
:104d10000000000000000000000000000000000093
:104d20000000000000000000000000000000000083
:104d30000000000000000000000000000000000073
:104d40000000000000000000000000000000000063
:104d50000000000000000000000000000000000053
:104d60000000000000000000000000000000000043
:104d70000000000000000000000000000000000033
:104d80000000000000000000000000000000000023
:104d90000000000000000000000000000000000013
:104da0000000000000000000000000000000000003
:104db00000000000000000000000000000000000f3
:104dc00000000000000000000000000000000000e3
:104dd00000000000000000000000000000000000d3
:104de00000000000000000000000000000000000c3
:104df00000000000000000000000000000000000b3
:104e000000000000000000000000000000000000a2
:104e10000000000000000000000000000000000092
:104e20000000000000000000000000000000000082
:104e30000000000000000000000000000000000072
:104e40000000000000000000000000000000000062
:104e50000000000000000000000000000000000052
:104e60000000000000000000000000000000000042
:104e70000000000000000000000000000000000032
:104e80000000000000000000000000000000000022
:104e90000000000000000000000000000000000012
:104ea0000000000000000000000000000000000002
:104eb00000000000000000000000000000000000f2
:104ec00000000000000000000000000000000000e2
:104ed00000000000000000000000000000000000d2
:104ee00000000000000000000000000000000000c2
:104ef00000000000000000000000000000000000b2
:104f000000000000000000000000000000000000a1
:104f10000000000000000000000000000000000091
:104f20000000000000000000000000000000000081
:104f30000000000000000000000000000000000071
:104f40000000000000000000000000000000000061
:104f50000000000000000000000000000000000051
:104f60000000000000000000000000000000000041
:104f70000000000000000000000000000000000031
:104f80000000000000000000000000000000000021
:104f90000000000000000000000000000000000011
:104fa0000000000000000000000000000000000001
:104fb00000000000000000000000000000000000f1
:104fc00000000000000000000000000000000000e1
:104fd00000000000000000000000000000000000d1
:104fe00000000000000000000000000000000000c1
:104ff00000000000000000000000000000000000b1
:1050000000000000000000000000000000000000a0
:105010000000000000000000000000000000000090
:105020000000000000000000000000000000000080
:105030000000000000000000000000000000000070
:105040000000000000000000000000000000000060
:105050000000000000000000000000000000000050
:105060000000000000000000000000000000000040
:105070000000000000000000000000000000000030
:105080000000000000000000000000000000000020
:105090000000000000000000000000000000000010
:1050a0000000000000000000000000000000000000
:1050b00000000000000000000000000000000000f0
:1050c00000000000000000000000000000000000e0
:1050d00000000000000000000000000000000000d0
:1050e00000000000000000000000000000000000c0
:1050f00000000000000000000000000000000000b0
:10510000000000000000000000000000000000009f
:10511000000000000000000000000000000000008f
:10512000000000000000000000000000000000007f
:10513000000000000000000000000000000000006f
:10514000000000000000000000000000000000005f
:10515000000000000000000000000000000000004f
:10516000000000000000000000000000000000003f
:10517000000000000000000000000000000000002f
:10518000000000000000000000000000000000001f
:10519000000000000000000000000000000000000f
:1051a00000000000000000000000000000000000ff
:1051b00000000000000000000000000000000000ef
:1051c00000000000000000000000000000000000df
:1051d00000000000000000000000000000000000cf
:1051e00000000000000000000000000000000000bf
:1051f00000000000000000000000000000000000af
:10520000000000000000000000000000000000009e
:10521000000000000000000000000000000000008e
:10522000000000000000000000000000000000007e
:10523000000000000000000000000000000000006e
:10524000000000000000000000000000000000005e
:10525000000000000000000000000000000000004e
:10526000000000000000000000000000000000003e
:10527000000000000000000000000000000000002e
:10528000000000000000000000000000000000001e
:10529000000000000000000000000000000000000e
:1052a00000000000000000000000000000000000fe
:1052b00000000000000000000000000000000000ee
:1052c00000000000000000000000000000000000de
:1052d00000000000000000000000000000000000ce
:1052e00000000000000000000000000000000000be
:1052f00000000000000000000000000000000000ae
:10530000000000000000000000000000000000009d
:10531000000000000000000000000000000000008d
:10532000000000000000000000000000000000007d
:10533000000000000000000000000000000000006d
:10534000000000000000000000000000000000005d
:10535000000000000000000000000000000000004d
:10536000000000000000000000000000000000003d
:10537000000000000000000000000000000000002d
:10538000000000000000000000000000000000001d
:10539000000000000000000000000000000000000d
:1053a00000000000000000000000000000000000fd
:1053b00000000000000000000000000000000000ed
:1053c00000000000000000000000000000000000dd
:1053d00000000000000000000000000000000000cd
:1053e00000000000000000000000000000000000bd
:1053f00000000000000000000000000000000000ad
:10540000000000000000000000000000000000009c
:10541000000000000000000000000000000000008c
:10542000000000000000000000000000000000007c
:10543000000000000000000000000000000000006c
:10544000000000000000000000000000000000005c
:10545000000000000000000000000000000000004c
:10546000000000000000000000000000000000003c
:10547000000000000000000000000000000000002c
:10548000000000000000000000000000000000001c
:10549000000000000000000000000000000000000c
:1054a00000000000000000000000000000000000fc
:1054b00000000000000000000000000000000000ec
:1054c00000000000000000000000000000000000dc
:1054d00000000000000000000000000000000000cc
:1054e00000000000000000000000000000000000bc
:1054f00000000000000000000000000000000000ac
:10550000000000000000000000000000000000009b
:10551000000000000000000000000000000000008b
:10552000000000000000000000000000000000007b
:10553000000000000000000000000000000000006b
:10554000000000000000000000000000000000005b
:10555000000000000000000000000000000000004b
:10556000000000000000000000000000000000003b
:10557000000000000000000000000000000000002b
:10558000000000000000000000000000000000001b
:10559000000000000000000000000000000000000b
:1055a00000000000000000000000000000000000fb
:1055b00000000000000000000000000000000000eb
:1055c00000000000000000000000000000000000db
:1055d00000000000000000000000000000000000cb
:1055e00000000000000000000000000000000000bb
:1055f00000000000000000000000000000000000ab
:10560000000000000000000000000000000000009a
:10561000000000000000000000000000000000008a
:10562000000000000000000000000000000000007a
:10563000000000000000000000000000000000006a
:10564000000000000000000000000000000000005a
:10565000000000000000000000000000000000004a
:10566000000000000000000000000000000000003a
:10567000000000000000000000000000000000002a
:10568000000000000000000000000000000000001a
:10569000000000000000000000000000000000000a
:1056a00000000000000000000000000000000000fa
:1056b00000000000000000000000000000000000ea
:1056c00000000000000000000000000000000000da
:1056d00000000000000000000000000000000000ca
:1056e00000000000000000000000000000000000ba
:1056f00000000000000000000000000000000000aa
:105700000000000000000000000000000000000099
:105710000000000000000000000000000000000089
:105720000000000000000000000000000000000079
:105730000000000000000000000000000000000069
:105740000000000000000000000000000000000059
:105750000000000000000000000000000000000049
:105760000000000000000000000000000000000039
:105770000000000000000000000000000000000029
:105780000000000000000000000000000000000019
:105790000000000000000000000000000000000009
:1057a00000000000000000000000000000000000f9
:1057b00000000000000000000000000000000000e9
:1057c00000000000000000000000000000000000d9
:1057d00000000000000000000000000000000000c9
:1057e00000000000000000000000000000000000b9
:1057f00000000000000000000000000000000000a9
:105800000000000000000000000000000000000098
:105810000000000000000000000000000000000088
:105820000000000000000000000000000000000078
:105830000000000000000000000000000000000068
:105840000000000000000000000000000000000058
:105850000000000000000000000000000000000048
:105860000000000000000000000000000000000038
:105870000000000000000000000000000000000028
:105880000000000000000000000000000000000018
:105890000000000000000000000000000000000008
:1058a00000000000000000000000000000000000f8
:1058b00000000000000000000000000000000000e8
:1058c00000000000000000000000000000000000d8
:1058d00000000000000000000000000000000000c8
:1058e00000000000000000000000000000000000b8
:1058f00000000000000000000000000000000000a8
:105900000000000000000000000000000000000097
:105910000000000000000000000000000000000087
:105920000000000000000000000000000000000077
:105930000000000000000000000000000000000067
:105940000000000000000000000000000000000057
:105950000000000000000000000000000000000047
:105960000000000000000000000000000000000037
:105970000000000000000000000000000000000027
:105980000000000000000000000000000000000017
:105990000000000000000000000000000000000007
:1059a00000000000000000000000000000000000f7
:1059b00000000000000000000000000000000000e7
:1059c00000000000000000000000000000000000d7
:1059d00000000000000000000000000000000000c7
:1059e00000000000000000000000000000000000b7
:1059f00000000000000000000000000000000000a7
:105a00000000000000000000000000000000000096
:105a10000000000000000000000000000000000086
:105a20000000000000000000000000000000000076
:105a30000000000000000000000000000000000066
:105a40000000000000000000000000000000000056
:105a50000000000000000000000000000000000046
:105a60000000000000000000000000000000000036
:105a70000000000000000000000000000000000026
:105a80000000000000000000000000000000000016
:105a90000000000000000000000000000000000006
:105aa00000000000000000000000000000000000f6
:105ab00000000000000000000000000000000000e6
:105ac00000000000000000000000000000000000d6
:105ad00000000000000000000000000000000000c6
:105ae00000000000000000000000000000000000b6
:105af00000000000000000000000000000000000a6
:105b00000000000000000000000000000000000095
:105b10000000000000000000000000000000000085
:105b20000000000000000000000000000000000075
:105b30000000000000000000000000000000000065
:105b40000000000000000000000000000000000055
:105b50000000000000000000000000000000000045
:105b60000000000000000000000000000000000035
:105b70000000000000000000000000000000000025
:105b80000000000000000000000000000000000015
:105b90000000000000000000000000000000000005
:105ba00000000000000000000000000000000000f5
:105bb00000000000000000000000000000000000e5
:105bc00000000000000000000000000000000000d5
:105bd00000000000000000000000000000000000c5
:105be00000000000000000000000000000000000b5
:105bf00000000000000000000000000000000000a5
:105c00000000000000000000000000000000000094
:105c10000000000000000000000000000000000084
:105c20000000000000000000000000000000000074
:105c30000000000000000000000000000000000064
:105c40000000000000000000000000000000000054
:105c50000000000000000000000000000000000044
:105c60000000000000000000000000000000000034
:105c70000000000000000000000000000000000024
:105c80000000000000000000000000000000000014
:105c90000000000000000000000000000000000004
:105ca00000000000000000000000000000000000f4
:105cb00000000000000000000000000000000000e4
:105cc00000000000000000000000000000000000d4
:105cd00000000000000000000000000000000000c4
:105ce00000000000000000000000000000000000b4
:105cf00000000000000000000000000000000000a4
:105d00000000000000000000000000000000000093
:105d10000000000000000000000000000000000083
:105d20000000000000000000000000000000000073
:105d30000000000000000000000000000000000063
:105d40000000000000000000000000000000000053
:105d50000000000000000000000000000000000043
:105d60000000000000000000000000000000000033
:105d70000000000000000000000000000000000023
:105d80000000000000000000000000000000000013
:105d90000000000000000000000000000000000003
:105da00000000000000000000000000000000000f3
:105db00000000000000000000000000000000000e3
:105dc00000000000000000000000000000000000d3
:105dd00000000000000000000000000000000000c3
:105de00000000000000000000000000000000000b3
:105df00000000000000000000000000000000000a3
:105e00000000000000000000000000000000000092
:105e10000000000000000000000000000000000082
:105e20000000000000000000000000000000000072
:105e30000000000000000000000000000000000062
:105e40000000000000000000000000000000000052
:105e50000000000000000000000000000000000042
:105e60000000000000000000000000000000000032
:105e70000000000000000000000000000000000022
:105e80000000000000000000000000000000000012
:105e90000000000000000000000000000000000002
:105ea00000000000000000000000000000000000f2
:105eb00000000000000000000000000000000000e2
:105ec00000000000000000000000000000000000d2
:105ed00000000000000000000000000000000000c2
:105ee00000000000000000000000000000000000b2
:105ef00000000000000000000000000000000000a2
:105f00000000000000000000000000000000000091
:105f10000000000000000000000000000000000081
:105f20000000000000000000000000000000000071
:105f30000000000000000000000000000000000061
:105f40000000000000000000000000000000000051
:105f50000000000000000000000000000000000041
:105f60000000000000000000000000000000000031
:105f70000000000000000000000000000000000021
:105f80000000000000000000000000000000000011
:105f90000000000000000000000000000000000001
:105fa00000000000000000000000000000000000f1
:105fb00000000000000000000000000000000000e1
:105fc00000000000000000000000000000000000d1
:105fd00000000000000000000000000000000000c1
:105fe00000000000000000000000000000000000b1
:105ff00000000000000000000000000000000000a1
:106000000020202020202020202028282828282088
:106010002020202020202020202020202020202080
:1060200020801010101010101010101010101010f0
:1060300010040404040404040404041010101010d8
:1060400010104141414141410101010101010101a2
:1060500001010101010101010101010110101010f4
:106060001010424242424242020202020202020274
:1060700002020202020202020202020210101010c8
:1060800020000000000000000000000000000000f0
:106090000000000000000000000000000000000000
:1060a00000000000000000000000000000000000f0
:1060b00000000000000000000000000000000000e0
:1060c00000000000000000000000000000000000d0
:1060d00000000000000000000000000000000000c0
:1060e00000000000000000000000000000000000b0
:1060f00000000000000000000000000000000000a0
:1061000000000000c05d0000010000000000000071
:106110000800000000000000400000000000000037
:10612000000200000000000000100000000000005d
:1061300000800000000000000000040000000000db
:10614000000020000000000000000001000000002e
:1061500000000008000000000000004000000000f7
:10616000000000000200000000000000100000001d
:10617000000000008000000000000000000400009b
:1061800000000000002000000000000000000100ee
:1061900000000000000008000000000000004000b7
:1061a00000000000000000020000000000000010dd
:1061b000000000000000008001000000000000005e
:1061c00010000000000000000001000000000000be
:1061d00000100000000000000000010000000000ae
:1061e000000010000000000000000001000000009e
:1061f000000000100000000000000000010000008e
:10620000000000001000000000000000000100007d
:10621000000000000010000000000000000001006d
:10622000000000000000100000000000000000015d
:10623000000000000000001001000000000000004d
:106240000a000000000000006400000000000000e0
:10625000e80300000000000010270000000000001c
:10626000a08601000000000040420f000000000076
:10627000809698000000000000e1f5050000000095
:1062800000ca9a3b0000000000e40b54020000002a
:1062900000e87648170000000010a5d4e8000000d0
:1062a00000a0724e1809000000407a10f35a000056
:1062b0000080c6a47e8d03000000c16ff28623001b
:1062c00000008a5d78456301000064a7b3b6e00d65
:1062d0000000e8890423c78a6091019dc492019d52
:1062e000c492019dc492019dc492019dc492019dde
:1062f000c492019dc492019dc492019dc492019dce
:10630000c492019dc492019dc492019dc492019dbd
:10631000c492019dc492019dc492019dc492019dad
:10632000c492019dc492019dc492019dc492019d9d
:10633000c492019dc492019dc492019dc492019d8d
:10634000c492019dc492019dc492019dc492019d7d
:10635000c492019dc492019dc492019dc492019d6d
:10636000c492019dc492019dc492019dc492019d5d
:10637000c492019dc492019dc492019dc492019d4d
:10638000c492019dc492019dc492019dc492019d3d
:10639000c492019dc492019dc492019dc492019d2d
:1063a000c492019dc492019dc492019dc492019d1d
:1063b000c492019dc492019dc492019dc492019d0d
:1063c000c492019dc492019dc492019dc492019dfd
:1063d000c492019dc492019dc492019dc492019ded
:1063e000c492019dc492019dc492019dc492019ddd
:1063f000c492019dc492019dc492019dc492019dcd
:10640000c492019dc492019dc492019dc492019dbc
:10641000c492019dc492019dc492019dc492019dac
:10642000c492019dc492019dc492019dc492019d9c
:10643000c492019dc492019de096019dc492019d6c
:10644000c492019dc492019dc492019dc492019d7c
:10645000c492019dc492019dc492019dc492019d6c
:10646000c492019db49a019d2c94019dc492019dfa
:106470002494019dc492019dc492019d2c94019d80
:10648000c492019dc492019d1c9b019dc492019ddb
:10649000c492019d9c9a019de096019dc492019d2c
:1064a000c492019d449b019dc492019da89a019da7
:1064b000c492019dc492019de896019d00000000d8
:1064c000286e756c6c290000303132333435363724
:1064d0003839616263646566000000003031323330
:1064e00034353637383941424344454600000000d0
:1064f0000000000000000080000000000000f03fed
:106500000000000000002440000000000000e03f08
:10651000000000e00b2e11403862029d00000000d8
:10652000000000000000f03f000000a09999b93f72
:1065300000000040e17a843f000000e04d62503fdf
:10654000000000e0e2361a3f00000080b5f8e43eab
:10655000000000a0f7c6b03e000000a0f2d77a3ecf
:10656000000000e08e79453e000000e00b2e113e59
:10657000000000e0df7cdb3d00000000a19cc73b89
:10658000000000004c48b43900000000206ca13726
:1065900000000000000000000000000000000000fb
:1065a00000000000000000000000000000000000eb
:1065b00000000000000000000000000000000000db
:1065c00000000000000000000000000000000000cb
:1065d000000000000000f03f000000000000244028
:1065e00000000000000059400000000000408f4003
:1065f000000000000088c34000000000006af8406e
:106600000000000080842e4100000000d012634191
:106610000000000084d797410000000065cdcd4107
:10662000000000205fa00242000000801daf154462
:1066300000000040593e2946000000000000f07fa5
:10664000000000000000f07f000000000000f07f6c
:10665000000000000000f07f000000000000f07f5c
:10666000000000000000f07f000000000000f07f4c
:10667000000000000000f07f000000000000f07f3c
:106680000000803f00000000000000000000e04328
:1066900000000000000004000000000000000001f5
:1066a000ffffffffffff0f000000000000001000d1
:1066b000000000000000144000000000000039400d
:1066c00000000000008883400000000084d71741cc
:1066d0000080e03779c34142176e05b5b5b89344e1
:1066e000f5f93fe9034f3849321d30f948778252b6
:1066f0003cbf737fdd4f1565ffffffffffffff7f8f
:10670000301088bf601088bf01000000301088bfc3
:10671000601088bf02000000301088bf601088bf82
:1067200004000000301088bf601088bf080000001f
:10673000301088bf601088bf80000000301088bf14
:10674000601088bf00080000301088bf601088bf4c
:1067500000800000301088bf601088bf0000080073
:10676000301088bf601088bf10000000301088bf54
:10677000601088bf00010000301088bf601088bf23
:1067800000100000301088bf601088bf00000100ba
:10679000301088bf601088bf00001000301088bf24
:1067a000601088bf20000000301088bf601088bfd4
:1067b00000020000301088bf601088bf0020000079
:1067c000301088bf601088bf00000200301088bf02
:1067d000601088bf00002000401088bf701088bf84
:1067e00000000020401088bf701088bf00000040eb
:1067f000401088bf701088bf00000080501088bf14
:10680000801088bf01000000501088bf801088bf32
:1068100002000000301088bf601088bf40000000f8
:10682000301088bf601088bf00040000301088bf9f
:10683000601088bf00400000301088bf601088bf23
:1068400000000400301088bf601088bf00004000c6
:10685000401088bf701088bf01000000301088bf52
:10686000601088bf00008003401088bf701088bf90
:10687000e0000000301088bf601088bf0000001cde
:10688000401088bf701088bf00070000301088bf1c
:10689000601088bf00008000401088bf701088bf63
:1068a00020000000301088bf601088bf0000000486
:1068b000401088bf701088bf00010000301088bff2
:1068c000601088bf00000002401088bf701088bfb1
:1068d00080000000301088bf601088bf00000010ea
:1068e000401088bf701088bf00040000301088bfbf
:1068f000601088bf00000001401088bf701088bf82
:1069000040000000301088bf601088bf0000000801
:10691000401088bf701088bf00020000301088bf90
:10692000601088bf000000e0401088bf701088bf72
:1069300000380000301088bf601088bf0000001cc5
:10694000401088bf701088bfe0000000401088bf72
:10695000701088bf00070000301088bf601088bf2b
:1069600000000020401088bf701088bf00080000a1
:10697000301088bf601088bf00000004401088bf3e
:10698000701088bf20000000401088bf701088bfc2
:1069900000010000301088bf601088bf0000004078
:1069a000401088bf701088bf00100000301088bff2
:1069b000601088bf00000008401088bf701088bfba
:1069c00040000000401088bf701088bf0002000027
:1069d000301088bf601088bf00000080401088bf62
:1069e000701088bf00200000301088bf601088bf82
:1069f00000000010401088bf701088bf80000000a9
:106a0000401088bf701088bf00040000301088bf9d
:106a1000601088bf0000001c401088bf701088bf45
:106a200000070000401088bf701088bfe000000021
:106a3000501088bf801088bf38000000501088bff9
:106a4000801088bf000e0000501088bf801088bfe3
:106a5000c0010000301088bf601088bf0000000433
:106a6000401088bf701088bf00010000401088bf30
:106a7000701088bf20000000501088bf801088bfb1
:106a800008000000501088bf801088bf000200007e
:106a9000501088bf801088bf40000000301088bfb1
:106aa000601088bf00000008401088bf701088bfc9
:106ab00000020000401088bf701088bf4000000036
:106ac000501088bf801088bf10000000501088bf91
:106ad000801088bf00040000501088bf801088bf5d
:106ae00080000000301088bf601088bf00000010d8
:106af000401088bf701088bf00040000401088bf9d
:106b0000701088bf80000000501088bf801088bfc0
:106b100020000000501088bf801088bf00080000cf
:106b2000501088bf801088bf00010000401088bf4f
:106b3000701088bf02000000401088bf701088bf2e
:106b400004000000501088bf801088bf04000000bf
:106b5000401088bf701088bf08000000401088bf38
:106b6000701088bf10000000401088bf701088bff0
:106b700000400000401088bf701088bf0000000176
:106b8000401088bf701088bf00800000401088bf90
:106b9000701088bf00000100401088bf701088bfcf
:106ba00000000200401088bf701088bf0000040081
:106bb000401088bf701088bf00000800401088bfd8
:106bc000701088bf00001000401088bf701088bf90
:106bd00000002000401088bf701088bf00004000f7
:106be000401088bf701088bf00008000401088bf30
:106bf000701088bf00000002401088bf701088bf6e
:106c000000000004401088bf701088bf000000081a
:106c1000401088bf701088bf000000100000000006
:106c2000005e80bf005a80bf005880bf005c80bffc
:106c3000603088bf006088bf0000000000000000d6
:106c4000406088bfffff0000609080bf806088bf09
:106c50000000000000000000c06088bf00000000cd
:106c600000000000006188bf00000000000000007c
:106c7000406188bf0000000000000000806188bf04
:106c80000000000000000000006080bf006880bfbe
:106c9000006480bf006280bf006a80bf006680bf62
:106ca000005380bf005480bf005080bf005180bfa0
:046cb000005280bf4f
:020000040000fa
:020000041d02db
:106cb4000c00000000000000010001041f0c1d0076
:106cc4000c000000140000002cfd019d7c04000059
:106cd4001c00000024000000a801029d8c04000098
:106ce400400000152138a0002b10a6005c00000015
:020000040000fa
:020000041d02db
:106cf4000000000000000000ddadeaff79000000a4
:106d0400b9ddaaff7a00000030c170bf7b0000002b
:106d1400d5d4adfe7b0000004677b79e7c00000012
:106d24005edacbbd7c00000095ba86dc7c000000f6
:106d3400c9afdbfa7c00000018ad5f8c7d00000059
:106d4400b8b9139b7d000000cb6c85a97d000000c1
:106d54000fcab0b77d000000ca6992c57d0000006b
:106d64001e7627d37d0000004aa66de07d0000005a
:106d74002b3863ed7d0000005be806fa7d0000001f
:106d8400a7f42b837e000000e0ec2a897e0000003b
:106d94005f5d008f7e000000c972ac947e0000002d
:106da400e6802f9a7e000000c5fd899f7e000000ca
:106db400197dbca47e000000dcabc7a97e000000e6
:106dc400394cacae7e000000c9316bb37e000000cc
:106dd4002c3e05b87e000000eb5d7bbc7e0000000d
:106de400b985cec07e000000fbafffc47e0000006a
:106df40003b200007fef0600fc6745001f26d8029f
:106e040057abaa2a53000080777606005315110168
:106e1400245755156e000080b4ce00007d862d00e9
:106e240037585505890000404400008001000000e7
:106e340007941d17d864ac2a89000080f81772b132
:106e44007e0000008a104b937e000000d150a4f015
:106e54007d000000dfd1d7bf7d0000008a104b9376
:106e64007d000000e4699fd47c0000001174bc889c
:106e74007c000000adc52c847b00000000000000f5
:106e840000000000713b38f17b0000003dbe7fe450
:106e94007c000000115e0ca37d000000661f99cfea
:106ea4007d000000fd7a94f87d000000f4fa428f22
:106eb4007e000000427feca07e0000005007050029
:106ec40027bd2b008f243b01b3c41a071bc0bf1e70
:086ed400450cb9584200008092
:020000040000fa
:020000041d02db
:106edc0000b4c40401000000140000000100000014
:106eec00ffffffff01000000100200a0203280bf56
:106efc000200000002020000e1000201015000004b
:106f0c0001000000010000000000fa450200000032
:00000001FF
